gene_id	gene_symbol	gene_length	S01	S02	S03	S04	S05	S06	S07	S08	S09	S10	S11	S12	S13	S14	S15	S16
ENSG00000000001	DNMT278	1740	46	19	25	5	57	55	10	51	23	10	12	12	27	3	9	39
ENSG00000000002	TIMM734	1545	9	10	12	0	3	5	1	4	4	4	16	13	3	1	5	0
ENSG00000000003	DYNC643	1645	1	2	6	0	5	1	3	3	26	3	7	1	2	3	4	1
ENSG00000000004	USP755	1213	5	0	4	3	0	5	3	20	1	4	15	5	8	12	12	9
ENSG00000000005	GABR130	1326	12	9	21	12	16	3	2	8	14	12	35	12	16	5	14	5
ENSG00000000006	DNMT654	3133	46	25	43	48	36	48	97	77	53	55	18	42	32	51	60	36
ENSG00000000007	FBXO780	1723	41	27	87	21	134	67	162	234	72	47	37	48	135	105	149	190
ENSG00000000008	GRIN121	412	1	1	0	1	1	0	2	1	3	0	1	0	0	0	1	1
ENSG00000000009	FBXO194	2783	49	26	2	36	25	30	16	29	19	9	35	35	15	24	26	9
ENSG00000000010	GRIN456	1891	0	0	0	1	0	0	0	0	1	0	0	0	0	0	0	0
ENSG00000000011	PPP2R421	2013	2	1	2	3	0	5	1	0	0	2	1	0	0	2	0	0
ENSG00000000012	DNMT260	1313	185	168	208	75	443	226	846	250	221	200	115	348	365	305	633	392
ENSG00000000013	HDAC271	1774	547	470	392	597	203	371	855	421	857	352	836	461	313	171	451	192
ENSG00000000014	KRT380	2337	768	1228	774	508	645	402	702	366	1029	793	592	942	524	637	387	591
ENSG00000000015	GABR136	1061	6	3	3	1	3	2	0	0	2	5	0	1	0	1	4	4
ENSG00000000016	GABR654	1732	532	552	307	337	592	425	397	714	278	377	568	214	450	491	855	704
ENSG00000000017	USP23	3941	56	65	88	34	23	24	28	13	165	30	31	110	29	29	14	13
ENSG00000000018	RAB11FIP69	1758	0	12	0	1	13	16	6	0	0	2	14	6	5	4	4	8
ENSG00000000019	GATA3	1803	22	27	45	21	4	20	47	21	6	5	7	4	19	13	4	19
ENSG00000000020	MRPS449	5146	109	57	16	54	79	57	53	31	60	89	128	165	81	58	36	40
ENSG00000000021	RAB11FIP187	3192	5	4	4	0	0	1	0	1	2	0	0	0	2	2	0	0
ENSG00000000022	SPTB760	2589	132	114	142	84	136	60	220	58	172	84	55	242	68	88	49	114
ENSG00000000023	H2AF542	3655	2	7	20	1	6	12	20	3	14	0	6	3	16	20	0	5
ENSG00000000024	SUZ321	2075	148	61	96	75	31	48	33	50	78	24	119	84	36	58	19	82
ENSG00000000025	TRIM56	2476	0	0	2	2	10	0	0	0	1	0	1	2	1	0	1	1
ENSG00000000026	CACN47	3616	57	18	40	21	11	79	44	61	28	35	16	2	24	20	37	50
ENSG00000000027	PLC858	2904	37	15	7	60	20	12	25	23	32	17	21	54	12	18	19	26
ENSG00000000028	RPL476	3746	2395	1828	1766	1553	3872	4810	5799	7033	2457	1835	3137	1931	3634	4042	4423	6611
ENSG00000000029	PPP2R825	1795	16	58	51	64	98	116	87	57	47	69	35	65	121	37	42	115
ENSG00000000030	ZNF424	1781	16	20	9	24	29	72	50	12	41	18	12	21	31	31	79	115
ENSG00000000031	SEC86	3140	1	0	0	0	0	2	0	0	1	0	0	0	0	1	0	0
ENSG00000000032	TRIM620	3981	12	33	37	0	1	3	1	6	39	48	33	14	3	2	3	1
ENSG00000000033	PPP1R676	1065	149	160	256	451	404	350	257	242	504	223	146	156	143	224	259	382
ENSG00000000034	DNMT385	3402	6	8	25	12	21	3	3	7	42	27	41	13	7	8	3	6
ENSG00000000035	VCL761	4258	21	11	63	16	24	83	49	24	34	18	24	44	14	30	37	37
ENSG00000000036	ANK268	657	1	1	2	0	10	34	21	10	3	13	5	2	2	12	8	15
ENSG00000000037	ABC647	979	1630	1562	1580	1548	886	1641	1642	1392	2064	1066	1403	1434	1643	1364	1146	1583
ENSG00000000038	UGT374	2631	37	9	5	19	75	8	29	34	18	1	19	58	14	12	5	34
ENSG00000000039	ARID178	1962	376	265	392	679	158	343	459	318	423	241	513	233	479	587	317	313
ENSG00000000040	GRIN342	1952	28	26	45	51	295	227	88	318	120	38	46	40	253	242	98	170
ENSG00000000041	CDH1	3283	7	2	8	15	2	1	9	0	19	9	10	10	8	0	16	0
ENSG00000000042	KIF221	2335	296	235	307	226	113	168	270	152	205	275	280	312	200	224	142	372
ENSG00000000043	CUL463	7277	97	31	51	19	105	172	107	69	68	13	16	75	73	48	76	139
ENSG00000000044	ARF658	2396	49	119	49	86	48	9	38	52	83	98	87	63	38	30	26	15
ENSG00000000045	DNMT442	984	13	25	13	46	17	14	14	16	26	9	32	14	4	13	10	9
ENSG00000000046	RAB598	903	9	18	22	14	11	158	53	65	34	9	24	8	43	65	69	63
ENSG00000000047	TMEM716	1230	20	14	21	6	12	30	23	27	5	33	30	6	27	68	29	57
ENSG00000000048	DYNC505	2153	40	84	28	44	66	64	58	59	25	96	55	74	29	45	62	72
ENSG00000000049	PXN846	835	157	153	78	171	132	479	321	264	164	129	109	108	304	208	195	365
ENSG00000000050	DUSP547	851	24	14	6	4	0	5	3	2	11	20	3	10	3	5	3	5
ENSG00000000051	CDC222	1178	1	5	3	20	4	0	9	2	1	0	24	6	2	1	1	2
ENSG00000000052	GRIN746	1757	8	15	14	5	21	14	11	8	1	4	13	9	20	10	1	8
ENSG00000000053	SMARC85	739	74	47	65	96	57	28	59	26	108	105	62	122	42	28	35	44
ENSG00000000054	OR281	1472	0	2	0	0	0	1	0	0	0	0	0	0	0	0	0	1
ENSG00000000055	CACN39	2901	0	2	1	2	1	1	2	1	2	2	2	0	0	0	4	1
ENSG00000000056	FBXO756	966	15	31	9	26	32	40	18	27	84	6	18	29	40	15	23	43
ENSG00000000057	ARID286	1487	274	124	393	368	77	253	195	179	258	259	245	296	136	77	82	186
ENSG00000000058	UGT418	1776	40	76	54	70	124	139	180	90	88	29	72	40	66	96	28	178
ENSG00000000059	CDC735	2208	7	3	31	32	24	28	8	15	10	33	25	31	32	15	5	14
ENSG00000000060	RPS347	2787	2	4	3	2	8	17	3	4	15	2	0	5	1	4	4	7
ENSG00000000061	TUBB643	6476	70	77	122	106	25	47	51	20	68	136	89	89	54	25	26	42
ENSG00000000062	EIF120	1596	163	303	174	258	522	744	978	696	70	61	69	60	164	253	237	235
ENSG00000000063	MRPS875	2279	163	71	71	119	80	147	73	85	73	248	56	45	81	32	26	191
ENSG00000000064	SEC767	2684	3	3	24	15	12	12	18	9	11	3	13	22	8	10	15	18
ENSG00000000065	PXN22	4546	50	56	39	53	6	3	3	8	14	58	27	14	13	2	4	28
ENSG00000000066	ARID317	979	193	277	271	265	69	99	170	77	120	178	127	218	52	100	215	119
ENSG00000000067	HDAC729	707	16	1	8	28	8	29	21	54	2	16	22	29	26	5	112	33
ENSG00000000068	SEC354	2146	36	36	58	10	36	89	83	42	96	61	17	9	67	20	62	88
ENSG00000000069	COL21	1886	2208	3271	3251	2852	3654	3478	2159	2960	3833	3467	2152	3213	3793	5337	4702	3218
ENSG00000000070	CYP159	2188	74	70	84	119	54	91	66	32	46	150	119	72	145	43	126	58
ENSG00000000071	RNF636	1907	16	59	61	42	5	33	28	20	101	29	92	112	24	73	201	99
ENSG00000000072	SUZ500	3153	25	52	23	21	21	53	27	17	37	26	40	34	6	9	20	19
ENSG00000000073	KRT495	2743	70	69	59	46	54	51	28	84	80	72	56	73	68	33	33	55
ENSG00000000074	UGT290	1049	60	50	93	44	150	67	125	49	269	51	141	514	174	239	257	895
ENSG00000000075	RAB692	2081	638	755	1003	673	1472	360	810	567	1036	527	599	550	666	793	1260	1028
ENSG00000000076	CHRM770	6961	144	126	135	139	44	135	72	81	165	106	183	120	49	39	49	36
ENSG00000000077	SEC732	1740	6	4	11	3	4	12	0	2	6	2	2	12	0	3	3	6
ENSG00000000078	EIF91	3450	4	3	11	7	5	3	5	5	7	0	21	13	2	9	18	5
ENSG00000000079	HDAC828	3099	121	154	468	182	342	308	438	419	281	218	149	500	225	322	280	278
ENSG00000000080	MYO434	1341	175	222	134	139	341	264	211	241	338	245	126	264	180	165	210	278
ENSG00000000081	TET194	2020	140	97	86	46	64	85	101	174	174	93	98	85	26	130	36	153
ENSG00000000082	PRKC52	760	325	160	185	112	76	184	272	172	270	157	143	144	145	50	117	141
ENSG00000000083	ABC96	2382	0	0	3	1	1	4	4	4	5	2	0	0	1	3	3	3
ENSG00000000084	HIST1H171	3688	19	5	10	30	27	5	22	21	58	14	17	11	25	25	9	49
ENSG00000000085	GABR61	1745	6	25	40	36	45	23	37	73	34	17	54	77	39	34	35	5
ENSG00000000086	CUL119	799	31	4	19	24	1	9	7	4	12	0	25	4	11	2	5	3
ENSG00000000087	CYP143	2828	69	163	278	209	169	81	164	133	248	153	144	159	158	144	183	238
ENSG00000000088	SIRT505	1578	114	32	47	52	135	71	38	73	477	139	293	323	300	273	384	227
ENSG00000000089	KIF84	1868	98	135	115	125	114	139	224	267	135	144	143	177	134	197	149	163
ENSG00000000090	RAB264	2935	614	394	969	808	677	539	506	635	749	579	549	418	532	429	459	456
ENSG00000000091	SLC238	4296	15	20	22	11	4	13	11	38	12	6	19	7	14	38	7	49
ENSG00000000092	ANK108	1653	197	110	287	468	79	113	180	80	301	192	202	277	168	102	123	110
ENSG00000000093	ANAPC121	1492	8	5	12	0	4	0	2	2	9	3	43	5	0	13	4	3
ENSG00000000094	TUBB861	1558	1	46	37	23	48	20	35	16	5	22	20	11	48	46	27	13
ENSG00000000095	BRD275	1293	20	29	51	113	87	38	39	76	102	145	68	149	70	71	65	65
ENSG00000000096	EZH636	2672	866	612	555	566	553	429	1152	832	585	529	297	650	474	673	470	917
ENSG00000000097	KIF220	2281	7	21	6	30	45	0	27	11	19	12	39	31	18	12	8	7
ENSG00000000098	RAB11FIP674	8028	30	14	32	16	14	19	40	43	16	15	10	39	3	19	10	3
ENSG00000000099	PPP2R445	2445	31	5	73	28	53	42	21	13	28	35	0	11	49	39	61	19
ENSG00000000100	RNF711	2442	34	10	78	119	103	244	162	271	43	45	79	91	133	121	65	140
ENSG00000000101	ADAM24	3365	16	2	7	4	5	3	6	12	5	10	6	38	4	9	17	3
ENSG00000000102	MRPL211	2357	61	21	110	75	62	63	88	88	45	61	48	51	58	46	18	31
ENSG00000000103	TET674	2015	49	13	60	68	64	32	37	45	134	33	55	50	55	39	61	60
ENSG00000000104	CHRM444	2014	0	1	1	0	0	0	0	2	1	0	0	0	0	0	0	0
ENSG00000000105	EIF472	2418	2	9	28	0	89	11	18	21	16	16	21	14	6	3	11	30
ENSG00000000106	HIST1H896	1079	723	1309	1481	890	668	577	412	801	1269	1276	392	780	307	459	456	517
ENSG00000000107	ARID635	2423	881	697	920	418	311	375	368	229	817	938	665	392	120	243	315	219
ENSG00000000108	TIMM230	1012	55	26	74	56	45	57	74	67	27	97	98	15	34	49	51	97
ENSG00000000109	ABC712	1024	1	0	7	1	0	2	21	6	4	2	4	0	0	2	0	10
ENSG00000000110	TUBB820	764	6	13	14	7	12	7	4	16	41	2	1	7	11	27	7	10
ENSG00000000111	GRIN336	1188	1056	803	1255	983	936	1582	2025	1069	1278	806	869	1714	1658	2376	1361	2398
ENSG00000000112	MYO215	1286	7	15	4	1	4	6	0	18	5	13	6	19	8	9	7	16
ENSG00000000113	ADRB857	1244	115	68	62	99	58	75	32	17	60	54	16	26	44	63	49	62
ENSG00000000114	ABC30	3489	566	302	291	358	253	205	390	299	1063	388	309	454	189	100	211	224
ENSG00000000115	ACTN22	1654	35	25	58	54	36	14	77	1	24	35	31	33	51	38	16	57
ENSG00000000116	CCNB307	1826	1138	1110	1682	1571	344	362	399	309	1685	891	1100	898	416	458	352	399
ENSG00000000117	TWIST1	1432	81	53	40	41	19	22	44	25	576	355	243	333	567	136	349	514
ENSG00000000118	PPP2R1	5255	14	18	32	24	28	61	58	16	35	16	23	15	54	22	36	41
ENSG00000000119	RAB11FIP96	2987	43	20	2	2	11	12	95	20	7	13	37	15	5	6	43	30
ENSG00000000120	SPTB777	1527	347	116	263	216	111	122	172	106	459	300	179	102	181	91	67	67
ENSG00000000121	DNMT130	2043	669	616	853	715	159	172	68	173	1350	385	444	592	124	150	131	226
ENSG00000000122	HTR47	2162	1198	905	1034	563	415	368	845	401	695	545	415	643	1306	501	537	889
ENSG00000000123	CDC730	3027	4	0	5	22	28	14	2	17	13	5	1	1	15	5	15	2
ENSG00000000124	BRD617	1584	1075	1137	644	531	598	473	314	198	571	341	721	1018	343	236	312	392
ENSG00000000125	PLC398	4930	6	0	11	1	4	10	5	16	4	0	4	5	1	5	0	29
ENSG00000000126	CACN205	1602	81	88	75	120	188	165	196	126	81	74	38	45	85	193	297	228
ENSG00000000127	CYP745	673	13	9	12	4	6	4	5	3	3	27	14	3	2	0	7	2
ENSG00000000128	H2AF321	3306	19	11	28	42	38	14	23	13	36	42	22	35	20	21	18	19
ENSG00000000129	TRIM266	1038	73	173	180	117	103	143	137	153	272	83	74	86	249	241	143	160
ENSG00000000130	CHRM632	1192	4	2	3	4	3	0	1	2	2	3	1	12	2	2	2	1
ENSG00000000131	TLN571	3646	0	0	2	2	0	0	0	1	1	1	4	1	0	0	1	0
ENSG00000000132	ANAPC709	2475	75	123	133	111	63	80	137	56	112	240	147	117	75	87	82	198
ENSG00000000133	UBE2859	1595	32	5	23	9	10	7	9	7	4	14	31	15	5	2	2	4
ENSG00000000134	ZNF426	2598	27	2	12	12	11	16	14	14	44	4	17	3	4	16	10	21
ENSG00000000135	OR781	1077	0	0	0	0	0	0	0	0	0	0	0	0	0	0	0	0
ENSG00000000136	PXN717	776	470	418	255	836	1067	1320	858	610	1036	947	891	605	1285	655	775	873
ENSG00000000137	KMT2856	16562	67	30	30	61	13	3	12	5	58	39	25	12	12	7	5	11
ENSG00000000138	SPTB396	1505	48	37	30	44	40	28	19	31	29	20	44	26	42	69	40	62
ENSG00000000139	ADAM88	1099	29	91	157	66	268	138	175	170	20	69	120	34	65	115	99	110
ENSG00000000140	KRT11	16106	98	33	21	54	8	4	3	21	24	28	21	25	24	5	12	17
ENSG00000000141	FBXO589	1352	58	26	18	55	69	35	9	90	41	53	14	31	42	17	20	74
ENSG00000000142	DNMT272	5321	27	2	12	2	3	21	12	9	13	7	4	3	21	27	30	3
ENSG00000000143	ATAD65	2842	117	70	212	108	86	293	817	350	176	121	95	172	609	355	432	578
ENSG00000000144	TOMM863	1615	217	143	200	147	149	78	103	202	242	252	146	131	23	151	223	298
ENSG00000000145	MAPK614	718	16	9	50	21	2	10	57	7	9	22	17	17	2	8	21	16
ENSG00000000146	ADAM256	3470	0	4	1	8	5	2	3	1	0	4	4	0	1	0	4	4
ENSG00000000147	PXN634	3038	0	12	11	1	6	1	5	3	0	2	1	11	5	5	5	9
ENSG00000000148	ATAD646	2870	46	61	116	28	66	19	55	32	31	40	32	70	12	22	83	148
ENSG00000000149	PPP2R239	2288	5	47	32	12	108	31	155	29	11	18	5	2	19	52	19	28
ENSG00000000150	RHO731	2450	5	5	20	4	15	12	28	2	7	8	17	5	1	6	13	6
ENSG00000000151	DRD287	2017	83	50	30	116	56	100	33	43	140	50	82	63	51	71	58	20
ENSG00000000152	UBE2806	1235	23	17	76	15	15	6	13	14	19	10	29	43	7	10	16	42
ENSG00000000153	PRKC117	2655	17	1	12	11	1	9	1	2	13	7	2	1	1	0	2	0
ENSG00000000154	TRIM616	2274	0	9	26	0	6	21	15	11	19	20	3	6	3	7	40	12
ENSG00000000155	MRPL75	3192	90	62	94	119	107	127	124	150	97	147	71	129	53	121	207	126
ENSG00000000156	MYO210	799	6245	4211	3544	3143	7585	6087	7117	7190	9297	5250	5530	4779	7693	3683	8668	5412
ENSG00000000157	TRIM213	932	134	64	64	104	14	7	63	30	92	40	67	82	32	50	23	51
ENSG00000000158	ARF786	3549	4	5	2	0	15	5	1	3	1	6	9	6	13	11	1	6
ENSG00000000159	RAB552	2436	78	16	11	32	14	48	13	20	64	47	56	33	58	9	31	18
ENSG00000000160	PLC648	1861	17	25	22	45	13	14	60	20	45	14	34	19	22	13	11	22
ENSG00000000161	KIF535	1290	9	58	74	71	36	44	136	149	27	29	11	78	63	22	17	83
ENSG00000000162	CUL743	2658	44	35	55	32	45	83	68	51	11	41	19	23	41	71	147	86
ENSG00000000163	KRT268	1344	0	4	8	18	0	5	0	3	12	0	4	4	4	6	4	5
ENSG00000000164	PLC322	2651	6	8	4	0	0	2	0	2	2	0	1	1	0	1	0	4
ENSG00000000165	DUSP295	3041	39	77	42	30	22	37	50	32	19	59	31	66	36	31	17	18
ENSG00000000166	ANK591	684	26	14	17	11	2	8	7	2	14	11	7	9	0	12	2	10
ENSG00000000167	FBXO782	3743	151	141	70	154	55	120	130	161	200	141	63	68	123	61	79	62
ENSG00000000168	GNA817	2848	20	51	73	20	70	78	211	23	41	33	22	47	95	108	108	213
ENSG00000000169	OR203	1345	1	26	16	13	9	15	8	1	2	2	3	14	20	7	1	8
ENSG00000000170	RPS9	1605	602	605	925	1023	491	544	696	386	788	1050	921	1371	535	372	627	422
ENSG00000000171	CYP95	2910	2	3	0	2	0	0	0	1	2	0	3	3	1	2	0	1
ENSG00000000172	TRIM332	1721	4	15	12	7	7	7	3	10	7	3	1	19	21	7	16	14
ENSG00000000173	DYNC835	1007	95	139	163	50	123	118	104	61	115	109	144	55	66	35	62	130
ENSG00000000174	CCNB746	3119	114	41	102	50	364	106	374	419	26	21	15	23	64	131	55	118
ENSG00000000175	ARID518	2055	383	156	671	295	458	1167	543	802	181	298	321	411	740	512	446	647
ENSG00000000176	EIF668	1258	34	4	6	14	6	5	11	6	6	18	12	12	5	5	8	1
ENSG00000000177	ANK154	1092	32	76	38	17	5	8	7	3	11	18	20	48	21	17	16	22
ENSG00000000178	RPS399	1028	1	1	0	1	1	2	0	0	0	1	0	0	0	0	0	0
ENSG00000000179	VCL884	2236	2	12	18	6	3	0	6	3	7	11	0	8	5	3	8	18
ENSG00000000180	DUSP23	3530	16	23	4	19	4	13	42	4	45	39	25	17	76	14	35	17
ENSG00000000181	PRKC521	1456	66	33	12	19	2	4	6	4	1	23	1	23	9	9	4	4
ENSG00000000182	KIF747	2776	28	22	52	42	19	60	12	21	118	14	40	18	22	69	21	77
ENSG00000000183	GNA145	3415	55	104	101	99	21	105	87	136	75	82	131	74	87	24	76	72
ENSG00000000184	ARF141	985	5255	6860	9632	8597	4754	5272	5372	3511	9619	7582	5468	7173	4075	3443	4602	5161
ENSG00000000185	MYO304	2507	8	6	13	4	9	1	4	0	10	3	5	4	3	1	2	5
ENSG00000000186	BRD796	3156	525	460	480	267	448	947	1027	1005	668	510	630	553	670	791	655	752
ENSG00000000187	CCNB433	5459	136	124	110	94	71	55	146	140	87	96	83	106	29	78	75	242
ENSG00000000188	RNF521	1004	68	112	90	160	159	283	271	83	73	73	31	119	206	9	123	128
ENSG00000000189	RPS829	3092	1	0	7	0	0	0	0	0	0	1	2	0	0	0	0	0
ENSG00000000190	KCN347	2683	41	44	26	81	51	46	46	45	86	122	13	70	62	89	32	71
ENSG00000000191	GABR336	2928	3	7	0	11	8	70	32	12	6	4	18	15	2	8	13	31
ENSG00000000192	SEC164	1302	5	15	7	8	43	6	70	62	14	10	3	3	62	38	74	37
ENSG00000000193	KIF738	1527	24	0	16	12	4	4	29	3	37	15	29	23	36	6	12	6
ENSG00000000194	SKP801	853	30	9	12	7	7	20	26	16	47	9	37	32	9	13	13	28
ENSG00000000195	SCN317	2250	2	2	39	18	12	14	14	0	22	37	26	8	21	3	14	14
ENSG00000000196	MYO138	2338	23	3	1	28	11	1	26	7	2	8	40	65	24	29	20	18
ENSG00000000197	VPS325	1998	89	116	68	93	101	161	115	128	297	206	112	294	267	57	28	158
ENSG00000000198	SCN600	1001	14	8	48	4	18	4	0	6	9	1	8	1	16	9	3	11
ENSG00000000199	DUSP434	2175	111	31	30	46	28	44	22	15	169	34	68	82	40	20	24	68
ENSG00000000200	KDM332	1917	251	275	162	158	135	132	350	192	216	182	122	168	195	176	220	174
ENSG00000000201	ADRB72	3786	438	734	293	269	932	938	997	619	591	332	281	336	1386	1109	1598	726
ENSG00000000202	UGT786	5542	189	175	230	360	166	142	69	119	394	185	292	409	68	110	149	108
ENSG00000000203	TMEM169	1876	17	12	16	17	0	22	8	18	0	8	20	14	18	28	6	6
ENSG00000000204	RNF188	1723	47	9	22	20	13	16	8	36	8	49	52	25	27	8	12	22
ENSG00000000205	USP76	2690	100	44	26	33	1	34	12	11	28	63	14	59	25	21	35	53
ENSG00000000206	TRIM30	2099	1568	1230	3847	875	1165	1258	494	786	1716	2131	1303	1416	590	775	618	1308
ENSG00000000207	RAB807	1145	29	66	169	37	9	44	87	32	16	12	15	10	12	3	15	9
ENSG00000000208	RNF373	3740	10	13	51	12	34	15	15	31	27	18	3	22	11	45	39	24
ENSG00000000209	NLRP3	1563	96	90	75	92	62	71	93	94	674	323	362	475	398	358	477	916
ENSG00000000210	DHX158	2116	35	18	19	59	65	5	83	128	19	30	23	24	109	47	83	136
ENSG00000000211	MMP214	1299	224	61	130	39	12	30	52	13	82	38	118	158	19	23	34	36
ENSG00000000212	ANAPC246	2151	2	0	4	4	2	1	5	4	7	4	3	11	2	0	2	1
ENSG00000000213	ADRB842	2302	0	0	10	11	3	8	14	5	1	3	1	4	3	2	22	5
ENSG00000000214	BRCA1	1991	17	44	68	91	11	29	35	37	25	7	7	17	1	7	9	6
ENSG00000000215	TET70	2224	14	20	16	6	10	21	72	10	3	1	10	4	57	10	9	18
ENSG00000000216	SNX222	997	2	14	16	0	1	1	4	4	18	2	0	11	4	5	6	10
ENSG00000000217	KMT2691	1529	38	265	61	175	45	99	21	54	154	114	80	100	23	37	72	33
ENSG00000000218	CDKN2A	6464	10	2	25	1	5	0	18	7	5	10	13	2	32	2	4	3
ENSG00000000219	PLC723	3629	7	38	29	17	19	16	52	4	15	29	16	17	24	12	10	13
ENSG00000000220	ARF711	1791	76	14	116	77	112	120	85	148	53	57	56	58	115	306	70	58
ENSG00000000221	PPP2R36	764	2148	1111	4011	2136	2673	3165	2546	2731	2301	2202	2105	1692	2641	2789	2887	3125
ENSG00000000222	SEC615	2329	59	26	18	23	44	21	13	15	99	30	17	26	18	14	8	13
ENSG00000000223	TMEM259	1902	3	1	4	2	8	4	7	0	6	6	0	6	4	1	3	2
ENSG00000000224	HIST1H330	1194	11	10	6	14	12	5	0	0	1	3	4	8	0	0	4	0
ENSG00000000225	ADAM372	1938	0	3	13	24	32	4	11	9	22	51	46	21	36	17	9	55
ENSG00000000226	ANAPC229	1396	218	118	180	145	239	289	365	159	121	220	140	87	437	178	259	428
ENSG00000000227	GABR814	1940	3	0	2	15	23	49	72	6	26	3	18	5	31	28	46	21
ENSG00000000228	KMT2477	1816	0	0	2	4	0	0	0	0	1	1	0	3	0	0	1	0
ENSG00000000229	RPL621	5678	1943	2968	2617	1298	1605	2316	3135	4023	647	782	229	665	847	511	1244	667
ENSG00000000230	TOMM292	1830	647	361	711	308	511	1141	852	758	512	158	544	406	1257	1185	772	927
ENSG00000000231	CDC83	1915	603	409	384	499	777	725	732	762	301	411	228	235	601	507	366	1243
ENSG00000000232	KDM642	1526	0	0	0	2	0	0	1	2	1	0	0	0	0	1	0	3
ENSG00000000233	COL515	893	0	3	5	17	9	13	41	0	12	19	5	6	1	13	5	5
ENSG00000000234	PPP2R227	3347	6	2	3	7	1	0	1	2	0	2	5	1	4	13	4	7
ENSG00000000235	PLC743	1159	28	78	57	23	12	40	128	12	67	92	38	50	15	49	78	29
ENSG00000000236	PPP2R721	984	51	63	38	12	58	105	41	92	60	12	34	45	9	58	159	184
ENSG00000000237	FBXO293	359	4377	2783	4282	3360	4418	6423	6920	6642	3082	2560	3482	3596	7752	5065	10045	3572
ENSG00000000238	VPS401	2534	1	5	30	14	0	1	4	13	1	8	0	8	6	0	7	4
ENSG00000000239	MAPK713	9303	581	625	577	378	580	561	558	457	518	523	216	310	595	299	397	576
ENSG00000000240	SNX860	2865	13	9	2	2	4	5	12	3	15	5	2	0	0	9	6	8
ENSG00000000241	PXN453	1353	69	142	183	221	36	93	100	54	208	102	187	165	32	59	51	58
ENSG00000000242	GNA659	1442	1106	502	275	1045	890	448	954	587	863	255	730	715	639	443	508	713
ENSG00000000243	COL341	3651	1	0	20	4	12	6	7	24	0	14	5	2	2	4	6	0
ENSG00000000244	ATAD79	6498	30	58	63	18	75	49	24	40	7	7	17	34	42	34	29	35
ENSG00000000245	TOMM503	1875	7	16	45	9	14	15	3	10	4	4	15	10	15	24	9	23
ENSG00000000246	RPS736	940	108	48	118	29	45	70	72	75	35	98	64	110	47	34	14	3
ENSG00000000247	GRIN753	1302	20	10	35	7	156	46	19	35	13	19	15	23	18	34	86	19
ENSG00000000248	ATAD158	1680	58	8	18	17	43	36	19	23	55	11	25	16	32	44	5	13
ENSG00000000249	GRIN309	3683	0	1	0	0	0	2	0	0	0	0	0	1	0	0	0	0
ENSG00000000250	RPL10	1467	9155	12690	11807	5956	6472	10074	14830	6775	14883	8932	7204	13434	19429	9714	10635	13410
ENSG00000000251	PRKC481	865	210	265	172	169	68	136	127	83	172	60	207	193	98	61	116	75
ENSG00000000252	SLC807	7481	18	25	64	45	67	77	19	248	66	77	43	53	32	105	69	67
ENSG00000000253	GNA598	4484	308	322	156	198	305	254	565	395	153	227	144	127	260	317	276	121
ENSG00000000254	MYO621	3433	0	9	10	0	2	2	16	31	16	6	2	15	2	2	19	3
ENSG00000000255	MAPK386	2985	56	76	119	49	89	120	51	49	95	36	124	130	69	20	76	107
ENSG00000000256	BID	3878	56	42	65	50	28	27	27	26	502	176	135	386	178	238	119	234
ENSG00000000257	CCNB138	1394	0	0	0	0	1	0	0	1	0	0	1	0	1	0	0	0
ENSG00000000258	SIRT389	10024	17	24	14	24	9	5	8	3	19	45	17	12	3	1	7	5
ENSG00000000259	GNA76	1447	69	258	247	272	188	315	479	201	248	307	202	302	320	319	296	286
ENSG00000000260	TIMM841	774	416	140	258	111	210	236	353	151	216	185	80	301	94	108	151	129
ENSG00000000261	HDAC345	1732	0	16	4	4	2	2	0	0	12	9	3	3	0	2	2	2
ENSG00000000262	EZH84	1064	30	36	38	41	23	161	19	11	32	12	7	18	58	45	8	105
ENSG00000000263	KMT2336	1409	179	536	311	811	139	238	191	87	1097	352	388	642	125	92	134	156
ENSG00000000264	RPS698	2165	3	17	9	25	12	16	7	21	32	31	17	14	12	8	1	8
ENSG00000000265	RNF768	1689	496	474	557	867	200	79	514	459	1049	591	291	801	270	261	393	369
ENSG00000000266	KRT730	1265	1	4	11	10	3	2	0	1	33	12	0	0	0	2	6	5
ENSG00000000267	KIF281	3037	43	81	82	51	33	101	126	20	53	26	74	73	63	66	121	22
ENSG00000000268	PALB2	1199	292	110	281	156	130	166	102	142	40	62	52	51	35	28	47	75
ENSG00000000269	SNX24	1458	53	30	9	41	27	73	143	58	13	36	20	75	140	44	78	33
ENSG00000000270	ANK332	2705	18	51	5	11	99	30	33	21	15	23	10	38	89	82	39	108
ENSG00000000271	VCL360	3667	212	66	169	194	88	150	150	57	217	138	203	239	367	61	87	176
ENSG00000000272	TRIM434	1696	6	2	1	11	1	5	5	2	2	1	14	1	2	3	2	8
ENSG00000000273	FZD7	1721	66	26	22	23	11	35	22	5	38	55	21	33	18	14	12	16
ENSG00000000274	EZH51	1997	81	48	81	28	69	47	80	92	26	72	25	26	100	11	57	51
ENSG00000000275	SCN251	1474	58	40	27	24	12	2	18	25	65	57	74	21	3	39	20	33
ENSG00000000276	PTCH1	965	38	7	14	35	10	119	55	5	58	5	38	46	52	23	12	47
ENSG00000000277	TRIM364	9856	1	5	9	2	29	29	28	11	28	52	2	20	12	7	9	31
ENSG00000000278	DDX154	9226	25	26	17	20	186	32	163	61	44	26	4	30	17	218	51	27
ENSG00000000279	SLC696	907	4	4	2	6	5	3	4	1	14	0	14	19	14	3	0	7
ENSG00000000280	TRIM685	719	6	17	12	7	15	33	1	24	10	5	14	12	12	38	9	33
ENSG00000000281	BRD707	1196	14	22	9	18	2	3	8	0	26	14	26	8	5	3	1	18
ENSG00000000282	ABC59	6188	33	21	45	38	19	46	83	12	59	24	22	35	19	43	55	28
ENSG00000000283	ATAD163	4464	3	0	0	1	2	0	2	0	3	2	1	3	0	0	1	1
ENSG00000000284	DYNC780	1936	587	134	244	82	277	152	378	295	261	238	221	384	438	251	306	380
ENSG00000000285	PRKC210	1558	27	81	23	54	77	33	69	58	32	34	25	19	13	101	40	40
ENSG00000000286	KIF757	1228	63	91	54	70	64	37	16	69	98	21	66	37	121	127	217	171
ENSG00000000287	ANK441	3152	6	9	7	1	0	0	2	0	16	17	3	12	3	0	3	7
ENSG00000000288	DRD6	1711	2	4	9	4	1	1	13	1	4	3	8	14	2	3	0	6
ENSG00000000289	RPL398	2647	105	69	41	44	17	55	80	54	55	11	79	50	76	56	55	51
ENSG00000000290	PPP2R767	2927	417	828	689	778	761	764	460	643	1764	926	773	513	919	773	866	788
ENSG00000000291	SPTB867	3058	11	14	20	0	10	5	20	9	8	9	6	22	20	34	29	22
ENSG00000000292	SLC639	1710	1194	2617	2266	2249	1726	2387	1995	1835	1282	1390	1962	2411	1099	908	1358	3200
ENSG00000000293	TET290	2809	28	13	44	40	11	26	23	21	177	134	63	243	149	35	128	151
ENSG00000000294	ADRB887	1928	17	21	4	23	17	33	13	25	24	15	15	4	21	8	13	25
ENSG00000000295	PXN69	3959	43	86	44	44	18	40	41	27	68	62	62	64	12	34	31	62
ENSG00000000296	ANAPC653	2152	246	159	157	116	57	106	40	73	112	126	60	104	82	40	38	92
ENSG00000000297	SKP13	2072	1	10	4	3	0	3	3	4	6	0	1	13	0	1	0	7
ENSG00000000298	MRPS618	1444	9	1	6	9	3	8	4	2	16	9	0	23	7	6	4	0
ENSG00000000299	ZNF52	2452	1204	885	1972	863	2160	3208	3534	2938	2097	1097	945	1574	4375	4047	4801	4277
ENSG00000000300	SCN138	1928	314	232	218	204	226	305	653	565	193	185	98	100	128	118	101	51
ENSG00000000301	KIF110	863	37	27	52	53	31	96	37	27	91	19	79	141	70	82	80	15
ENSG00000000302	FBXO845	1190	18	25	24	27	2	5	6	6	4	44	10	53	20	14	19	21
ENSG00000000303	PPP1R839	1563	213	99	110	211	210	170	426	75	243	113	155	95	77	247	201	153
ENSG00000000304	OR798	906	142	67	45	50	80	123	100	51	129	36	76	77	79	86	175	116
ENSG00000000305	SCN870	1798	219	94	61	93	121	111	84	155	141	125	94	67	110	74	68	144
ENSG00000000306	HTR214	941	872	746	555	769	276	491	779	519	918	785	880	655	490	483	437	694
ENSG00000000307	RPS854	1494	162	201	148	197	161	214	190	92	87	54	173	137	175	220	161	263
ENSG00000000308	SUZ4	1326	28	5	11	26	3	1	7	0	30	0	5	17	2	19	26	9
ENSG00000000309	ANAPC228	5706	23	27	50	7	19	29	39	31	31	34	23	37	36	14	7	11
ENSG00000000310	VCL821	2254	113	38	31	53	58	45	116	38	100	299	222	208	132	198	53	246
ENSG00000000311	BRD193	4343	8535	7055	10926	6854	2905	3863	6452	6527	14788	9925	4612	9999	7071	3290	5632	8162
ENSG00000000312	SUZ848	2049	0	0	4	6	0	0	2	0	4	2	1	4	0	1	1	2
ENSG00000000313	DRD171	2272	177	74	121	142	193	60	479	193	299	66	85	70	187	252	150	176
ENSG00000000314	ZNF857	772	10	2	3	8	8	27	5	12	15	3	7	18	10	12	29	16
ENSG00000000315	RPS794	1225	40	94	57	76	26	66	64	49	137	54	83	51	38	44	115	36
ENSG00000000316	HDAC865	1485	1	9	12	11	2	3	1	1	20	9	6	4	8	4	7	7
ENSG00000000317	SPTB624	1316	125	129	197	52	135	235	271	285	200	123	127	103	126	192	226	457
ENSG00000000318	ZNF307	1748	0	2	2	0	0	0	2	1	0	0	1	2	1	0	1	3
ENSG00000000319	COPB876	1431	8	23	23	19	16	13	52	36	24	56	75	20	15	38	18	19
ENSG00000000320	CDC660	2480	11	6	4	46	5	3	18	11	12	13	3	11	7	40	1	30
ENSG00000000321	RAB829	2471	8	14	38	26	1	8	1	8	12	8	40	0	8	1	4	15
ENSG00000000322	ANAPC565	3338	146	125	287	219	71	62	180	129	127	337	89	195	147	243	75	223
ENSG00000000323	SPTB623	3772	429	179	197	411	331	632	437	670	474	215	217	117	695	311	710	702
ENSG00000000324	SLC615	924	9	3	16	9	1	0	2	5	19	1	9	8	2	1	8	0
ENSG00000000325	CYP820	861	67	14	60	32	59	55	47	34	25	29	12	53	49	28	34	54
ENSG00000000326	KCN762	1060	191	98	59	139	171	103	59	109	247	67	34	123	114	87	62	76
ENSG00000000327	GRIN264	1823	95	83	214	203	51	27	55	38	117	146	186	335	37	42	28	55
ENSG00000000328	RPL737	486	13	20	10	18	13	5	16	12	3	7	5	9	4	1	19	46
ENSG00000000329	ADRB388	909	68	46	60	23	60	52	34	96	52	44	30	25	113	36	86	76
ENSG00000000330	PRKC588	3168	0	12	11	8	23	12	9	8	12	27	5	2	48	44	15	2
ENSG00000000331	DUSP40	2022	742	503	458	614	608	458	533	498	635	476	684	459	435	586	579	317
ENSG00000000332	FBXO538	1336	50	38	23	5	34	86	52	84	85	56	48	48	61	74	47	158
ENSG00000000333	COPB887	2786	1	7	25	4	41	27	34	30	12	2	16	41	18	13	18	42
ENSG00000000334	MLH1	1245	1	1	0	2	1	0	0	1	3	2	1	0	0	2	1	0
ENSG00000000335	TIMM563	1642	1106	1233	1596	1231	803	1041	1945	1584	1687	1125	1042	773	1404	1197	1239	2255
ENSG00000000336	DDX846	3819	9	2	17	9	1	5	2	14	1	5	21	12	10	4	9	4
ENSG00000000337	SEC304	2828	6	6	1	0	5	3	4	0	1	0	0	2	3	2	0	0
ENSG00000000338	HDAC84	2733	36	78	63	55	14	14	15	6	16	29	31	28	4	3	10	24
ENSG00000000339	UBE2734	1139	44	65	72	11	15	2	14	17	170	157	52	67	29	8	21	54
ENSG00000000340	ADRB561	770	297	141	351	355	788	722	1161	281	464	293	283	301	714	396	671	829
ENSG00000000341	RNF822	2940	85	12	29	38	15	77	142	22	51	8	36	54	29	44	50	87
ENSG00000000342	SPTB219	1001	2556	2909	1840	2300	2454	4668	4102	2382	1548	3454	2909	2453	1607	2046	2109	3241
ENSG00000000343	TMEM100	1403	129	130	312	220	89	171	90	93	299	70	150	164	125	90	131	171
ENSG00000000344	MRPL402	1680	8	9	4	2	17	0	18	18	15	6	9	0	5	3	10	22
ENSG00000000345	VPS729	1799	32	53	53	40	112	294	377	370	64	86	121	59	109	241	342	333
ENSG00000000346	VPS453	1921	1854	2167	3270	1599	3032	3059	3368	3092	1325	2133	2161	1389	3188	1407	2916	1874
ENSG00000000347	VPS545	2706	2	6	4	0	1	2	4	1	2	0	9	3	0	2	2	3
ENSG00000000348	KDR	1943	21	19	29	25	26	34	12	10	4	6	5	5	3	11	3	13
ENSG00000000349	CASP8	828	269	663	713	295	301	286	398	741	61	151	43	121	47	39	32	84
ENSG00000000350	COPB46	3697	379	486	672	465	588	313	492	409	859	510	394	387	226	306	165	666
ENSG00000000351	TOMM695	3674	1	3	2	0	0	2	0	0	0	0	1	0	0	0	0	1
ENSG00000000352	TOMM106	4924	28	27	52	85	24	43	9	54	72	224	59	119	193	168	256	53
ENSG00000000353	CEBPA	1743	22	105	54	28	4	7	23	4	0	15	4	6	1	5	9	0
ENSG00000000354	ADRB12	3397	99	16	185	38	47	46	20	62	455	432	389	620	268	139	132	234
ENSG00000000355	RAB235	2528	1014	1101	1224	919	508	731	1259	625	1500	1287	825	886	447	358	1072	1098
ENSG00000000356	TMEM687	1646	409	320	429	121	284	378	350	327	417	521	507	206	186	388	140	498
ENSG00000000357	SCN399	1880	632	1079	1068	901	496	752	802	300	674	967	601	935	496	647	649	703
ENSG00000000358	ADAM771	896	11	3	9	14	5	3	18	1	13	2	2	2	6	3	2	3
ENSG00000000359	GNA90	1478	58	75	104	56	30	11	41	12	144	19	23	32	27	50	21	30
ENSG00000000360	HDAC785	2056	1507	1011	2144	1419	2399	3563	3770	971	968	1399	859	1287	2203	1778	2797	1922
ENSG00000000361	KDM605	2344	67	31	77	29	27	43	70	83	123	23	40	58	89	67	60	49
ENSG00000000362	SCN240	2585	5	0	4	6	8	6	0	0	9	1	5	16	27	9	17	2
ENSG00000000363	SMARC175	1234	29	60	20	22	24	13	24	14	50	29	30	10	25	35	14	15
ENSG00000000364	ABC50	2652	5	23	11	3	6	4	0	3	8	9	12	17	5	1	1	7
ENSG00000000365	TRIM590	1884	255	156	173	178	378	518	482	422	130	146	142	271	422	328	522	717
ENSG00000000366	CUL158	4945	27	48	26	14	41	11	18	7	96	36	34	48	11	13	38	31
ENSG00000000367	ADAM410	1242	5451	3255	11624	8155	6391	10868	8639	7433	10146	7296	7993	5667	8710	9214	15058	5727
ENSG00000000368	RPL817	3377	3	0	2	0	0	0	0	0	0	8	1	10	0	0	0	0
ENSG00000000369	EIF211	3688	50	73	106	116	147	173	159	68	218	47	79	106	92	79	76	206
ENSG00000000370	PXN161	3801	40	53	6	28	29	16	22	32	102	23	3	36	22	39	25	18
ENSG00000000371	FOXO3	3497	78	127	136	74	88	93	197	113	1153	1472	964	1299	862	1043	945	872
ENSG00000000372	SIRT632	2631	232	231	300	401	309	389	369	294	774	545	249	453	975	664	399	431
ENSG00000000373	RAB411	892	2	3	0	2	24	4	38	113	32	0	6	8	13	16	35	49
ENSG00000000374	PLC99	2977	361	163	243	124	352	201	369	187	287	247	191	207	269	148	156	162
ENSG00000000375	UGT180	4486	6	10	2	0	12	1	6	3	1	5	1	1	1	30	3	1
ENSG00000000376	DRD23	1778	47	74	43	54	65	101	82	19	99	115	120	60	25	67	74	216
ENSG00000000377	DRD848	2913	2	0	0	0	0	0	2	0	1	5	1	2	4	0	12	4
ENSG00000000378	TOMM581	1438	15	22	28	27	7	10	28	8	15	45	3	19	11	2	4	0
ENSG00000000379	NR5A2	1066	45	42	74	31	61	25	45	63	36	89	54	32	64	51	68	127
ENSG00000000380	DYNC403	3133	944	831	1238	1051	1204	1863	1677	1217	1834	1291	619	969	1208	1151	1429	2070
ENSG00000000381	TET249	1730	1	11	16	2	7	5	6	2	1	14	5	7	4	3	2	5
ENSG00000000382	ACTN467	2575	2	0	1	1	0	0	1	1	2	1	0	0	2	0	1	0
ENSG00000000383	ADRB499	1589	8	0	0	11	0	11	1	2	1	0	0	1	5	1	1	10
ENSG00000000384	DYNC254	3625	6	21	22	17	8	4	4	3	13	6	23	44	4	7	6	4
ENSG00000000385	EZH89	2472	6	17	17	4	1	16	16	6	1	10	5	26	12	11	27	27
ENSG00000000386	SREBF1	4984	2	1	0	1	5	14	2	5	7	0	0	2	13	1	6	4
ENSG00000000387	PLC629	1306	14	24	8	19	12	18	44	50	9	14	18	18	21	16	17	9
ENSG00000000388	CCNB720	3649	6	41	11	22	6	8	74	33	11	3	9	5	11	22	14	9
ENSG00000000389	RAB153	1175	15	51	57	48	12	38	44	47	62	30	30	33	57	77	9	47
ENSG00000000390	SUZ403	1544	45	56	74	17	53	26	88	24	36	57	20	53	37	24	12	21
ENSG00000000391	TRIM478	1813	17	26	40	15	27	14	26	2	47	29	16	14	22	6	18	40
ENSG00000000392	OR228	1108	5	1	2	0	5	10	0	2	1	1	0	0	1	3	10	13
ENSG00000000393	KIF797	1201	134	31	198	92	46	73	27	9	75	75	52	122	15	10	60	30
ENSG00000000394	BRD308	1207	7	1	1	2	4	2	1	2	3	0	0	1	10	0	1	3
ENSG00000000395	SUZ83	1706	107	171	95	101	84	147	123	125	54	121	56	28	298	18	159	123
ENSG00000000396	MAPK269	1524	71	94	267	102	97	148	163	144	163	134	113	159	125	149	146	304
ENSG00000000397	COPB747	1277	54	21	38	31	15	23	9	17	62	80	50	108	29	52	43	32
ENSG00000000398	ARID388	2257	0	4	2	6	4	1	1	20	4	3	1	3	2	5	3	3
ENSG00000000399	MAPK845	624	85	86	83	150	282	550	279	82	39	124	108	58	182	277	615	532
ENSG00000000400	GRIN705	487	130	35	333	96	38	170	119	102	108	95	118	325	157	75	97	131
ENSG00000000401	RPS27	1849	16193	15874	17053	14289	20339	20951	42440	16291	19688	15595	19380	11139	17551	13882	32278	19588
ENSG00000000402	KDM431	3886	19	73	48	9	10	12	15	39	43	66	32	29	23	39	11	26
ENSG00000000403	ARF70	1452	285	326	376	359	543	247	384	270	330	212	500	337	375	511	416	289
ENSG00000000404	VCL355	3653	10	10	14	32	57	38	14	11	19	13	30	1	28	55	3	38
ENSG00000000405	DYNC364	1062	19	31	29	34	0	2	2	11	11	5	10	4	13	2	4	19
ENSG00000000406	EZH639	5996	29	55	51	50	24	11	41	18	49	58	44	52	36	3	39	26
ENSG00000000407	ACTN636	2012	11	4	6	10	2	2	7	7	13	9	1	1	7	1	5	0
ENSG00000000408	SIRT743	2917	24	1	21	2	5	3	8	5	13	7	11	39	29	21	28	3
ENSG00000000409	TRIM531	3539	24	102	24	22	21	60	40	25	21	43	127	44	13	13	38	69
ENSG00000000410	ANAPC779	3454	57	82	101	117	166	165	253	145	150	71	93	107	113	161	196	203
ENSG00000000411	EZH494	3444	1882	2305	1505	2179	4122	5095	4656	5887	2774	2062	1890	2062	8864	6410	7757	8395
ENSG00000000412	DUSP764	1822	1628	803	2101	1185	3195	3754	4795	3980	1951	2027	1746	2594	3041	2802	2471	5407
ENSG00000000413	TUBB608	4977	231	149	279	172	248	575	608	354	216	140	193	234	330	164	400	703
ENSG00000000414	RAB779	1707	70	97	170	57	243	296	353	245	128	66	96	103	241	436	341	749
ENSG00000000415	DRD280	3735	43	25	56	29	23	16	44	21	40	23	35	12	22	14	23	39
ENSG00000000416	ARF476	2225	11	2	3	3	7	5	1	0	1	6	4	7	0	5	0	0
ENSG00000000417	TET681	2899	14	6	21	3	4	4	24	13	11	7	12	15	8	13	8	22
ENSG00000000418	ADRB404	1330	1347	1073	1054	946	1146	2064	1391	1688	1099	834	1289	626	2215	1677	948	2101
ENSG00000000419	ATAD518	1318	0	0	0	0	0	0	1	0	4	3	2	3	2	0	1	0
ENSG00000000420	SMARC558	1603	38	72	61	99	165	83	256	134	73	73	61	78	108	121	174	336
ENSG00000000421	SUZ202	3590	22	12	25	3	60	23	27	52	17	17	4	10	5	21	43	17
ENSG00000000422	TRIM895	6070	99	86	92	28	10	20	49	3	52	48	45	33	1	6	14	5
ENSG00000000423	EZH545	387	187	76	213	91	132	273	264	161	216	237	89	61	140	173	162	149
ENSG00000000424	SUZ621	2720	1	1	2	12	1	1	4	0	11	8	22	1	1	2	6	1
ENSG00000000425	ANK386	1553	4	3	0	10	4	2	19	4	1	4	0	3	3	3	4	8
ENSG00000000426	SLC279	2470	4	5	3	0	7	0	0	1	4	3	1	6	0	1	2	1
ENSG00000000427	PXN855	5083	191	196	119	308	272	273	232	382	221	213	130	370	149	281	273	365
ENSG00000000428	DUSP64	1990	2	14	20	14	5	12	3	7	14	18	2	2	11	18	12	7
ENSG00000000429	TIMM741	2477	113	58	46	75	120	256	187	204	244	117	69	77	106	316	306	337
ENSG00000000430	RAB11FIP480	6433	20	15	42	24	4	9	15	4	36	36	39	6	8	13	25	3
ENSG00000000431	SUZ761	3275	2	6	10	0	1	17	21	12	6	7	0	11	10	20	34	15
ENSG00000000432	HTR135	1210	367	393	237	243	358	319	341	129	353	178	307	271	242	305	123	379
ENSG00000000433	DDX200	3326	16	6	14	7	4	2	1	8	9	18	22	7	6	0	9	5
ENSG00000000434	TLN484	3311	59	94	113	69	122	114	36	116	76	82	154	109	120	147	201	130
ENSG00000000435	DHX610	1183	46	6	41	20	27	9	13	19	31	45	41	35	13	14	18	22
ENSG00000000436	ABC399	731	50	32	17	13	27	161	234	49	19	31	19	13	122	130	118	82
ENSG00000000437	RHO881	1776	337	226	268	281	38	74	133	61	352	399	171	392	57	109	62	134
ENSG00000000438	OR182	3224	2	6	0	3	1	0	6	1	10	0	1	4	0	0	8	4
ENSG00000000439	MRPL201	703	8	12	13	10	9	9	5	1	23	6	31	32	48	6	8	17
ENSG00000000440	GRIN761	1119	456	401	345	266	263	282	640	288	358	223	300	227	500	217	408	339
ENSG00000000441	TOMM348	843	46	16	39	9	22	48	24	16	39	31	87	19	20	41	38	26
ENSG00000000442	VCL28	1145	0	2	50	7	1	3	5	2	10	14	2	5	1	3	11	18
ENSG00000000443	HDAC102	1425	1	3	1	3	7	4	13	16	0	0	1	1	25	10	1	7
ENSG00000000444	SCN605	2334	745	780	1653	620	701	357	1282	831	1252	1394	655	1765	724	721	591	865
ENSG00000000445	DUSP640	2402	594	591	667	368	335	371	958	590	319	263	377	273	449	512	503	493
ENSG00000000446	TLN137	1098	47	134	106	20	78	122	26	58	73	7	15	43	83	83	68	9
ENSG00000000447	TRIM724	1408	64	11	8	60	23	11	85	70	55	25	16	21	28	18	39	11
ENSG00000000448	INS	2943	12	2	10	3	3	10	4	1	3	0	0	1	3	1	1	4
ENSG00000000449	SMARC25	1423	283	454	198	254	87	42	76	84	464	228	204	258	62	50	54	97
ENSG00000000450	DDX736	1011	292	176	196	398	207	307	253	115	267	228	170	92	235	221	146	94
ENSG00000000451	KMT2243	780	41	30	64	47	15	11	14	28	66	10	40	33	24	9	43	82
ENSG00000000452	RPS433	1603	3	0	3	8	1	1	0	0	2	1	1	2	1	0	2	1
ENSG00000000453	RAB11FIP590	3940	3	9	6	4	3	6	17	34	1	1	1	6	18	0	9	19
ENSG00000000454	KDM816	6913	4	0	1	1	14	12	0	5	7	0	1	0	8	3	1	2
ENSG00000000455	EZH570	1483	19	21	43	12	39	28	17	19	26	10	14	10	12	31	84	45
ENSG00000000456	RPL710	5267	9	11	14	15	41	11	100	23	32	18	32	46	43	48	36	31
ENSG00000000457	EZH329	1301	12	63	65	52	55	60	47	14	20	7	1	13	48	22	21	7
ENSG00000000458	KIF339	2772	12369	6061	5677	6998	5701	5655	8641	2940	8525	9254	8259	3605	3992	2342	5853	8112
ENSG00000000459	DUSP310	7273	1585	1597	767	1110	956	1168	1543	1608	1430	900	1284	775	847	1544	1028	1504
ENSG00000000460	ANK314	1736	160	309	190	251	395	273	389	341	349	175	333	75	325	343	371	445
ENSG00000000461	RAB570	3344	239	228	313	356	51	63	182	65	161	226	98	333	62	82	69	134
ENSG00000000462	BRD592	1515	83	179	90	155	80	79	113	37	60	26	149	184	74	53	64	82
ENSG00000000463	BRD695	926	6	1	5	1	6	1	7	0	2	4	1	4	1	10	3	5
ENSG00000000464	EIF175	804	119	129	90	184	81	79	100	135	105	197	167	109	122	93	157	149
ENSG00000000465	KIF555	6580	53	35	66	79	181	380	154	66	83	46	129	118	88	117	55	109
ENSG00000000466	GABR360	1214	21	21	23	102	3	57	34	22	59	69	49	54	69	3	49	55
ENSG00000000467	ABC135	3630	109	94	112	83	37	34	34	88	92	60	30	80	25	49	37	38
ENSG00000000468	ARF386	2935	441	274	294	228	126	118	151	169	233	226	205	217	84	135	81	224
ENSG00000000469	GNA742	2692	17	52	29	18	15	29	26	5	31	6	17	19	14	10	1	0
ENSG00000000470	TUBB494	988	49	11	23	9	27	21	6	4	4	14	7	14	21	8	35	8
ENSG00000000471	CUL844	674	164	80	214	218	262	171	244	221	186	150	138	157	240	242	372	253
ENSG00000000472	ADRB476	4674	162	191	212	105	198	98	170	75	172	147	217	252	295	135	52	147
ENSG00000000473	GNA564	6706	1	5	22	9	10	11	9	16	5	7	2	3	23	33	18	25
ENSG00000000474	MRPS433	2505	16	3	2	12	121	32	51	166	55	9	10	18	62	59	70	132
ENSG00000000475	ANK697	1536	15	22	39	18	4	14	13	17	34	12	1	15	9	32	25	15
ENSG00000000476	SNX867	2009	360	238	183	297	252	339	175	345	307	200	170	160	134	118	262	250
ENSG00000000477	CACN257	1111	30	2	52	90	57	25	40	11	32	16	17	14	66	29	47	70
ENSG00000000478	USP297	1710	0	0	1	1	3	3	0	0	0	0	0	5	0	1	0	0
ENSG00000000479	CDC199	2299	8	17	19	10	18	39	19	47	9	26	46	8	24	14	59	3
ENSG00000000480	CHRM647	1648	1569	851	1014	1327	811	838	1501	1259	1002	1336	961	937	1020	1185	511	1793
ENSG00000000481	RPS120	5117	0	4	1	1	1	1	1	2	5	4	1	2	5	1	4	1
ENSG00000000482	BRD328	2160	655	617	272	445	1047	922	1001	813	575	419	807	635	820	483	841	886
ENSG00000000483	TUBB91	1449	384	299	428	303	121	309	442	267	763	231	210	354	334	355	357	295
ENSG00000000484	UBE2741	2158	16	4	8	7	11	9	4	9	3	9	4	5	22	0	15	6
ENSG00000000485	KCN110	3512	45	63	47	71	10	7	32	34	92	50	35	20	22	5	6	17
ENSG00000000486	COL507	4590	0	0	0	0	0	2	0	0	0	0	2	0	0	1	0	1
ENSG00000000487	MMP351	1285	40	56	33	89	70	40	90	72	119	37	38	40	61	21	55	68
ENSG00000000488	RPL255	7140	10	4	1	5	8	5	0	0	13	10	2	2	22	2	5	0
ENSG00000000489	CACN451	2233	19	13	9	5	29	14	19	18	6	5	3	7	11	9	0	9
ENSG00000000490	TET447	1109	773	368	589	1219	86	80	175	86	568	246	245	601	100	63	88	158
ENSG00000000491	TOMM720	3701	23	6	58	24	0	9	21	3	59	13	2	19	9	4	22	2
ENSG00000000492	SPTB579	1572	70	22	19	48	51	24	14	13	25	37	24	66	10	36	13	26
ENSG00000000493	USP830	1452	15	27	52	30	19	36	35	15	18	9	28	20	17	12	20	3
ENSG00000000494	KRT172	3330	77	6	31	2	12	21	24	27	49	14	13	29	21	26	6	6
ENSG00000000495	CHRM190	6971	0	0	2	7	6	0	0	1	1	4	1	1	0	5	4	0
ENSG00000000496	ADRB177	1821	2	4	18	14	5	6	1	4	53	3	11	13	6	3	14	10
ENSG00000000497	DRD688	1980	104	42	93	240	48	44	45	58	80	40	44	111	24	40	40	47
ENSG00000000498	MRPL315	1344	123	102	203	209	149	165	136	105	166	171	69	84	83	113	163	135
ENSG00000000499	SMARC389	1840	11	56	24	47	13	59	37	52	34	33	75	64	95	34	27	39
ENSG00000000500	ACTN747	3627	22	7	2	23	41	27	75	20	40	18	3	14	54	4	4	79
ENSG00000000501	CDC658	2596	2	0	1	0	3	0	6	7	7	2	0	5	3	2	7	4
ENSG00000000502	TUBB249	1589	20	4	13	4	1	5	1	51	11	1	21	5	8	3	7	17
ENSG00000000503	ADRB142	1566	68	134	248	79	61	16	22	55	113	139	105	132	61	44	43	133
ENSG00000000504	CYP683	905	91	41	77	56	13	17	11	18	77	78	52	91	12	18	10	21
ENSG00000000505	MDM2	871	0	1	8	2	1	1	0	8	5	6	2	1	0	0	0	4
ENSG00000000506	ADAM894	5554	34	42	35	52	274	138	90	93	71	59	39	42	151	131	100	92
ENSG00000000507	TLN556	1872	2	7	3	2	2	3	2	0	3	0	1	5	0	2	3	2
ENSG00000000508	MAPK270	4411	25	48	33	23	10	59	30	16	48	29	35	74	4	12	10	16
ENSG00000000509	FBXO597	3228	56	64	154	63	160	190	210	115	24	102	81	113	153	46	155	91
ENSG00000000510	PXN766	3210	5	9	2	3	4	4	0	1	6	1	4	0	2	0	1	1
ENSG00000000511	USP153	4562	147	122	140	162	19	239	208	435	140	152	161	121	153	168	218	106
ENSG00000000512	KMT2268	2219	4	1	3	0	17	6	7	2	8	5	2	7	1	11	6	32
ENSG00000000513	NQO1	1300	62	76	76	75	74	56	113	120	31	41	50	29	19	48	51	23
ENSG00000000514	SNX611	1301	1	2	3	2	0	0	0	2	6	0	0	1	2	0	0	2
ENSG00000000515	TOMM136	1456	80	163	189	143	36	35	98	55	105	74	251	263	35	17	32	78
ENSG00000000516	RNF540	2350	187	60	150	155	47	62	69	164	117	117	77	107	56	37	54	40
ENSG00000000517	DRD655	1627	26	20	38	17	33	75	3	44	37	37	51	14	24	15	62	32
ENSG00000000518	SUZ863	4068	1	0	0	0	1	0	1	4	3	4	0	1	0	0	0	0
ENSG00000000519	CYP483	4103	62	61	64	88	52	76	58	65	122	42	49	72	43	25	122	101
ENSG00000000520	GABR151	1752	376	329	375	423	378	325	447	249	314	402	407	450	349	198	447	247
ENSG00000000521	DYNC298	2372	42	57	34	21	114	117	207	119	8	40	38	69	107	177	155	134
ENSG00000000522	VEGFB	4921	82	95	95	88	18	11	28	19	157	12	58	54	45	30	18	22
ENSG00000000523	ADAM639	1844	9	27	11	31	30	63	97	90	64	30	44	39	47	57	65	56
ENSG00000000524	SIRT365	1214	32	18	8	6	3	15	58	24	44	11	7	44	8	75	34	105
ENSG00000000525	CDC93	1112	2	2	1	7	1	2	0	2	4	0	1	1	0	0	0	1
ENSG00000000526	CDC736	826	5	23	17	18	14	22	8	18	6	6	61	42	50	84	25	45
ENSG00000000527	PPP1R836	1598	97	24	29	14	63	94	89	24	25	19	8	16	91	32	62	105
ENSG00000000528	TLN821	555	16	0	8	2	2	8	34	4	8	4	14	2	11	1	15	1
ENSG00000000529	RNF448	1827	22	17	18	7	20	10	8	16	27	4	9	3	9	0	4	9
ENSG00000000530	KMT2307	4387	327	203	166	118	132	198	221	179	259	240	157	206	98	140	272	97
ENSG00000000531	ARID737	1610	2	14	11	7	12	14	17	19	7	2	4	7	11	29	8	14
ENSG00000000532	ARF22	1270	64	44	67	23	91	29	159	23	81	16	34	54	52	53	50	51
ENSG00000000533	TRIM624	593	31	3	36	81	52	16	85	27	96	29	117	18	41	36	30	56
ENSG00000000534	RPS4	1927	0	0	0	1	1	2	0	0	1	0	0	0	0	3	2	0
ENSG00000000535	ANK265	1237	191	72	213	132	154	166	113	83	145	114	283	170	186	100	138	157
ENSG00000000536	TIMM628	3378	59	83	164	123	169	112	422	315	88	85	65	106	96	91	145	386
ENSG00000000537	PPP2R521	1381	53	167	149	119	146	120	397	202	208	112	109	88	114	102	258	163
ENSG00000000538	HIST1H82	1442	12	3	0	2	0	3	4	1	0	1	0	0	0	4	3	2
ENSG00000000539	DHX638	1326	2	3	7	8	0	0	0	3	12	14	5	2	0	1	3	1
ENSG00000000540	DHX392	3767	4097	4155	3032	4573	3625	10270	7651	3915	5513	2926	4932	4849	5598	10005	5839	4632
ENSG00000000541	ACTN195	1429	479	500	528	437	124	163	161	139	608	255	610	430	86	83	97	94
ENSG00000000542	TET559	1378	81	98	153	48	87	71	92	21	117	58	92	111	36	54	110	96
ENSG00000000543	ZNF480	2948	443	499	452	433	354	270	428	274	262	400	408	401	230	303	301	217
ENSG00000000544	KDM705	2196	148	198	289	92	470	381	253	99	235	295	132	357	191	450	305	458
ENSG00000000545	CCND1	1392	722	884	1089	824	1913	2302	1846	2121	7025	9793	4895	7943	17324	16850	14759	13516
ENSG00000000546	SPTB690	1712	3	2	2	4	7	45	0	7	28	2	1	1	13	0	2	26
ENSG00000000547	COPB639	1906	1	0	0	1	0	0	3	0	0	1	0	0	0	0	1	2
ENSG00000000548	ANAPC726	1507	52	80	116	50	138	252	163	181	106	127	100	93	199	59	434	217
ENSG00000000549	ANK401	2418	1	1	1	0	0	0	0	0	1	0	0	0	0	0	0	0
ENSG00000000550	ARID241	1238	530	332	212	295	385	241	250	269	361	139	174	240	241	260	222	216
ENSG00000000551	ADAM68	2362	70	101	70	38	13	122	95	28	103	40	32	91	28	73	87	48
ENSG00000000552	EZH184	1827	0	5	0	3	4	2	0	0	7	1	0	4	4	1	0	3
ENSG00000000553	DDX155	2231	9	75	22	18	4	4	0	9	15	27	9	25	5	7	0	37
ENSG00000000554	OR136	2100	6	5	17	36	35	2	57	3	4	8	23	20	17	13	14	16
ENSG00000000555	SLC133	910	15	13	11	20	70	88	80	12	40	55	53	13	42	29	55	41
ENSG00000000556	SPTB841	1118	2	7	5	12	5	0	1	5	20	1	11	11	4	7	2	1
ENSG00000000557	SPTB278	3527	0	4	0	0	1	8	0	0	5	0	2	2	5	0	0	4
ENSG00000000558	ACTN345	2413	57	115	129	60	21	94	94	59	264	87	66	51	26	75	45	199
ENSG00000000559	KRT298	8896	60	24	72	24	113	101	266	240	24	16	26	65	77	196	100	235
ENSG00000000560	BRD508	2515	230	177	203	152	71	122	156	56	251	209	51	61	98	91	77	102
ENSG00000000561	SNX248	3551	0	1	1	3	1	3	0	7	2	9	2	0	8	0	2	1
ENSG00000000562	ZNF396	1570	158	99	53	126	70	48	75	62	145	220	145	117	52	55	81	55
ENSG00000000563	ARF415	3062	2	7	4	0	0	1	3	5	2	8	10	6	4	1	1	4
ENSG00000000564	PLC759	1320	620	424	338	221	312	208	326	226	767	356	705	245	169	205	311	346
ENSG00000000565	CACN4	1028	32	110	83	101	53	58	60	56	75	64	63	68	88	52	46	78
ENSG00000000566	UGT612	3004	67	37	54	36	51	119	215	221	39	13	6	10	200	288	80	115
ENSG00000000567	RNF286	1258	12	24	2	46	22	18	19	4	64	21	2	25	23	5	5	23
ENSG00000000568	ACTN267	4135	3	4	32	0	8	7	9	1	12	5	8	1	7	7	11	27
ENSG00000000569	RAB11FIP130	1709	24	20	12	97	36	47	24	28	10	18	37	13	10	22	6	36
ENSG00000000570	CYP754	5411	212	162	168	119	156	243	202	197	233	250	260	176	303	101	120	187
ENSG00000000571	ACTN556	4507	30	31	37	12	41	30	26	55	35	61	18	11	104	54	71	32
ENSG00000000572	GRIN527	2541	1	0	2	2	4	0	5	1	8	5	2	12	3	5	3	1
ENSG00000000573	MRPL200	1748	234	183	161	152	230	92	242	257	195	111	113	84	231	100	254	283
ENSG00000000574	MYO277	2865	564	363	782	634	252	424	854	315	589	632	587	539	504	387	540	536
ENSG00000000575	EIF566	3099	511	431	585	508	125	231	303	142	409	287	314	193	145	191	184	121
ENSG00000000576	UBE2705	1629	0	0	3	0	1	0	1	0	0	0	1	2	0	0	0	1
ENSG00000000577	DYNC354	1219	256	137	383	261	100	38	125	75	300	217	168	405	114	34	58	120
ENSG00000000578	SMARC753	2255	12	13	12	16	30	7	12	29	0	22	9	3	17	13	2	4
ENSG00000000579	SUZ189	2616	11	1	14	0	1	0	0	0	0	0	1	6	0	0	1	1
ENSG00000000580	HDAC568	2720	34	65	33	33	9	8	7	5	42	28	32	25	9	0	6	19
ENSG00000000581	ACTA2	2566	86	51	65	43	256	188	230	188	304	610	453	788	1053	355	2087	1445
ENSG00000000582	CHRM14	1782	66	245	83	67	452	598	884	312	236	89	44	85	399	683	272	578
ENSG00000000583	TLN757	5520	3	30	24	15	11	6	16	22	8	14	15	10	3	15	6	32
ENSG00000000584	RAB11FIP454	2477	259	277	441	383	130	152	152	215	145	228	192	192	147	153	207	196
ENSG00000000585	PRKC566	1899	219	167	253	237	314	225	332	360	421	220	211	152	240	134	306	358
ENSG00000000586	ARF343	2420	13	9	6	6	7	2	15	0	3	5	13	7	11	14	7	3
ENSG00000000587	TOMM735	1861	74	71	48	52	45	40	119	181	70	78	93	130	185	32	37	25
ENSG00000000588	SEC31	2629	2197	1623	2314	1534	2775	5124	7115	5318	2008	1350	2067	1194	3683	4285	3483	3960
ENSG00000000589	VCL633	1759	2	0	0	4	2	4	0	2	4	2	0	4	1	0	0	0
ENSG00000000590	ADRB295	2863	39	8	21	5	41	11	12	13	19	11	13	12	27	23	19	12
ENSG00000000591	CDC331	1069	282	139	201	205	98	137	136	85	248	98	202	256	112	164	237	73
ENSG00000000592	SIRT266	3063	17	3	3	3	28	8	19	3	14	5	4	10	18	4	9	2
ENSG00000000593	VCL728	5445	7	27	17	73	11	13	6	9	34	30	41	27	8	9	21	14
ENSG00000000594	ADRB892	1014	20	12	19	15	8	5	15	8	0	6	8	10	28	11	7	41
ENSG00000000595	ARID515	2572	10	19	13	1	4	6	3	1	2	4	5	2	11	1	0	4
ENSG00000000596	GABR135	1518	52	37	6	11	20	19	31	41	26	9	11	26	41	20	13	3
ENSG00000000597	OR538	1666	36	5	36	22	44	182	66	43	21	35	44	21	35	60	37	31
ENSG00000000598	SNX779	1456	11	1	15	3	9	3	12	0	16	19	3	12	9	14	6	2
ENSG00000000599	HIST1H121	1744	149	65	271	133	51	44	34	17	131	152	80	141	24	29	23	72
ENSG00000000600	CHRM359	1747	419	328	717	161	218	424	161	140	761	213	479	311	331	131	372	355
ENSG00000000601	DUSP672	2104	0	3	1	0	0	1	1	0	1	0	1	2	1	1	1	1
ENSG00000000602	SEC189	2004	116	81	121	131	169	66	144	164	145	199	159	105	137	91	67	110
ENSG00000000603	COL732	791	32	57	70	16	86	35	48	42	67	12	32	110	36	84	80	53
ENSG00000000604	KDM799	2886	190	179	279	129	220	133	205	140	288	191	173	218	186	214	173	228
ENSG00000000605	CHRM542	1292	98	87	75	172	73	50	80	35	262	136	136	32	34	46	141	40
ENSG00000000606	HDAC33	2833	28	16	25	27	23	49	136	73	51	35	22	19	51	34	34	42
ENSG00000000607	COPB23	2451	8	6	17	8	3	6	9	0	21	12	0	9	3	0	0	1
ENSG00000000608	TUBB287	2466	124	119	107	62	784	893	646	1109	156	108	93	87	409	875	412	573
ENSG00000000609	MYO419	2843	114	57	167	129	18	15	7	49	193	63	140	101	36	10	35	22
ENSG00000000610	ZNF204	1759	9	9	19	32	16	34	19	16	24	5	29	6	9	38	16	37
ENSG00000000611	COL681	699	14	5	1	2	11	8	7	4	5	26	3	2	3	2	1	10
ENSG00000000612	CHRM53	3099	20	43	77	23	73	23	81	58	28	8	18	67	56	87	136	79
ENSG00000000613	GRIN437	1783	125	77	66	7	41	36	105	38	56	96	50	99	128	76	100	84
ENSG00000000614	ABC285	1405	0	6	23	0	4	4	13	1	1	5	0	5	1	5	1	0
ENSG00000000615	GRIN676	939	107	84	197	80	32	46	39	57	190	92	136	80	64	32	46	16
ENSG00000000616	CACN353	1160	19	12	8	20	11	14	36	6	6	21	5	6	20	21	10	8
ENSG00000000617	CCNB884	7414	287	316	366	430	204	124	103	115	381	251	285	457	226	140	137	183
ENSG00000000618	ABC866	3399	99	32	179	16	136	111	168	161	168	131	48	122	128	107	79	87
ENSG00000000619	PXN241	3160	83	23	78	117	20	36	62	16	48	127	18	97	25	41	13	91
ENSG00000000620	RPL87	3240	2	0	1	1	2	2	1	1	1	2	4	0	5	2	6	0
ENSG00000000621	ARID832	2221	94	22	6	26	11	18	31	7	17	14	72	36	17	19	25	19
ENSG00000000622	SUZ177	523	6	29	15	13	10	10	15	24	7	2	16	11	27	10	13	8
ENSG00000000623	RAB11FIP505	1409	188	69	117	49	72	25	53	35	66	52	37	69	63	17	46	53
ENSG00000000624	EZH238	1324	0	0	0	0	4	0	0	7	1	2	0	0	0	2	0	6
ENSG00000000625	USP631	1335	4	3	5	8	4	2	1	12	5	5	2	0	11	4	5	0
ENSG00000000626	MRPS654	998	230	173	367	103	43	77	193	30	127	124	146	207	118	52	100	98
ENSG00000000627	FBXO852	1051	27	11	17	11	4	11	19	18	11	22	0	5	51	30	39	16
ENSG00000000628	KMT2543	1283	88	27	23	68	39	38	66	63	71	34	81	59	36	26	43	11
ENSG00000000629	ACTN761	1756	11	4	0	10	14	10	1	4	2	4	5	8	4	14	5	2
ENSG00000000630	ARID519	3026	5	19	7	2	1	0	1	2	0	6	1	1	5	0	3	6
ENSG00000000631	ARID720	1092	96	170	185	89	473	618	385	209	255	118	151	96	272	239	342	530
ENSG00000000632	DDX868	2362	17	21	75	25	36	95	95	29	27	33	38	52	44	131	146	51
ENSG00000000633	ADAM866	1487	21	2	7	2	108	0	95	3	29	24	16	12	2	18	34	15
ENSG00000000634	CASP1	4251	6	2	4	0	3	8	1	14	8	11	5	0	10	9	0	9
ENSG00000000635	BRD310	885	1	2	4	5	1	2	2	1	0	0	0	13	8	1	0	4
ENSG00000000636	VCL57	4345	2	1	1	0	1	1	1	3	4	1	2	3	0	1	0	0
ENSG00000000637	TOMM780	3219	32	26	14	9	7	11	5	8	61	15	24	35	6	29	10	15
ENSG00000000638	PRKC307	1594	1131	1194	896	608	807	583	548	795	841	587	397	1201	777	707	318	523
ENSG00000000639	MYO843	3002	20	27	57	64	57	71	89	34	137	29	34	115	69	35	56	66
ENSG00000000640	VCL61	614	0	0	1	1	0	0	0	0	0	0	0	2	0	0	0	0
ENSG00000000641	UBE2485	975	91	33	103	35	38	36	81	12	33	62	63	36	67	33	46	56
ENSG00000000642	CUL518	1199	838	370	776	387	527	617	623	669	750	436	399	307	423	284	460	619
ENSG00000000643	TOMM70	793	6	1	0	4	1	0	0	1	9	5	16	6	7	1	6	1
ENSG00000000644	ABC665	1770	207	174	295	164	90	367	440	191	176	202	141	71	150	153	100	227
ENSG00000000645	SMARC7	1451	146	143	154	82	52	95	89	99	132	186	63	91	101	108	88	97
ENSG00000000646	SLC327	1878	98	76	227	278	33	36	31	73	109	198	166	241	17	34	21	68
ENSG00000000647	RAB11FIP791	1329	150	59	136	105	168	356	402	302	123	41	87	204	475	193	151	210
ENSG00000000648	CDC195	5225	741	600	1372	1149	810	337	931	1190	771	865	483	1026	809	624	757	626
ENSG00000000649	RAB11FIP75	4708	55	77	109	138	32	95	73	62	150	63	89	49	53	39	100	141
ENSG00000000650	CACN144	4708	1479	1087	1816	991	2282	1419	3004	2686	1636	1324	899	1083	2505	1472	1273	3358
ENSG00000000651	RAB749	1640	198	187	96	74	142	156	79	97	107	49	121	88	339	241	193	199
ENSG00000000652	GABR58	2271	1	35	20	55	5	4	13	3	16	13	14	28	4	4	29	16
ENSG00000000653	MMP284	2642	28	40	32	61	78	25	40	20	85	85	33	33	24	61	101	23
ENSG00000000654	PXN50	2419	29	29	57	7	14	22	10	4	20	60	20	42	9	21	15	30
ENSG00000000655	ABC727	1058	30	75	95	52	68	107	154	87	93	67	56	105	80	36	42	170
ENSG00000000656	PRKC637	2414	200	304	239	239	42	83	84	62	419	148	170	277	96	97	52	37
ENSG00000000657	DHX719	1661	420	640	636	477	407	259	524	435	860	843	980	1191	651	262	368	605
ENSG00000000658	ADAM305	3586	46	27	32	75	31	25	12	27	130	114	44	32	49	44	14	27
ENSG00000000659	KEAP1	1854	169	157	96	148	123	84	378	357	969	696	837	859	1520	595	1845	2146
ENSG00000000660	KMT2537	3139	4	1	0	3	0	0	1	1	14	0	4	3	10	1	1	2
ENSG00000000661	PLC306	1363	29	12	8	19	6	41	6	7	11	0	1	11	5	0	0	22
ENSG00000000662	ATAD159	6317	1	48	16	19	9	4	4	15	8	19	9	44	23	7	11	5
ENSG00000000663	RAB11FIP696	3037	8	2	6	10	30	27	64	29	15	9	55	21	40	28	46	35
ENSG00000000664	ZNF328	3053	0	1	0	3	1	0	3	2	0	1	2	2	1	0	1	1
ENSG00000000665	ANK461	2344	50	99	106	98	80	101	157	205	100	198	69	75	259	225	201	268
ENSG00000000666	SPTB507	1574	2	0	16	8	1	14	4	12	12	4	24	8	1	6	3	2
ENSG00000000667	KDM22	1322	1215	735	680	642	626	768	567	688	873	636	935	981	419	556	640	499
ENSG00000000668	USP714	1393	3	2	2	0	0	1	1	0	0	0	0	2	1	1	0	3
ENSG00000000669	BRD377	2343	9	6	6	5	3	5	8	3	19	8	13	6	0	9	3	0
ENSG00000000670	CCNB381	3444	20	0	31	9	4	0	2	5	1	2	2	6	1	1	8	0
ENSG00000000671	DDX512	799	61	32	35	72	40	32	28	50	41	36	52	86	29	105	69	60
ENSG00000000672	PXN107	797	129	84	86	127	46	14	15	49	141	195	50	92	37	42	38	35
ENSG00000000673	MRPL697	6949	122	105	94	131	54	144	104	121	72	38	32	55	151	83	108	72
ENSG00000000674	GNA556	1450	56	104	114	64	155	82	100	91	51	19	37	38	112	82	194	248
ENSG00000000675	ADRB166	1622	66	27	120	76	56	67	92	32	59	34	51	66	102	43	63	20
ENSG00000000676	SPTB492	1356	73	13	64	50	62	53	25	34	50	28	47	34	50	9	18	43
ENSG00000000677	TLN748	1471	49	26	23	15	15	29	8	7	11	39	28	20	7	2	7	18
ENSG00000000678	DNMT572	4025	667	447	839	299	93	256	253	179	577	280	841	226	107	76	154	168
ENSG00000000679	CUL856	5021	19	35	2	16	6	38	8	41	24	10	14	60	16	31	32	26
ENSG00000000680	SKP76	4848	66	11	54	17	21	148	189	49	32	25	46	57	43	148	85	48
ENSG00000000681	SUZ252	2589	83	49	77	41	245	138	208	270	59	61	132	142	260	141	355	90
ENSG00000000682	ANK514	4562	61	122	120	83	42	56	22	75	160	101	76	83	105	42	47	23
ENSG00000000683	USP346	3189	5	0	0	12	9	10	6	5	2	1	0	0	0	4	4	0
ENSG00000000684	SIRT308	1784	15	29	30	20	11	9	2	16	49	56	56	56	36	7	18	12
ENSG00000000685	RHO858	2077	166	221	152	70	100	96	104	143	194	115	103	75	35	110	73	144
ENSG00000000686	SPTB138	1749	10	12	36	6	11	23	3	12	23	18	4	7	15	0	2	16
ENSG00000000687	ADAM134	3020	78	87	21	90	76	90	48	25	89	90	96	50	42	34	50	64
ENSG00000000688	DNMT663	2732	209	173	136	88	129	118	77	75	161	155	153	120	86	26	137	179
ENSG00000000689	CACN879	5399	30	9	27	64	120	48	29	196	64	49	23	36	138	112	34	104
ENSG00000000690	PPP2R272	1789	116	30	119	71	50	24	33	41	48	94	21	69	35	19	30	53
ENSG00000000691	MMP62	1252	284	304	352	384	442	160	468	350	222	259	333	460	346	340	371	389
ENSG00000000692	DDX833	1057	92	217	191	131	89	75	55	62	194	155	111	186	64	66	50	46
ENSG00000000693	TOMM651	1192	17	0	23	1	3	5	11	9	42	22	12	8	1	5	14	2
ENSG00000000694	TRIM593	3106	157	183	218	114	219	220	283	179	234	152	209	213	281	131	279	217
ENSG00000000695	DNMT183	1458	277	279	219	515	335	390	497	282	391	93	242	169	519	260	756	720
ENSG00000000696	MYO559	5178	3	1	9	8	32	11	6	23	9	18	3	6	4	4	5	22
ENSG00000000697	SLC474	1609	32	77	45	8	12	4	23	6	11	16	20	26	6	3	4	6
ENSG00000000698	HTR743	671	25	55	85	46	39	52	51	38	414	250	200	270	23	170	212	91
ENSG00000000699	COPB184	1874	131	136	201	250	220	215	216	141	90	207	99	171	176	80	130	126
ENSG00000000700	MYO566	3039	99	255	62	144	77	257	114	220	132	100	96	124	128	161	374	222
ENSG00000000701	KCN450	2891	838	545	451	445	296	380	372	443	552	403	306	606	428	406	708	347
ENSG00000000702	SLC15	997	777	615	758	546	1908	1383	1377	1347	766	780	854	619	1194	1924	895	1590
ENSG00000000703	HIST1H367	2184	2	8	4	15	3	0	3	9	7	3	0	5	17	13	2	3
ENSG00000000704	VPS206	850	15	12	4	0	7	1	3	4	8	2	3	1	1	4	0	2
ENSG00000000705	ANAPC483	799	15	7	6	37	4	1	6	14	15	6	26	27	8	5	12	7
ENSG00000000706	ARF390	1271	665	677	498	749	283	528	376	458	887	319	427	562	261	558	461	526
ENSG00000000707	COL357	1726	91	13	54	23	6	29	23	15	25	33	12	53	29	16	29	12
ENSG00000000708	ABC215	708	112	22	29	33	82	104	141	92	44	93	53	109	46	105	254	132
ENSG00000000709	DRD839	1309	261	156	185	134	81	141	226	189	282	228	332	145	120	175	200	208
ENSG00000000710	DUSP851	5502	30	14	0	2	6	12	12	15	20	3	1	11	5	8	40	11
ENSG00000000711	RPS343	3680	2	8	6	1	2	3	9	8	7	0	8	2	3	0	1	5
ENSG00000000712	MRPS776	2140	1	5	0	2	0	0	3	1	1	0	5	3	0	2	1	7
ENSG00000000713	SIRT467	873	100	131	198	52	13	45	22	41	120	56	126	61	42	29	13	39
ENSG00000000714	TET505	1580	25	123	93	85	33	66	25	61	142	74	87	28	37	20	23	36
ENSG00000000715	ACTN827	1816	168	227	228	305	238	415	410	412	184	190	207	150	289	421	679	441
ENSG00000000716	COPB297	1746	0	0	8	7	2	4	3	9	11	4	0	2	0	5	3	1
ENSG00000000717	DHX830	1882	41	57	79	21	24	17	25	18	56	79	89	64	6	18	19	40
ENSG00000000718	TLN548	2453	13	15	6	3	4	6	0	9	5	7	16	12	6	8	1	1
ENSG00000000719	PPP1R256	537	12	9	5	18	2	3	3	0	14	11	24	4	3	0	3	1
ENSG00000000720	KIF859	2196	54	55	52	84	39	30	39	47	37	68	48	60	39	17	24	40
ENSG00000000721	MYO639	2194	0	0	0	0	0	0	0	0	1	0	0	0	0	0	0	1
ENSG00000000722	RAB169	3188	43	30	177	108	10	60	55	23	60	69	70	55	19	30	20	35
ENSG00000000723	KIF578	3633	11	4	21	1	3	8	7	13	5	6	12	5	9	21	23	21
ENSG00000000724	PPP1R515	678	168	84	92	208	52	94	124	67	76	57	149	205	91	82	70	113
ENSG00000000725	GABR447	4820	0	21	8	7	16	29	7	10	18	9	11	5	2	9	20	6
ENSG00000000726	DNMT550	1112	3	5	20	8	85	16	64	20	15	8	8	10	4	46	36	27
ENSG00000000727	CACN35	801	3	1	5	6	1	2	2	4	7	9	2	10	12	5	6	1
ENSG00000000728	DHX61	1125	190	208	117	120	395	235	222	143	78	296	75	241	367	279	282	328
ENSG00000000729	H2AF753	1168	5	16	16	16	3	1	4	0	19	11	5	2	4	4	1	2
ENSG00000000730	GRIN11	1526	287	156	266	217	332	396	249	179	193	158	43	248	350	211	155	218
ENSG00000000731	TLN431	3130	83	66	12	73	43	32	14	22	105	74	9	48	26	48	70	32
ENSG00000000732	NOTCH2	959	47	76	43	96	57	125	67	32	12	11	11	5	22	20	32	28
ENSG00000000733	DYNC276	1193	40	29	129	93	39	22	35	21	75	64	58	89	31	24	47	24
ENSG00000000734	SCN785	1227	11	31	31	9	25	13	7	18	1	31	9	16	12	16	40	24
ENSG00000000735	DUSP556	2055	291	210	163	154	224	173	158	166	293	136	138	104	130	96	157	212
ENSG00000000736	MRPS633	926	12	7	10	18	23	10	27	13	7	7	7	2	39	24	33	5
ENSG00000000737	TRIM736	1824	0	0	2	6	15	6	25	8	1	9	24	2	3	3	3	1
ENSG00000000738	FBXO610	2468	1049	1207	1051	1439	1731	4622	4369	1881	1627	839	1140	1050	3095	1895	4177	3125
ENSG00000000739	UBE2568	1091	40	22	2	12	21	24	8	2	3	3	2	13	6	19	2	29
ENSG00000000740	UGT341	553	0	2	11	6	6	7	24	0	13	11	5	5	5	26	2	7
ENSG00000000741	TET235	5237	630	772	1141	576	298	357	296	412	722	652	681	513	517	352	418	331
ENSG00000000742	PRKC372	1191	1	3	10	4	3	8	1	3	2	6	1	10	13	1	5	10
ENSG00000000743	VCL78	3092	169	241	511	128	234	266	251	183	301	189	178	208	118	202	165	204
ENSG00000000744	ADAM395	2880	0	3	1	0	0	3	3	0	0	0	2	2	4	0	2	19
ENSG00000000745	SEC820	3203	145	129	132	105	330	295	276	131	146	152	113	165	316	169	407	283
ENSG00000000746	MMP882	812	52	108	39	44	11	59	66	12	61	35	74	88	66	24	43	44
ENSG00000000747	UGT234	2350	1377	1475	2412	898	1456	1391	1435	1334	1491	1372	1267	1001	1803	2186	760	2308
ENSG00000000748	ZNF338	4508	5	3	12	6	3	20	23	13	1	0	1	4	2	4	0	1
ENSG00000000749	TUBB573	2337	225	376	426	301	195	297	327	152	139	136	242	322	339	205	197	226
ENSG00000000750	EIF598	1735	109	39	35	72	40	57	47	4	78	69	9	66	15	40	40	83
ENSG00000000751	RPS365	870	1052	557	342	332	190	336	142	356	833	616	439	975	231	149	277	310
ENSG00000000752	SPTB533	3796	558	431	678	520	320	459	408	419	1106	608	1050	900	482	459	325	684
ENSG00000000753	PPP1R162	2082	37	24	51	38	25	33	46	23	32	25	66	4	49	59	48	35
ENSG00000000754	GRIN188	1956	15	17	17	5	1	17	36	18	22	32	18	6	15	15	1	7
ENSG00000000755	CCNB881	3030	6	6	21	5	7	0	7	6	0	0	1	15	0	5	0	7
ENSG00000000756	SNX633	4604	2	2	5	16	0	2	3	4	2	3	3	1	3	0	2	3
ENSG00000000757	ADAM626	1347	1	7	4	3	13	21	7	10	3	2	3	7	30	3	21	15
ENSG00000000758	KRT710	1765	24	86	112	44	110	216	118	55	46	37	14	37	160	113	263	283
ENSG00000000759	RAB11FIP479	735	89	15	34	15	10	40	64	20	6	23	13	18	17	27	11	18
ENSG00000000760	SMARC784	1215	67	22	34	32	19	8	6	52	15	52	42	46	52	24	21	22
ENSG00000000761	MRPS445	1264	1	0	0	0	0	0	0	0	0	0	0	0	0	0	0	1
ENSG00000000762	SPTB593	1105	7	2	1	2	4	3	8	0	4	3	2	1	1	3	5	9
ENSG00000000763	H2AF633	1360	211	84	97	113	89	221	402	156	124	140	117	151	441	284	299	193
ENSG00000000764	TMEM78	2193	2	1	6	0	1	0	1	0	2	4	3	1	1	1	1	0
ENSG00000000765	SLC403	1731	0	3	0	4	1	5	4	5	5	2	4	2	5	1	0	5
ENSG00000000766	HIST1H668	951	2173	1289	1348	1295	1233	1071	1913	1124	2097	745	917	1764	1275	669	1924	1170
ENSG00000000767	TET386	1574	41	9	58	59	17	39	21	39	10	20	38	41	34	36	21	45
ENSG00000000768	MRPS35	1995	266	290	247	196	152	166	402	137	718	139	237	296	161	100	164	171
ENSG00000000769	H2AF20	2104	3237	2901	2102	2601	5816	5718	8272	4191	2499	3562	3756	2738	6349	5098	7955	13167
ENSG00000000770	KMT2612	956	223	109	151	74	94	187	95	91	145	133	111	89	79	149	105	148
ENSG00000000771	ANAPC329	3178	51	96	49	66	53	87	79	66	93	71	42	85	45	49	44	76
ENSG00000000772	RAB11FIP599	2770	2	7	18	29	5	28	25	19	27	3	15	42	9	5	3	22
ENSG00000000773	BRAF	1789	3	2	4	3	1	1	2	2	2	1	0	0	2	0	1	0
ENSG00000000774	ABC818	2763	176	345	356	140	190	140	318	298	218	182	198	336	406	253	374	464
ENSG00000000775	RNF411	1366	1	0	0	0	1	0	0	0	0	0	0	0	1	0	0	0
ENSG00000000776	GNA72	720	109	210	220	308	219	332	433	274	276	156	253	139	250	304	219	176
ENSG00000000777	HIST1H445	2520	3	7	44	5	14	29	36	7	38	1	18	7	1	4	14	6
ENSG00000000778	UGT247	3922	114	80	56	261	112	104	216	125	48	106	86	123	103	118	160	124
ENSG00000000779	ANK179	1626	222	201	195	161	98	77	97	92	188	94	223	258	101	144	114	113
ENSG00000000780	BRD86	2352	122	220	428	106	82	57	67	103	565	450	570	280	121	76	100	166
ENSG00000000781	GNA541	5491	131	287	361	143	168	186	207	155	174	178	168	246	199	160	106	66
ENSG00000000782	DHX419	1890	36	67	14	39	70	65	27	40	60	26	38	35	11	10	77	40
ENSG00000000783	CCNB110	3991	1099	1275	867	1700	506	485	712	767	1330	727	958	1115	451	568	818	487
ENSG00000000784	SEC894	632	68	73	71	112	48	104	26	38	145	29	130	173	60	76	49	99
ENSG00000000785	CHRM460	1871	0	2	2	2	6	0	0	6	7	8	4	0	4	0	5	3
ENSG00000000786	PPP1R486	2137	230	377	211	473	180	126	84	223	290	185	206	85	67	170	267	139
ENSG00000000787	VPS896	1621	7	5	0	3	5	1	0	1	15	3	0	2	10	3	1	9
ENSG00000000788	ZNF766	1548	7	5	29	0	1	0	0	0	15	12	2	1	2	1	2	0
ENSG00000000789	PXN763	1316	13	32	17	51	31	33	19	27	9	24	16	43	16	10	14	18
ENSG00000000790	UGT309	2741	56	7	30	53	23	36	14	42	54	19	17	31	47	15	21	23
ENSG00000000791	DHX713	1431	2	0	0	0	4	2	5	1	2	0	3	5	0	0	0	0
ENSG00000000792	GRIN215	2284	62	35	29	96	36	15	35	15	25	38	51	36	46	6	17	12
ENSG00000000793	YAP1	7825	164	426	375	169	119	317	208	81	2301	1402	988	606	544	260	786	734
ENSG00000000794	KMT2396	1253	4	4	0	5	1	0	0	4	6	2	0	2	5	0	0	6
ENSG00000000795	USP164	2233	357	227	411	491	165	83	125	211	260	360	236	265	104	219	211	204
ENSG00000000796	PLC536	2501	3	16	12	15	6	6	16	7	32	4	2	7	0	0	1	14
ENSG00000000797	DRD443	3358	87	110	72	60	19	29	42	37	136	74	36	121	22	11	10	49
ENSG00000000798	OR84	2465	479	348	487	270	322	424	196	143	335	225	123	193	171	298	217	411
ENSG00000000799	ARF549	1209	510	218	235	451	36	186	156	68	636	734	327	731	128	63	112	79
ENSG00000000800	ADAM569	2313	0	1	1	1	0	3	0	0	3	10	0	5	1	1	0	0
ENSG00000000801	ACTN390	4409	5	2	1	0	1	0	0	0	0	2	2	5	0	0	0	0
ENSG00000000802	KRT159	3237	2127	1517	2996	2741	1174	1237	2405	1587	1358	2791	2102	1891	1626	1032	1575	740
ENSG00000000803	EZH397	1162	568	295	649	407	639	639	734	928	510	301	411	844	370	604	509	809
ENSG00000000804	MAPK296	3047	1389	1685	1245	1056	322	578	436	467	992	824	829	1642	465	505	687	1183
ENSG00000000805	ADRB587	663	16	8	1	8	5	6	6	2	29	6	10	24	12	0	2	3
ENSG00000000806	CYP234	2102	645	1000	1992	1744	975	1680	1401	1881	1651	1063	1555	1159	1492	546	1871	1501
ENSG00000000807	KIF575	1647	156	43	80	84	65	87	126	22	32	80	71	30	23	67	255	104
ENSG00000000808	COL38	723	34	35	5	23	87	35	66	78	15	9	10	13	12	140	56	101
ENSG00000000809	ATAD283	2139	39	46	135	6	43	21	11	38	43	88	89	72	59	8	46	71
ENSG00000000810	EIF27	2240	360	195	273	150	78	153	107	182	377	143	213	120	163	235	220	151
ENSG00000000811	SKP479	995	0	0	1	0	11	0	2	2	16	5	4	4	0	5	0	0
ENSG00000000812	HIST1H770	1921	229	177	230	107	48	12	80	51	279	156	63	93	72	25	26	42
ENSG00000000813	USP47	2471	853	939	1504	694	1062	591	1082	957	1647	641	1399	1170	1452	378	641	1141
ENSG00000000814	COPB349	3132	5	17	5	0	0	0	3	1	6	1	3	2	2	0	5	1
ENSG00000000815	MRPL744	1234	112	200	66	17	56	22	167	87	79	67	99	56	38	15	154	91
ENSG00000000816	GABR324	2286	5	3	4	9	7	1	0	3	2	1	4	1	0	3	2	1
ENSG00000000817	CCNB672	752	3	5	1	5	1	0	1	1	12	8	13	6	2	3	4	18
ENSG00000000818	SCN490	1578	16	26	40	36	22	23	42	7	18	21	55	6	30	31	17	49
ENSG00000000819	CACN290	2714	40	26	48	14	2	18	3	14	13	11	11	23	4	8	37	10
ENSG00000000820	SLC399	1688	8	1	2	1	2	3	21	9	3	10	3	0	11	0	10	6
ENSG00000000821	EIF1	1025	31	51	90	41	149	29	142	40	70	45	48	43	40	29	94	66
ENSG00000000822	SMARC113	3279	21	10	9	3	3	10	20	12	9	16	14	15	0	21	20	2
ENSG00000000823	OR275	1450	80	45	40	66	20	14	27	22	27	30	42	59	23	7	28	17
ENSG00000000824	RNF51	3117	150	189	250	94	163	125	76	102	29	42	33	26	31	45	42	45
ENSG00000000825	TET361	1205	338	414	668	481	137	293	206	144	479	739	628	283	172	162	153	191
ENSG00000000826	SKP147	4660	6	19	28	17	22	5	3	12	4	9	23	9	26	5	3	13
ENSG00000000827	RNF715	1339	5	2	5	1	2	2	3	1	7	0	4	1	8	0	0	5
ENSG00000000828	PLC94	1709	340	114	141	248	90	147	172	110	266	112	384	168	130	117	86	126
ENSG00000000829	KIF652	2017	4	0	1	0	4	10	6	10	3	1	0	7	0	2	2	1
ENSG00000000830	MYO251	1702	10	21	16	26	3	2	5	5	2	10	17	4	5	1	4	14
ENSG00000000831	RNF177	2044	78	106	114	116	9	32	59	48	41	32	19	40	17	5	16	2
ENSG00000000832	SEC619	1856	92	99	133	74	83	37	105	31	27	20	47	13	27	17	17	12
ENSG00000000833	SKP622	1040	13	4	4	4	38	5	6	4	1	9	23	16	7	3	3	5
ENSG00000000834	DNMT182	1021	40	145	168	143	69	107	124	99	157	169	62	128	132	51	134	79
ENSG00000000835	PPP2R543	1446	571	482	535	588	206	280	509	331	583	739	250	277	405	319	523	344
ENSG00000000836	UBE2844	2585	74	33	74	46	64	22	83	77	34	44	41	34	125	36	46	97
ENSG00000000837	ZEB2	928	391	381	657	471	316	554	398	793	193	91	126	94	130	86	104	141
ENSG00000000838	GNA329	8473	0	0	0	0	0	0	0	0	1	0	0	1	0	1	0	1
ENSG00000000839	DRD805	1159	454	378	284	283	233	297	547	616	559	332	278	426	1125	502	1015	785
ENSG00000000840	TIMP2	1868	18	40	6	16	2	18	55	4	6	9	19	8	9	11	4	12
ENSG00000000841	FBXO649	764	181	138	158	147	232	230	193	209	134	225	73	109	345	394	275	216
ENSG00000000842	GRIN140	2337	130	170	98	98	50	42	74	33	156	124	67	178	37	23	39	36
ENSG00000000843	PDHA1	999	66	73	78	93	72	78	97	51	14	18	26	9	14	7	9	15
ENSG00000000844	CDC333	2268	214	235	333	226	57	155	80	62	330	196	123	287	114	153	116	129
ENSG00000000845	ADAM344	1671	19	5	8	2	22	0	34	21	16	17	18	22	27	3	13	13
ENSG00000000846	MAPK706	5319	19	5	6	15	9	18	15	12	18	8	2	5	14	27	0	11
ENSG00000000847	RPS509	1294	94	103	76	77	97	77	189	113	304	103	128	102	79	169	147	112
ENSG00000000848	MRPL824	2322	3	4	0	12	0	1	5	1	1	15	2	2	3	0	3	5
ENSG00000000849	VPS119	1332	7	3	5	2	1	2	0	4	7	1	10	40	9	1	1	6
ENSG00000000850	CS	1021	26	31	43	21	5	0	9	4	7	7	7	40	18	5	18	13
ENSG00000000851	CCNB193	2173	434	392	565	937	1797	1479	2072	881	647	674	671	547	1000	612	1599	780
ENSG00000000852	CCNB769	1217	13	44	4	23	13	13	2	5	59	33	6	32	4	5	9	25
ENSG00000000853	CACN315	1549	165	109	92	169	73	62	27	74	114	115	122	66	65	42	76	60
ENSG00000000854	TIMM90	1052	2	3	0	5	1	1	0	0	7	0	0	2	6	0	1	5
ENSG00000000855	GNA44	1540	11	47	8	24	72	25	185	18	51	33	17	15	31	17	36	28
ENSG00000000856	SLC457	1327	295	382	610	490	381	562	514	471	134	87	149	48	34	89	125	97
ENSG00000000857	IRS1	3689	10	2	4	21	4	11	1	3	13	0	1	15	4	7	3	3
ENSG00000000858	ANK99	1188	293	106	156	110	275	393	362	442	240	54	88	228	232	109	732	800
ENSG00000000859	SIRT812	2740	78	348	313	147	299	236	214	201	214	155	108	172	209	152	265	333
ENSG00000000860	TMEM521	3466	6	4	7	2	18	0	13	6	10	15	1	3	9	6	11	3
ENSG00000000861	PPP2R712	1345	14	26	50	71	25	40	19	10	61	41	41	59	50	14	41	32
ENSG00000000862	HDAC875	1330	295	232	399	252	176	232	393	93	276	307	123	309	126	127	159	328
ENSG00000000863	FBXO605	5741	47	51	46	42	14	17	37	8	141	98	35	67	15	30	9	17
ENSG00000000864	RAB11FIP442	3901	27	29	8	8	13	25	19	7	6	18	0	6	12	3	10	5
ENSG00000000865	GRIN299	1015	0	4	0	0	1	2	1	0	12	5	10	4	0	0	4	0
ENSG00000000866	GABR161	1652	137	121	161	124	46	118	85	79	136	58	129	81	59	48	22	74
ENSG00000000867	OR861	1614	10	32	57	29	5	6	21	17	26	33	21	22	9	2	9	12
ENSG00000000868	CHRM732	823	60	44	70	70	167	57	94	63	53	51	79	61	68	44	70	77
ENSG00000000869	KCN898	1838	5	7	12	3	7	20	6	9	12	12	11	0	4	26	6	7
ENSG00000000870	MRPL246	3975	3158	2342	2357	2064	1475	1228	1968	1820	1575	2768	2591	1199	1491	1236	1195	2673
ENSG00000000871	SUZ302	2594	30	5	24	22	10	28	35	17	20	14	10	77	13	23	25	22
ENSG00000000872	ARID19	2968	82	99	39	65	399	160	225	185	140	109	79	16	247	118	117	367
ENSG00000000873	DRD663	3220	29	8	38	31	42	20	14	31	20	11	11	53	10	9	15	9
ENSG00000000874	KMT236	1105	0	1	0	1	0	0	2	0	1	0	0	1	0	1	0	0
ENSG00000000875	CUL257	1633	241	439	231	291	267	187	384	276	313	279	400	342	352	108	249	346
ENSG00000000876	DYNC546	2992	137	39	84	53	25	14	23	24	56	40	59	110	22	16	11	22
ENSG00000000877	VCL312	2099	3	7	6	3	6	17	12	9	1	2	1	2	3	0	9	0
ENSG00000000878	KRT339	2518	84	111	225	103	120	59	87	130	191	190	248	124	81	61	104	89
ENSG00000000879	SIRT121	5167	33	24	37	40	1	6	21	12	10	0	9	16	12	4	38	24
ENSG00000000880	PPP2R288	1230	890	2737	2546	1925	536	674	440	546	1892	1242	1498	1406	382	783	363	480
ENSG00000000881	SLC633	5650	1	3	0	0	0	0	1	6	0	2	5	1	6	2	0	1
ENSG00000000882	DUSP252	549	822	954	992	500	1573	839	1989	1085	751	476	878	880	1498	877	476	1171
ENSG00000000883	GRIN35	1560	1	2	42	21	9	18	5	6	15	5	3	6	3	28	21	6
ENSG00000000884	SUZ228	1847	1	0	0	0	0	0	0	0	1	0	0	2	0	0	0	1
ENSG00000000885	DNMT616	928	32	20	24	31	82	27	20	31	26	26	42	33	40	71	43	56
ENSG00000000886	KRT92	2773	171	55	45	66	28	95	38	43	84	75	39	95	12	14	38	42
ENSG00000000887	ZNF696	2198	4	0	3	4	0	1	0	0	2	0	2	0	0	0	0	1
ENSG00000000888	BRD253	1954	64	93	6	79	97	113	53	37	39	52	46	64	34	28	47	99
ENSG00000000889	SLC646	1846	12	5	19	7	1	2	14	1	16	1	0	11	2	8	5	1
ENSG00000000890	EZH850	2079	2	0	11	7	4	3	2	6	2	1	1	1	1	0	0	2
ENSG00000000891	DNMT509	4731	7	12	39	25	43	4	7	11	1	1	7	7	5	4	5	4
ENSG00000000892	UGT881	4507	70	25	26	36	11	13	4	26	26	40	72	28	19	37	26	32
ENSG00000000893	ADAM821	3042	28	11	19	14	25	21	34	13	2	75	10	16	9	28	66	105
ENSG00000000894	KIF850	3089	26	18	27	8	5	3	2	6	28	19	16	25	3	5	14	8
ENSG00000000895	ADAM540	2746	1	0	0	0	1	5	3	0	5	1	3	3	7	7	1	0
ENSG00000000896	FBXO631	1295	247	220	86	121	88	85	125	162	153	140	133	131	84	90	111	168
ENSG00000000897	TUBB584	809	1884	1856	1431	994	2562	2404	3081	2567	1437	1954	1174	2110	2430	1984	1285	3393
ENSG00000000898	TLN287	2356	457	564	537	464	538	375	563	559	669	835	309	192	339	228	613	867
ENSG00000000899	PLC650	1842	21	9	24	39	5	10	3	6	48	20	70	37	3	2	2	5
ENSG00000000900	DHX695	2881	13	63	62	59	89	56	62	77	41	35	54	75	54	70	171	188
ENSG00000000901	ARF54	868	0	5	7	3	3	1	6	14	10	12	2	12	4	2	10	11
ENSG00000000902	CACN607	2449	458	372	534	469	723	712	1354	1041	319	378	460	263	745	415	716	825
ENSG00000000903	SPARC	2874	12	7	17	5	1	21	6	8	2	8	29	21	1	7	17	18
ENSG00000000904	SMARC471	2128	1725	2731	2691	1383	1144	926	1079	1133	1890	1815	1173	3116	1497	1075	1396	1499
ENSG00000000905	TET408	3408	3	3	1	4	69	29	28	22	1	7	13	6	7	24	37	53
ENSG00000000906	CACN722	1711	72	38	44	42	23	36	39	32	94	140	9	63	23	13	23	9
ENSG00000000907	EZH176	2213	2235	5691	3768	3663	1994	3318	2426	1625	4968	3680	4006	1832	2657	1597	2196	2494
ENSG00000000908	SCN741	4045	0	1	2	11	0	0	0	1	9	2	2	0	0	0	1	0
ENSG00000000909	EZH48	2146	2464	2590	2804	3451	1175	1633	3489	2224	4053	3361	3074	3068	1885	1434	2099	1818
ENSG00000000910	SNX45	1873	1	0	0	1	0	1	4	0	4	2	7	4	2	5	2	8
ENSG00000000911	COL725	3990	49	30	70	19	40	40	65	35	50	18	74	6	10	5	59	70
ENSG00000000912	GNA119	1800	18	0	1	16	4	27	8	1	3	7	18	14	12	17	3	8
ENSG00000000913	HTR700	3662	143	240	242	282	86	121	264	155	284	166	185	159	119	61	101	173
ENSG00000000914	SPTB576	2144	14	3	8	6	22	9	5	2	15	11	30	3	4	9	2	1
ENSG00000000915	GABR584	3151	3	17	46	30	3	8	2	3	15	10	6	11	2	8	1	6
ENSG00000000916	TMEM703	1915	0	0	0	0	0	0	0	0	0	0	0	0	0	0	0	0
ENSG00000000917	KIF87	1589	228	186	76	219	93	75	136	62	159	149	165	116	120	73	105	132
ENSG00000000918	ANK866	2283	750	701	1305	779	1554	1034	1199	938	982	1019	1149	717	1016	892	1428	1300
ENSG00000000919	DUSP411	1717	1	2	0	1	0	0	0	0	0	1	1	2	1	0	0	0
ENSG00000000920	TMEM745	1149	705	765	877	1268	1117	1685	1254	2184	1275	914	586	1172	1365	1436	2921	2482
ENSG00000000921	SEC594	1475	129	124	288	93	93	107	94	102	71	192	45	73	74	30	65	108
ENSG00000000922	KIF267	1028	210	224	221	259	87	60	96	157	165	140	213	258	119	75	245	110
ENSG00000000923	GABR689	1057	91	43	35	162	34	21	15	3	69	63	92	90	17	11	54	26
ENSG00000000924	TET366	2134	127	207	158	112	188	79	152	110	231	140	130	135	119	28	50	106
ENSG00000000925	PRKC523	3532	227	165	187	100	83	60	47	67	375	155	93	241	47	81	79	102
ENSG00000000926	PXN4	753	25	35	2	13	22	17	32	10	49	10	9	12	8	5	4	7
ENSG00000000927	VPS664	1988	4	0	2	5	3	5	1	1	5	4	1	3	1	5	5	12
ENSG00000000928	KCN845	4534	36	130	136	102	64	57	46	49	155	44	107	75	82	74	58	44
ENSG00000000929	USP144	2863	14	36	52	15	48	18	32	6	43	7	67	16	15	20	15	32
ENSG00000000930	VPS579	1598	33	37	85	24	18	6	15	16	44	40	12	52	12	10	10	15
ENSG00000000931	MRPL368	1267	46	21	63	28	26	85	37	30	171	48	80	47	50	56	70	57
ENSG00000000932	ANK809	895	369	218	167	77	184	119	146	113	1481	657	883	466	688	417	826	662
ENSG00000000933	RPL487	1645	1	0	0	0	0	1	2	3	0	0	0	0	1	0	0	0
ENSG00000000934	SEC446	2262	2863	1358	745	960	768	1185	1143	1032	1550	1693	727	824	807	734	511	846
ENSG00000000935	HIST1H107	2830	124	78	150	110	38	67	44	65	49	54	77	156	54	40	31	58
ENSG00000000936	KDM682	2522	5	0	3	4	8	0	2	7	8	8	0	6	3	6	0	7
ENSG00000000937	ARF879	2298	116	197	96	141	86	45	96	45	145	25	200	116	63	61	45	56
ENSG00000000938	ADAM333	1302	0	0	1	0	7	3	1	0	0	3	0	3	0	3	1	6
ENSG00000000939	MAPK62	884	126	53	215	70	53	10	55	35	94	92	58	169	18	21	53	63
ENSG00000000940	IL1B	2363	0	0	0	0	0	0	0	0	0	0	0	0	0	0	0	0
ENSG00000000941	PRKC733	763	11	4	24	11	2	27	22	14	15	2	5	18	6	7	17	7
ENSG00000000942	DNMT809	1600	2	8	1	0	16	21	26	7	11	7	11	4	4	9	5	3
ENSG00000000943	ADRB286	1282	63	52	65	28	71	152	447	133	133	185	37	88	155	143	51	199
ENSG00000000944	PXN313	2309	54	12	11	2	15	17	13	21	10	3	17	9	0	1	2	13
ENSG00000000945	ANK321	1356	34	16	38	6	4	19	4	15	8	19	13	34	11	7	0	6
ENSG00000000946	PPP1R118	1385	45	73	47	20	27	37	32	26	47	39	64	39	13	16	33	39
ENSG00000000947	CCNB125	888	86	84	116	94	86	90	235	125	103	136	31	59	190	121	123	121
ENSG00000000948	ATAD671	1060	1	1	5	3	0	2	1	0	6	5	1	1	5	2	1	3
ENSG00000000949	KRT857	1022	1282	1110	2286	1219	1101	1100	1288	1138	1524	1282	765	1544	1051	1073	1028	1499
ENSG00000000950	ABC311	982	203	141	334	52	77	101	131	116	122	80	87	250	68	90	79	112
ENSG00000000951	PPP2R350	1478	94	47	60	20	39	27	18	41	48	49	103	107	31	12	19	56
ENSG00000000952	FBXO470	2893	30	1	5	0	2	7	7	12	12	27	5	4	1	9	0	6
ENSG00000000953	USP68	2445	31	58	11	8	29	46	24	8	73	25	1	35	12	4	31	6
ENSG00000000954	OR577	1751	18	5	21	22	4	37	54	24	25	12	16	2	33	9	2	16
ENSG00000000955	CDH2	2386	193	120	341	188	127	421	535	279	907	683	562	612	1148	972	506	1450
ENSG00000000956	RHO201	2236	75	22	39	6	5	27	9	13	13	53	89	5	8	9	6	27
ENSG00000000957	RPS6KB1	1352	21	228	128	104	61	166	202	50	236	377	247	385	338	221	697	290
ENSG00000000958	RAB11FIP565	2264	2	9	6	0	0	1	1	1	3	2	1	0	0	0	6	0
ENSG00000000959	EIF388	3615	1277	1166	1576	1589	916	491	666	397	1478	1713	1059	1472	677	627	545	1422
ENSG00000000960	UGT329	2893	557	762	573	411	283	698	829	317	935	303	456	606	382	787	378	612
ENSG00000000961	DNMT681	3273	220	190	242	277	422	828	467	611	250	223	244	203	568	236	599	587
ENSG00000000962	MYD88	1014	2522	1849	1652	2030	3100	4067	4358	3255	376	276	453	406	699	381	365	484
ENSG00000000963	TOMM641	886	26	15	9	9	10	6	4	61	23	14	17	28	84	5	10	21
ENSG00000000964	SIRT83	4574	3	14	8	7	39	62	62	23	24	14	2	12	26	12	34	4
ENSG00000000965	ABC494	2684	0	3	1	0	0	0	0	0	4	0	0	0	1	0	0	0
ENSG00000000966	KMT2674	2964	0	5	11	1	2	1	1	1	1	5	7	4	0	2	4	0
ENSG00000000967	HIST1H85	1856	2509	2544	3576	2946	923	1505	1305	1169	2892	978	1632	2269	1523	2187	1163	1109
ENSG00000000968	KRT284	1997	4	4	1	3	2	0	3	1	0	3	1	2	1	0	2	0
ENSG00000000969	ABC435	1725	6	10	0	10	4	3	7	1	16	3	1	7	6	4	2	2
ENSG00000000970	ARID362	3062	19	29	28	38	49	6	64	41	48	18	45	11	13	30	38	63
ENSG00000000971	OR323	1436	2	11	47	10	7	6	16	30	6	5	17	2	10	8	57	1
ENSG00000000972	VCL677	1921	20	69	34	18	23	26	18	29	44	45	38	89	26	53	26	24
ENSG00000000973	SIRT337	2138	65	47	13	54	27	4	10	18	60	8	16	23	32	55	20	5
ENSG00000000974	CUL882	1826	32	34	50	49	54	41	7	136	84	41	49	45	58	21	25	51
ENSG00000000975	KIF699	3690	63	52	32	42	209	123	67	62	25	28	14	32	85	48	53	136
ENSG00000000976	CCR7	1833	37	81	20	44	62	57	58	119	96	106	256	40	227	71	114	426
ENSG00000000977	ARID143	958	48	40	26	33	12	16	11	11	35	57	38	15	16	11	34	20
ENSG00000000978	ATAD465	1862	55	32	51	15	20	10	5	2	18	26	29	6	5	2	18	4
ENSG00000000979	HDAC292	1488	77	96	189	114	118	155	90	116	88	148	73	100	124	120	187	153
ENSG00000000980	TET858	1108	10	52	35	29	34	14	47	21	41	10	48	41	18	10	39	36
ENSG00000000981	PPP2R477	1643	3	0	0	0	10	23	19	2	7	1	0	16	10	13	23	4
ENSG00000000982	HTR513	810	25	3	6	1	14	15	2	5	11	12	18	2	18	24	21	8
ENSG00000000983	PPP1R573	1891	34	20	7	27	28	58	103	31	10	5	12	26	28	5	32	9
ENSG00000000984	ANAPC67	1243	286	349	272	215	513	425	660	606	371	290	214	180	724	428	682	687
ENSG00000000985	ABC597	2216	2345	2595	1216	2310	762	886	849	1091	3870	2434	1265	2232	1005	858	811	814
ENSG00000000986	CYP163	2325	240	257	179	244	186	149	218	258	265	285	151	150	227	124	158	158
ENSG00000000987	BRD731	817	170	68	66	104	15	40	48	72	200	80	52	88	41	36	23	32
ENSG00000000988	KMT254	1678	255	113	159	247	80	144	142	59	292	200	202	222	132	161	88	93
ENSG00000000989	PXN446	1681	82	66	75	82	165	72	34	139	146	188	87	93	67	73	96	124
ENSG00000000990	TUBB829	3750	13	38	41	49	169	52	57	86	18	34	5	6	17	77	249	96
ENSG00000000991	RAB11FIP398	1486	114	47	90	29	15	13	23	25	81	44	26	103	18	16	23	76
ENSG00000000992	VPS237	1066	34	0	9	18	9	9	38	9	57	34	19	43	7	24	10	4
ENSG00000000993	SUZ852	909	26	72	56	17	31	60	56	9	40	74	44	66	51	89	70	128
ENSG00000000994	CYP707	1858	390	534	632	936	1782	1181	2057	1186	824	847	705	611	1186	2142	1351	1352
ENSG00000000995	CACN823	3915	31	6	16	15	17	2	20	10	13	6	18	10	3	1	0	1
ENSG00000000996	KMT2805	4214	35	9	27	10	12	74	33	38	39	54	22	36	61	30	5	45
ENSG00000000997	RPL221	1303	0	2	1	9	6	0	2	4	0	1	0	0	2	24	6	6
ENSG00000000998	DDX803	1431	0	0	3	13	6	0	0	8	1	1	0	2	0	1	2	1
ENSG00000000999	CYP842	1787	357	214	89	217	137	309	170	253	179	81	324	232	140	202	291	223
ENSG00000001000	KDM736	1486	4	30	17	2	31	6	9	2	6	24	22	45	14	6	31	28
ENSG00000001001	GABR668	2442	1	5	7	0	6	7	2	1	2	7	1	0	4	11	5	1
ENSG00000001002	DRD392	4950	31	22	95	44	25	23	25	65	69	21	31	42	3	17	5	36
ENSG00000001003	PXN229	4134	110	42	77	80	79	43	95	57	65	112	87	64	44	48	35	68
ENSG00000001004	CYP602	2704	127	170	261	160	203	117	275	382	307	490	275	430	280	320	267	820
ENSG00000001005	GNA136	1043	68	80	87	65	23	51	37	19	52	82	50	48	62	25	16	22
ENSG00000001006	TIMM43	1340	13	14	11	33	26	90	121	13	11	26	27	12	43	92	29	122
ENSG00000001007	RAD51	1213	17	11	11	15	24	27	10	13	45	29	2	18	34	12	18	24
ENSG00000001008	MRPL525	6582	35	25	11	20	15	32	13	13	18	23	22	8	4	17	5	17
ENSG00000001009	H2AF743	1578	2	4	4	1	0	1	24	7	0	4	4	10	0	9	1	13
ENSG00000001010	COPB727	1008	6	16	43	4	4	9	12	2	28	33	16	9	14	3	13	7
ENSG00000001011	KIF53	7802	753	559	1337	933	1606	1257	862	1014	4118	2036	4231	3125	3667	2214	3392	4985
ENSG00000001012	ANK476	1366	114	134	108	103	297	308	206	187	104	93	72	138	180	155	230	388
ENSG00000001013	CUL103	989	284	115	162	70	85	124	110	88	253	120	148	186	95	162	174	145
ENSG00000001014	KCN599	1207	735	375	578	400	365	429	549	471	604	467	700	484	576	392	464	667
ENSG00000001015	TUBB251	1674	18	67	84	157	54	124	120	216	111	128	59	49	89	55	52	51
ENSG00000001016	TRIM670	6162	5	0	2	4	4	1	2	2	2	4	10	5	3	2	5	0
ENSG00000001017	RHO427	1668	129	120	231	279	70	56	90	55	154	131	214	197	81	72	60	49
ENSG00000001018	ATAD407	2361	6	9	7	14	0	3	5	0	6	6	1	6	0	0	1	1
ENSG00000001019	CDC183	1412	16	3	1	16	0	0	2	1	1	3	3	1	7	0	3	5
ENSG00000001020	HES1	2404	302	239	199	269	848	651	713	612	418	477	151	268	855	742	487	693
ENSG00000001021	KRT589	974	384	132	363	236	503	285	262	428	287	221	192	194	316	277	296	191
ENSG00000001022	KDM827	2654	22	26	20	15	21	34	56	18	43	65	13	19	39	10	6	16
ENSG00000001023	ANK201	1627	35	0	5	2	8	6	12	3	8	7	1	32	15	6	9	1
ENSG00000001024	SCN161	2187	385	377	275	407	185	148	226	128	312	138	194	234	285	226	177	237
ENSG00000001025	MRPL776	1158	13	9	29	9	18	19	54	6	11	34	7	21	29	10	20	25
ENSG00000001026	SERPINE1	2831	1	2	1	2	5	4	2	0	0	0	1	0	3	2	0	2
ENSG00000001027	MAPK810	974	19	74	48	58	22	16	9	13	88	46	15	31	47	11	54	20
ENSG00000001028	H2AF119	1545	0	1	4	0	1	0	0	0	1	1	0	0	0	0	0	0
ENSG00000001029	SKP73	3013	128	162	133	105	246	372	317	577	253	247	219	189	444	279	555	298
ENSG00000001030	MYO580	4748	39	100	58	40	28	15	17	35	43	23	59	44	23	9	16	20
ENSG00000001031	TMEM791	2912	7	8	18	3	0	4	12	2	7	5	9	14	25	0	12	3
ENSG00000001032	KRT487	3068	337	396	533	388	186	377	157	281	424	380	324	309	366	243	371	422
ENSG00000001033	RNF550	464	31	29	26	16	11	7	13	5	4	9	9	21	5	11	7	12
ENSG00000001034	DDX222	980	8	18	18	29	7	8	38	6	36	7	47	12	3	24	6	8
ENSG00000001035	VCL292	898	64	43	40	95	80	62	184	87	199	75	83	83	197	115	205	181
ENSG00000001036	PPP2R647	1961	55	13	7	27	12	26	41	9	27	42	13	56	24	19	17	31
ENSG00000001037	SNX835	1482	64	47	59	32	24	31	24	58	72	70	25	55	95	64	42	39
ENSG00000001038	HIST1H460	1167	0	1	0	2	1	2	0	3	0	0	3	0	3	0	3	0
ENSG00000001039	VPS691	3727	8	4	7	0	4	0	6	13	1	1	5	1	3	6	3	0
ENSG00000001040	SPTB660	1662	42	10	43	43	12	23	29	20	45	24	57	17	25	40	17	20
ENSG00000001041	DNMT781	1598	0	1	1	0	0	1	3	0	0	1	3	3	6	0	1	1
ENSG00000001042	CASP3	2676	0	3	0	0	2	0	1	1	1	1	2	6	1	0	4	3
ENSG00000001043	COL840	2609	57	50	58	47	84	63	130	97	47	63	84	62	73	85	38	50
ENSG00000001044	EZH130	4412	22	28	107	10	51	21	63	47	13	11	29	53	58	7	64	22
ENSG00000001045	MAPK281	1780	1	0	1	1	0	1	1	0	2	2	0	0	2	0	0	0
ENSG00000001046	DDX457	1839	3	0	7	2	5	0	5	7	18	1	0	0	2	0	3	2
ENSG00000001047	H2AF830	1674	46	6	91	32	52	21	23	36	117	83	38	39	20	14	54	3
ENSG00000001048	CCNB461	2689	26	3	15	0	3	0	4	2	14	2	11	25	0	0	8	0
ENSG00000001049	TET9	1598	109	150	157	137	172	589	210	468	109	159	51	137	263	318	616	630
ENSG00000001050	EIF514	8127	1	1	0	1	0	0	0	0	0	0	0	0	0	0	0	0
ENSG00000001051	IGF1	735	6	1	9	0	3	2	0	1	0	2	1	1	0	0	3	3
ENSG00000001052	TUBB636	3310	22	7	11	15	6	12	7	6	32	43	32	28	16	3	4	6
ENSG00000001053	MYO312	1954	0	0	5	4	1	0	1	0	3	4	5	1	0	2	1	0
ENSG00000001054	CUL507	2169	1	24	3	15	27	61	55	26	15	4	14	16	30	9	55	17
ENSG00000001055	HDAC171	2493	36	14	44	40	31	6	41	19	59	64	33	22	10	19	32	10
ENSG00000001056	UBE2149	1541	37	88	56	42	15	27	14	7	119	42	63	47	46	5	26	11
ENSG00000001057	VPS808	1554	25	49	70	16	10	14	5	4	10	9	41	63	25	20	8	9
ENSG00000001058	MRPL442	1749	54	193	127	39	19	157	119	42	62	79	70	88	115	262	133	105
ENSG00000001059	KMT2693	4469	225	507	398	284	95	657	660	182	307	246	239	284	477	258	417	484
ENSG00000001060	AXIN2	2617	494	1084	1038	612	829	811	887	454	6148	5140	4403	3045	2530	5733	3323	3634
ENSG00000001061	PRKC130	590	185	270	243	197	240	235	194	260	325	179	299	305	143	157	430	93
ENSG00000001062	ANK120	3289	15	4	6	4	3	9	9	16	4	14	9	2	3	2	3	11
ENSG00000001063	KRT697	1250	6	5	2	11	0	0	0	1	2	5	4	0	6	4	2	7
ENSG00000001064	G6PD	2264	27	17	33	43	25	21	15	12	86	156	102	170	97	59	69	108
ENSG00000001065	GRIN141	2656	16	49	18	30	28	18	17	67	50	46	39	43	13	24	81	43
ENSG00000001066	SCN887	3354	31	97	38	30	37	47	35	14	89	7	71	49	71	41	16	36
ENSG00000001067	EZH521	1655	53	34	91	61	58	29	51	66	246	79	228	106	55	30	63	8
ENSG00000001068	UGT872	2800	112	92	150	304	181	170	235	104	108	172	121	78	103	165	197	211
ENSG00000001069	CDC757	558	41	55	154	69	37	41	30	85	71	140	121	37	138	31	121	67
ENSG00000001070	DRD505	2404	30	45	159	38	17	92	40	65	42	40	88	50	158	43	37	68
ENSG00000001071	USP444	4631	595	410	276	205	81	64	95	96	240	443	266	244	46	68	146	109
ENSG00000001072	MRPS585	1432	22	25	98	64	8	111	47	27	105	37	55	64	13	27	17	17
ENSG00000001073	ZNF837	1068	20	19	17	39	12	8	14	2	38	51	32	15	8	1	10	39
ENSG00000001074	DDX661	2251	3	4	18	2	2	0	12	8	7	0	1	0	4	0	1	12
ENSG00000001075	SKP516	2548	1	0	7	2	1	2	2	5	12	3	1	6	12	21	8	5
ENSG00000001076	HIST1H66	1737	15	9	3	2	2	12	6	8	3	1	15	16	9	0	6	3
ENSG00000001077	PPP1R769	1385	29	63	44	90	20	18	5	11	10	27	17	24	12	5	11	6
ENSG00000001078	ARF819	2806	29	66	44	43	76	37	84	53	53	44	40	23	108	49	41	50
ENSG00000001079	TRIM825	2901	180	58	148	115	43	166	234	144	92	90	173	207	88	95	109	91
ENSG00000001080	ADRB349	2549	3	4	5	24	9	5	4	15	4	5	16	6	0	1	6	1
ENSG00000001081	SKP377	3363	99	83	86	81	44	76	80	86	39	23	38	58	15	32	28	30
ENSG00000001082	HDAC689	1726	15	3	15	16	3	8	6	2	8	16	7	23	3	5	11	14
ENSG00000001083	CCNB670	1751	129	298	368	195	278	194	517	194	128	119	211	383	365	146	540	532
ENSG00000001084	SUZ304	2135	75	71	89	53	34	50	36	27	27	28	27	140	58	64	40	21
ENSG00000001085	CYP898	6958	46	74	93	27	65	14	46	30	26	78	85	87	63	20	49	30
ENSG00000001086	VPS847	2009	6	10	24	6	13	14	9	19	8	8	10	8	13	9	3	11
ENSG00000001087	ACTN759	1730	183	93	200	181	234	178	127	321	122	111	216	185	254	228	201	323
ENSG00000001088	TUBB782	1287	10	1	5	11	8	3	4	0	1	2	9	1	7	8	5	3
ENSG00000001089	ARID101	1867	5	21	24	30	10	9	6	9	13	29	8	1	11	7	17	10
ENSG00000001090	SDHA	3116	68	50	121	12	77	47	199	43	13	28	29	5	17	23	17	9
ENSG00000001091	GNA122	1696	0	7	4	4	5	8	7	4	11	8	6	5	7	4	23	5
ENSG00000001092	PRKC277	6031	1	3	11	0	1	5	3	0	7	2	13	1	4	0	0	24
ENSG00000001093	ABC554	1730	24	2	9	9	19	2	12	0	3	1	12	1	10	4	31	24
ENSG00000001094	MYO619	5845	28	15	8	38	15	9	58	9	13	56	14	11	34	1	25	10
ENSG00000001095	H2AF671	4260	56	35	121	81	30	84	70	18	50	60	100	26	37	66	57	24
ENSG00000001096	UBE2628	2006	38	24	4	29	7	42	39	4	28	9	15	12	40	16	31	22
ENSG00000001097	TUBB394	917	40	71	40	198	13	11	53	32	50	31	43	18	23	10	11	13
ENSG00000001098	ARID102	3069	53	32	85	84	39	8	25	14	33	36	19	16	86	18	38	46
ENSG00000001099	TRIM492	2103	445	347	537	497	151	233	201	233	603	452	526	328	170	222	131	211
ENSG00000001100	KRT896	1123	88	114	101	55	26	109	130	36	61	156	73	68	88	63	128	156
ENSG00000001101	LDHB	2624	86	51	56	102	159	49	56	131	403	329	129	94	480	341	491	497
ENSG00000001102	ADRB108	1461	5	16	1	1	8	65	4	5	22	12	1	31	26	19	28	40
ENSG00000001103	PRKC626	1744	355	426	292	196	364	434	776	537	492	200	368	351	559	422	636	880
ENSG00000001104	MAPK421	2479	54	15	14	64	30	14	13	10	27	53	18	13	7	3	32	13
ENSG00000001105	SIRT729	2676	385	724	525	610	437	401	259	237	247	235	363	422	348	455	399	332
ENSG00000001106	RHO430	1796	252	267	155	439	374	192	138	215	364	198	330	203	132	166	91	198
ENSG00000001107	SUZ821	1777	4	3	2	1	0	9	2	4	3	4	0	0	4	0	3	2
ENSG00000001108	TP53	1310	24	3	5	4	14	2	7	7	5	19	7	8	22	4	11	15
ENSG00000001109	COL467	1465	31	83	19	17	65	49	64	135	75	24	22	19	40	58	99	54
ENSG00000001110	KRT465	4878	20	7	42	34	7	11	10	3	45	25	26	58	20	9	11	11
ENSG00000001111	COL455	3251	121	55	257	96	41	156	158	160	147	83	63	96	76	67	127	204
ENSG00000001112	DNMT361	4518	94	124	183	56	122	234	95	192	129	131	120	209	154	67	129	176
ENSG00000001113	SUZ684	1088	49	25	46	31	69	43	42	22	45	54	27	77	47	82	83	87
ENSG00000001114	KCN612	2220	273	250	265	96	119	115	275	160	204	112	54	156	106	213	379	178
ENSG00000001115	FBXO114	3655	49	79	11	13	85	18	18	39	94	50	145	70	89	65	59	135
ENSG00000001116	BRD13	2794	418	368	286	641	347	485	382	597	701	342	373	139	602	249	662	360
ENSG00000001117	EZH170	2355	207	265	312	327	100	225	113	183	279	141	144	483	190	159	170	297
ENSG00000001118	ANK559	1930	622	351	863	266	242	254	332	301	475	216	416	173	232	266	368	559
ENSG00000001119	FBXO493	629	480	338	566	788	327	452	839	247	441	447	216	579	457	528	720	540
ENSG00000001120	SPTB440	808	5	0	0	4	8	11	15	18	6	0	9	3	11	5	31	31
ENSG00000001121	SUZ3	2495	140	183	135	85	112	139	369	96	147	55	83	108	257	247	220	190
ENSG00000001122	H2AF277	2092	201	719	293	127	307	273	186	336	562	80	179	423	294	399	170	445
ENSG00000001123	MRPS651	3131	641	679	563	926	247	499	461	354	928	387	645	656	442	476	405	313
ENSG00000001124	KIF619	4632	4	3	13	11	10	2	2	1	2	6	1	0	9	1	4	2
ENSG00000001125	ANK282	1750	20	3	24	4	3	1	6	8	16	8	17	26	1	3	1	6
ENSG00000001126	RAB11FIP67	2117	66	80	123	131	150	123	122	247	221	93	181	38	248	133	167	186
ENSG00000001127	GABR677	2686	1	3	3	5	0	4	7	0	3	0	0	0	0	1	1	1
ENSG00000001128	CHRM539	5900	67	41	32	45	41	101	115	86	62	91	137	203	59	187	142	80
ENSG00000001129	TET606	1170	182	182	137	119	462	109	538	238	152	81	74	143	466	174	292	391
ENSG00000001130	KIF378	2050	750	1016	770	582	545	490	845	489	1517	665	1060	1215	247	404	465	361
ENSG00000001131	OR887	8498	22	21	65	27	23	17	22	14	51	39	32	29	31	41	39	23
ENSG00000001132	PRKC135	3072	416	759	683	375	1019	2064	744	882	545	483	430	983	1332	1288	1456	2099
ENSG00000001133	TIMM186	762	1	3	0	3	4	0	19	3	4	8	3	2	0	4	1	1
ENSG00000001134	MAPK36	1484	0	0	2	0	0	0	0	0	0	0	1	0	0	1	0	2
ENSG00000001135	SUZ591	1778	1	1	10	12	7	1	3	1	14	8	1	15	2	2	1	2
ENSG00000001136	SEC744	1384	22	16	17	37	7	37	127	32	68	14	69	71	38	82	76	199
ENSG00000001137	PRKC195	1604	105	98	130	126	115	172	394	374	108	26	49	51	390	274	206	370
ENSG00000001138	SPTB645	1147	17	1	0	13	1	5	7	1	44	0	4	3	7	2	0	24
ENSG00000001139	TMEM139	1507	14	7	4	29	2	12	4	1	23	6	2	4	9	2	14	5
ENSG00000001140	DNMT419	729	204	170	201	129	446	363	286	185	96	88	96	321	346	305	349	427
ENSG00000001141	BRD818	629	84	53	134	97	22	35	21	79	27	38	56	54	18	32	97	35
ENSG00000001142	SKP714	2282	432	274	261	476	155	211	390	81	871	775	295	432	353	303	321	556
ENSG00000001143	CUL875	2132	49	38	45	55	7	9	9	7	86	28	17	31	5	25	11	2
ENSG00000001144	PXN31	1780	2	4	7	3	5	33	1	5	8	6	12	1	17	3	19	11
ENSG00000001145	ZNF868	2542	1	3	3	0	0	2	4	4	4	1	8	3	1	3	1	0
ENSG00000001146	HDAC399	3047	32	14	5	12	2	6	18	22	33	6	20	26	7	19	11	1
ENSG00000001147	EIF199	1641	36	42	13	32	9	21	47	30	34	29	37	6	36	32	37	91
ENSG00000001148	HDAC126	2985	15	32	21	26	7	16	12	16	37	45	92	31	35	12	20	35
ENSG00000001149	VCL426	1757	2	2	0	0	1	1	7	6	0	1	3	1	0	4	2	0
ENSG00000001150	SMARC170	2850	28	20	2	13	4	12	11	6	3	10	15	2	5	6	28	52
ENSG00000001151	BRD639	1496	24	35	13	16	73	47	57	44	33	14	14	28	21	33	75	51
ENSG00000001152	PRKC420	936	30	22	39	37	11	1	24	36	7	33	8	13	6	12	19	17
ENSG00000001153	ANAPC608	3122	3	0	6	1	2	0	0	1	1	2	6	10	3	3	1	0
ENSG00000001154	SEC827	1794	113	97	233	166	134	108	221	81	71	111	51	49	104	132	39	114
ENSG00000001155	OR181	4192	87	79	68	69	29	54	32	34	100	49	58	57	41	68	12	78
ENSG00000001156	FH	1908	47	46	15	11	6	28	11	20	7	15	9	17	32	12	6	20
ENSG00000001157	CHRM361	1751	279	285	658	419	230	212	197	244	752	371	307	635	315	154	341	330
ENSG00000001158	RAB161	3309	74	46	48	42	20	35	15	36	22	18	52	114	11	20	26	31
ENSG00000001159	ANK556	2417	2051	2584	3234	1797	12339	7374	6956	5356	2486	2906	2644	3848	8875	7168	7464	11330
ENSG00000001160	HDAC268	7181	27	16	17	11	1	71	3	11	28	42	33	71	0	9	12	37
ENSG00000001161	DRD684	2129	488	347	590	221	357	1149	1310	719	423	291	499	149	865	502	958	1196
ENSG00000001162	UGT47	1325	12	20	6	10	8	0	5	10	9	7	20	2	6	4	7	9
ENSG00000001163	USP408	2711	15	16	47	10	7	9	11	9	12	21	29	37	18	13	3	7
ENSG00000001164	HTR301	6026	825	1240	956	762	733	519	706	726	772	423	420	543	341	621	532	472
ENSG00000001165	MRPS320	3032	6	24	3	17	4	5	23	1	9	11	14	14	14	2	7	9
ENSG00000001166	MMP759	2164	2	6	9	8	3	27	9	6	9	2	33	8	6	33	23	20
ENSG00000001167	BRD631	1613	3	12	4	2	3	0	1	2	13	3	6	5	1	5	1	4
ENSG00000001168	ADAM229	2687	190	190	290	246	75	131	129	105	102	55	58	230	119	120	73	56
ENSG00000001169	RAB11FIP654	1031	45	43	37	76	77	27	221	41	150	48	80	72	84	151	67	87
ENSG00000001170	SPTB315	2011	9	0	1	3	0	9	2	4	2	1	9	0	9	2	1	1
ENSG00000001171	UGT103	2521	2	1	2	3	0	1	2	0	0	0	2	6	1	2	0	1
ENSG00000001172	UBE2289	1605	183	119	81	220	146	157	136	240	265	121	163	84	59	217	33	217
ENSG00000001173	ANK440	1406	97	111	180	112	103	56	63	26	179	150	167	91	33	67	81	55
ENSG00000001174	IDH2	675	2	5	13	6	0	1	6	5	10	8	18	7	4	3	10	3
ENSG00000001175	SMARC303	2473	328	341	423	193	73	121	56	181	224	186	247	279	104	157	176	293
ENSG00000001176	EIF569	1511	2109	1868	2464	1299	1563	1340	1736	2400	1915	1617	1615	1643	1760	1916	1740	4000
ENSG00000001177	VCL715	4900	59	53	154	47	12	9	53	24	33	36	23	14	8	13	16	14
ENSG00000001178	ANK255	795	14	27	32	34	20	23	10	38	56	11	57	15	17	48	69	43
ENSG00000001179	KDM709	2065	11	24	48	7	2	54	49	11	8	26	2	23	42	21	16	10
ENSG00000001180	DRD65	995	10	6	8	0	4	9	1	0	3	19	2	1	2	0	3	2
ENSG00000001181	CUL697	1312	55	49	58	66	61	69	14	58	43	34	85	47	66	37	76	63
ENSG00000001182	TLN709	2013	0	2	16	2	2	9	1	5	13	6	1	2	3	2	0	6
ENSG00000001183	ANAPC680	2462	14	7	5	12	65	42	75	24	5	9	8	10	46	11	43	16
ENSG00000001184	ADRB197	1641	29	80	44	43	79	108	108	84	72	118	69	79	31	30	67	31
ENSG00000001185	CUL688	3593	79	59	184	80	60	86	110	67	118	130	89	114	183	151	80	122
ENSG00000001186	PXN7	2350	12	40	44	5	4	139	4	22	8	10	36	10	47	34	13	18
ENSG00000001187	SCN239	2695	54	14	88	101	96	55	57	65	55	29	46	58	134	32	189	88
ENSG00000001188	SKP682	916	0	9	6	4	3	1	1	3	0	1	1	8	3	2	1	1
ENSG00000001189	PPP1R648	2341	2	15	21	12	3	11	3	2	36	8	8	21	8	1	2	2
ENSG00000001190	HDAC578	1242	34	39	14	31	4	12	5	11	17	14	7	11	30	1	11	17
ENSG00000001191	GABR245	1337	37	5	32	39	46	55	10	17	4	7	19	54	12	9	43	11
ENSG00000001192	DYNC98	1786	0	3	6	2	0	1	7	2	0	0	3	2	0	2	13	7
ENSG00000001193	SPTB298	5776	2	26	11	41	9	12	40	14	32	14	9	6	8	24	11	5
ENSG00000001194	USP633	7047	29	19	118	29	17	17	27	19	35	69	23	97	25	33	31	23
ENSG00000001195	UBE2358	2383	4	0	1	3	10	7	3	2	12	3	1	3	2	1	4	3
ENSG00000001196	SCN725	3021	40	37	43	22	8	14	18	16	13	17	24	10	8	12	21	8
ENSG00000001197	COPB34	3251	87	58	40	58	116	66	107	109	38	47	111	51	70	78	126	37
ENSG00000001198	KMT2509	1505	0	1	0	2	4	0	7	1	12	1	4	10	2	0	5	1
ENSG00000001199	EZH148	3454	109	226	145	109	36	49	120	91	118	82	129	95	67	59	50	109
ENSG00000001200	RNF281	1971	5	9	21	18	25	17	12	18	56	5	0	16	5	2	3	56
ENSG00000001201	MRPL532	1949	55	105	64	87	48	69	56	44	26	36	18	20	28	38	27	35
ENSG00000001202	MRPL183	3373	13	16	26	30	13	36	67	55	23	23	81	20	18	40	25	47
ENSG00000001203	MYO655	1019	135	83	127	102	86	76	32	121	20	52	79	24	43	60	96	25
ENSG00000001204	DNMT71	1144	1	0	0	19	6	2	1	8	17	1	8	0	4	6	3	2
ENSG00000001205	HDAC522	2262	2	0	0	0	0	0	0	0	0	2	0	0	0	0	1	1
ENSG00000001206	KDM611	3019	1041	880	807	841	1923	2686	4529	2031	1622	1147	1014	1264	2694	2317	2074	4241
ENSG00000001207	HIST1H417	930	5	1	1	0	4	11	1	0	3	7	10	7	1	1	12	3
ENSG00000001208	TRIM191	915	5	4	1	2	2	1	4	4	4	14	4	1	1	4	5	0
ENSG00000001209	PPP2R31	1007	107	98	193	79	22	63	37	43	163	76	89	106	60	53	58	14
ENSG00000001210	ARF888	1255	1	3	0	0	0	3	6	1	1	0	0	0	0	0	0	0
ENSG00000001211	DUSP724	1685	25	27	29	14	57	9	4	16	68	61	19	22	7	5	6	5
ENSG00000001212	TUBB851	3271	145	391	412	242	366	367	363	241	1841	550	1098	1445	994	1089	1993	1249
ENSG00000001213	FBXO58	2312	13	31	18	66	46	46	86	75	84	35	18	30	4	157	29	39
ENSG00000001214	SNX439	1835	71	183	328	240	67	93	84	96	306	351	142	135	49	35	112	105
ENSG00000001215	ERCC1	859	13	22	21	11	19	25	33	49	12	12	12	9	63	14	41	8
ENSG00000001216	SLC323	4037	47	27	186	76	60	26	17	45	78	20	25	32	48	24	47	86
ENSG00000001217	BRD389	3771	118	68	174	93	86	60	60	227	83	61	90	185	175	109	106	108
ENSG00000001218	VEGFA	2197	2	0	3	4	2	0	0	1	2	1	1	9	1	2	0	1
ENSG00000001219	DRD669	2454	18	43	108	27	13	40	114	68	52	18	8	56	34	35	24	80
ENSG00000001220	UBE2266	1761	48	6	24	2	1	1	10	2	27	38	18	18	7	6	3	22
ENSG00000001221	TMEM618	1353	19	34	102	74	35	13	25	33	62	13	17	7	39	28	16	98
ENSG00000001222	ZNF729	2654	6	11	56	44	6	28	99	45	42	11	27	7	59	73	16	16
ENSG00000001223	PLC127	2816	13	1	5	0	1	0	9	4	0	1	0	3	4	9	5	11
ENSG00000001224	RHO207	1460	2	1	2	0	0	0	3	0	1	1	2	0	0	1	0	3
ENSG00000001225	RAB11FIP147	1894	42	13	10	13	12	4	18	1	17	17	11	20	19	21	11	23
ENSG00000001226	TET292	1476	1767	1377	1773	965	542	752	459	765	1263	1086	694	1583	526	568	822	597
ENSG00000001227	KDM477	4732	8	3	0	0	1	14	3	9	6	1	2	6	11	2	2	1
ENSG00000001228	SIRT248	740	43	25	56	27	33	17	88	41	13	18	69	19	58	81	31	92
ENSG00000001229	GRIN335	1695	60	53	55	51	14	51	26	30	145	76	76	95	19	27	34	31
ENSG00000001230	HIST1H555	3003	0	4	4	1	0	1	0	1	1	0	0	0	0	0	0	0
ENSG00000001231	GRIN572	2595	35	25	13	28	194	87	235	37	38	46	61	9	228	139	60	237
ENSG00000001232	TET896	1444	14	7	5	6	14	19	37	1	2	0	2	8	14	21	7	3
ENSG00000001233	DYNC248	2212	0	0	0	0	0	0	0	0	0	0	0	2	0	0	0	0
ENSG00000001234	CHRM219	1305	401	280	497	349	293	631	323	575	951	542	609	537	949	1028	942	972
ENSG00000001235	KCN36	3627	0	19	11	10	8	9	7	1	7	14	24	3	0	2	3	9
ENSG00000001236	TMEM582	3696	210	169	278	103	40	120	218	189	113	146	105	263	118	97	49	134
ENSG00000001237	COL741	1279	7	5	6	2	6	6	12	6	0	0	2	10	2	1	0	16
ENSG00000001238	EIF823	6362	2	4	2	0	1	0	5	6	1	5	1	0	1	2	5	1
ENSG00000001239	KMT2877	1847	23	5	28	17	9	24	19	108	5	44	15	34	20	43	77	57
ENSG00000001240	RHO305	1894	213	185	279	225	253	224	312	304	241	270	194	146	721	234	329	459
ENSG00000001241	GABR415	3172	288	1057	1111	726	525	284	715	754	751	660	334	535	823	649	561	559
ENSG00000001242	DHX7	12887	106	131	67	46	87	91	63	40	78	130	22	81	45	94	26	82
ENSG00000001243	ARF445	2532	0	2	8	1	15	8	1	2	5	1	3	2	11	5	2	0
ENSG00000001244	EZH162	2095	1	0	0	2	0	2	6	2	1	0	0	1	0	1	5	1
ENSG00000001245	RAB11FIP483	5218	42	22	40	4	13	8	39	13	13	31	14	0	9	29	4	16
ENSG00000001246	COPB143	2355	0	0	1	0	1	0	18	4	0	0	0	0	2	2	6	8
ENSG00000001247	MYO695	1948	45	30	55	45	16	20	30	18	22	52	25	27	17	52	12	30
ENSG00000001248	CDC68	1482	1	48	37	37	41	31	10	24	43	43	44	19	48	30	29	14
ENSG00000001249	KDM549	1670	11	10	8	3	16	2	11	2	20	3	3	11	4	12	8	13
ENSG00000001250	PRKC27	6192	88	84	127	99	75	102	23	61	59	56	104	83	23	69	56	94
ENSG00000001251	ANK630	1461	1	3	1	0	0	0	0	6	2	0	3	4	10	1	4	1
ENSG00000001252	CAT	1025	0	0	1	0	0	0	1	0	0	0	0	0	0	0	0	0
ENSG00000001253	PPP2R29	5170	34	30	26	69	55	59	81	65	70	59	67	100	94	48	86	43
ENSG00000001254	MMP298	1612	35	4	1	12	5	3	5	3	32	19	5	5	1	1	4	8
ENSG00000001255	TUBB655	2318	418	250	632	291	106	175	241	155	357	317	151	334	178	134	82	196
ENSG00000001256	CCNB514	8537	63	55	82	66	57	95	90	20	46	56	40	56	85	61	43	113
ENSG00000001257	FBXO811	2231	6	8	33	4	9	6	16	6	2	0	5	21	4	6	21	21
ENSG00000001258	KIF117	1485	25	15	68	13	49	118	47	45	43	10	14	11	44	49	92	54
ENSG00000001259	TUBB206	1755	5	1	11	2	12	9	6	7	19	2	7	3	0	10	2	3
ENSG00000001260	OR85	2287	6	23	59	22	30	20	7	6	3	58	10	14	5	25	17	10
ENSG00000001261	TRIM133	1494	0	0	0	0	0	2	2	0	7	0	0	0	0	3	1	0
ENSG00000001262	MYO498	1185	15	11	7	5	2	3	29	15	43	9	34	29	8	11	32	0
ENSG00000001263	GABR574	2662	33	31	40	44	18	62	112	73	57	51	86	21	42	104	38	172
ENSG00000001264	TRIM804	1122	22	41	88	37	13	7	6	24	56	69	61	57	1	37	4	43
ENSG00000001265	OR723	3187	1112	1219	2711	963	1651	1113	1519	1060	1954	1610	1416	1354	1691	1229	1636	1304
ENSG00000001266	SEC722	2543	1265	1267	1609	830	1267	1235	1312	1017	982	616	903	1114	1084	928	1100	911
ENSG00000001267	GNA167	1726	1134	1981	2623	1504	1154	724	569	1252	2306	2197	1916	2494	1336	474	775	1089
ENSG00000001268	UGT549	3078	0	1	6	7	2	0	11	13	3	5	5	6	9	0	14	14
ENSG00000001269	UBE289	3148	10	4	5	9	1	2	1	5	5	3	10	5	0	8	17	3
ENSG00000001270	KCN702	3326	70	17	33	7	45	33	146	43	24	57	32	23	44	33	47	111
ENSG00000001271	HDAC17	1497	2	3	9	0	0	1	0	1	4	0	10	1	1	1	0	1
ENSG00000001272	USP483	3461	80	65	112	175	22	14	30	32	76	106	108	47	33	18	34	43
ENSG00000001273	CCNB551	7133	110	35	77	76	47	81	74	32	57	52	60	83	68	37	43	64
ENSG00000001274	VPS492	1900	28	41	43	28	39	13	34	56	27	36	89	46	29	12	32	9
ENSG00000001275	PPP2R121	1352	285	238	352	263	354	627	858	607	349	356	346	475	279	431	509	728
ENSG00000001276	KRT60	3722	2370	2183	3000	1979	2063	3099	2974	1540	3383	1870	1443	1687	3488	1772	1223	2649
ENSG00000001277	TRIM527	3295	4	3	0	0	0	3	0	2	4	4	3	1	0	2	2	2
ENSG00000001278	PXN519	2438	0	1	1	3	2	3	16	4	5	0	0	0	2	5	0	1
ENSG00000001279	GRIN522	2554	4	2	8	13	2	1	5	7	3	1	14	4	4	3	8	2
ENSG00000001280	KDM444	2169	141	172	244	129	148	144	261	236	349	188	246	171	559	470	570	394
ENSG00000001281	HTR528	1202	3	0	17	2	0	8	3	8	27	2	5	6	1	0	0	2
ENSG00000001282	ARID310	1316	0	5	7	0	0	2	7	1	2	14	1	5	1	2	0	3
ENSG00000001283	SKP635	1785	10	15	37	39	43	53	29	113	25	11	30	36	28	23	12	42
ENSG00000001284	SMARC683	1883	686	915	672	832	517	233	383	453	895	642	458	649	395	338	320	441
ENSG00000001285	GNA151	3490	132	140	100	240	829	354	353	256	89	238	144	54	661	868	744	673
ENSG00000001286	EZH597	3395	459	281	291	262	379	143	371	270	423	254	413	238	321	377	208	280
ENSG00000001287	MRPL810	2547	48	20	59	63	55	13	36	23	22	25	32	64	21	47	37	41
ENSG00000001288	DYNC719	929	345	231	424	245	208	305	383	237	234	425	389	235	254	205	259	236
ENSG00000001289	CPT1A	1222	4	2	3	13	0	0	0	1	0	1	1	10	4	2	7	2
ENSG00000001290	SMARC344	5513	4	1	4	8	3	15	8	7	8	5	8	3	8	7	15	13
ENSG00000001291	TRIM475	1488	9	8	24	7	7	20	16	4	54	5	6	18	2	3	16	9
ENSG00000001292	KCN414	1600	0	1	0	0	1	1	0	1	1	1	0	0	0	0	3	0
ENSG00000001293	DDX60	3760	30	28	43	38	82	40	77	54	99	62	33	32	67	128	141	51
ENSG00000001294	SCN733	1101	19	16	27	77	35	3	28	9	73	6	10	15	56	6	16	1
ENSG00000001295	SLC61	1069	202	358	508	559	367	170	390	461	268	314	428	522	608	657	403	531
ENSG00000001296	UBE2654	1170	107	356	205	267	220	109	293	180	343	408	102	340	96	150	128	383
ENSG00000001297	HTR848	2126	3	7	5	2	5	11	5	1	6	9	16	6	4	2	1	3
ENSG00000001298	COPB877	3234	193	212	226	153	176	118	165	78	227	110	130	176	190	44	37	117
ENSG00000001299	HDAC614	2557	7	2	26	19	11	7	2	6	3	3	7	7	6	4	2	5
ENSG00000001300	UGT682	780	169	177	278	165	67	204	150	198	251	108	152	152	117	89	131	112
ENSG00000001301	MRPL555	1499	180	82	122	51	115	92	365	181	97	138	77	150	301	388	183	152
ENSG00000001302	PPP2R650	2730	60	41	25	58	11	5	12	11	39	59	33	52	15	36	15	10
ENSG00000001303	FBXO432	804	31	11	18	13	16	27	21	8	38	38	8	42	32	13	19	43
ENSG00000001304	CHRM163	1535	230	218	62	65	279	116	126	411	114	119	216	142	222	161	175	428
ENSG00000001305	RPS462	4505	9	22	6	15	15	4	1	14	1	27	20	25	36	25	14	10
ENSG00000001306	UBE2415	2190	25	20	25	66	17	27	26	35	22	28	6	53	31	19	29	36
ENSG00000001307	VIM	1205	63	134	108	76	192	166	155	234	320	303	877	402	1400	650	363	483
ENSG00000001308	KCN126	3193	43	83	48	89	74	37	24	81	77	27	26	66	20	30	18	43
ENSG00000001309	TLN179	2653	69	163	37	52	122	198	126	75	81	81	112	132	121	241	98	102
ENSG00000001310	GABR51	949	34	25	40	0	5	9	12	5	66	13	49	78	11	7	12	20
ENSG00000001311	TMEM11	1369	9	8	8	5	0	12	4	19	1	11	0	14	6	1	21	4
ENSG00000001312	PLC284	2521	17	32	7	8	36	53	12	29	20	43	19	20	80	5	20	28
ENSG00000001313	CCNB731	2562	51	17	58	37	8	4	3	21	52	59	37	27	4	14	9	23
ENSG00000001314	CACN308	3220	49	38	35	31	24	5	6	24	2	4	14	12	33	18	6	17
ENSG00000001315	TET262	3772	3	0	3	5	1	0	4	0	3	0	4	4	1	3	1	3
ENSG00000001316	FBXO239	1714	16	10	4	6	12	2	23	1	8	5	1	11	0	5	8	5
ENSG00000001317	HDAC487	1613	92	39	3	74	49	73	203	30	54	47	48	14	48	35	37	60
ENSG00000001318	KMT2529	3407	4	1	0	5	0	0	0	0	0	0	0	0	0	0	0	0
ENSG00000001319	EZH363	1430	212	187	373	222	464	478	324	229	230	346	633	481	370	437	424	417
ENSG00000001320	FBXO306	866	141	62	37	33	65	90	66	40	106	53	61	95	54	41	46	68
ENSG00000001321	GNA271	3705	290	456	598	500	309	502	518	559	275	440	282	217	703	423	680	920
ENSG00000001322	SMARC413	2667	161	174	201	207	117	142	115	129	248	181	143	169	118	187	160	151
ENSG00000001323	RPS448	1503	10	1	3	9	9	1	21	8	8	8	15	2	1	25	2	2
ENSG00000001324	CDC210	2821	3	4	11	12	1	16	0	26	3	0	2	3	0	4	2	1
ENSG00000001325	DYNC573	2878	22	20	77	35	21	5	12	17	29	39	9	16	27	54	60	24
ENSG00000001326	GNA272	1090	48	16	36	32	29	29	16	35	83	265	93	24	68	33	97	57
ENSG00000001327	HK2	782	204	259	301	220	162	95	107	125	307	185	145	122	95	59	102	117
ENSG00000001328	ADRB263	3009	34	172	92	70	68	40	109	101	241	47	52	193	32	24	27	107
ENSG00000001329	MRPL116	3030	520	301	711	216	487	540	514	288	217	312	418	312	391	275	411	698
ENSG00000001330	VPS141	2658	88	116	196	170	146	373	261	160	204	120	64	152	320	195	182	708
ENSG00000001331	SPTB288	887	80	61	207	46	39	69	26	33	168	123	44	102	36	18	80	37
ENSG00000001332	HTR434	903	55	29	39	139	24	73	28	38	37	64	30	87	13	22	12	22
ENSG00000001333	CD19	589	129	105	120	188	133	154	93	119	497	841	497	564	467	552	1230	1072
ENSG00000001334	MYO357	2065	445	304	302	213	119	73	159	126	406	533	287	404	161	116	190	310
ENSG00000001335	SIRT80	3750	533	552	442	506	279	174	341	226	360	234	468	318	338	417	267	294
ENSG00000001336	ACTN393	3000	1147	778	1009	967	731	1725	940	1123	1596	1056	1893	1777	2196	1046	2201	1151
ENSG00000001337	ADRB697	1854	140	149	161	96	209	344	537	169	185	228	231	194	417	179	550	442
ENSG00000001338	KRT82	2435	18	6	3	5	1	4	7	2	4	5	4	7	0	2	4	3
ENSG00000001339	SCN56	1009	0	3	1	1	0	0	1	1	0	2	0	1	2	0	3	7
ENSG00000001340	ZNF88	1947	41	26	21	24	7	21	25	23	43	15	21	56	112	35	62	41
ENSG00000001341	SCN155	1419	32	31	87	45	73	149	25	29	65	13	19	7	58	18	105	4
ENSG00000001342	BRD79	2112	11	21	17	24	6	1	14	5	28	27	7	13	9	8	4	2
ENSG00000001343	ANAPC459	3672	11	10	9	2	1	2	12	15	0	25	1	13	6	4	11	1
ENSG00000001344	COL657	3518	723	1025	680	554	572	415	366	289	1317	436	1140	636	371	226	273	651
ENSG00000001345	HIST1H366	516	55	36	40	126	46	67	53	62	81	71	20	65	139	116	105	62
ENSG00000001346	MRPS597	1314	460	476	256	560	257	172	538	400	530	383	543	642	712	420	684	469
ENSG00000001347	RPL793	5898	122	193	103	226	136	282	96	474	202	143	211	136	244	327	352	56
ENSG00000001348	VCL304	1268	3860	5262	4721	4587	3382	3715	6399	5983	3931	2898	3566	4078	8818	6292	3415	7519
ENSG00000001349	MRPL143	1872	172	105	203	175	15	48	139	58	170	120	149	254	70	46	61	66
ENSG00000001350	RPL61	3493	23	45	13	10	24	19	7	3	10	10	26	48	12	12	9	8
ENSG00000001351	KIF146	3235	0	2	24	5	0	8	6	2	16	4	4	2	0	5	5	5
ENSG00000001352	CDC26	1678	123	71	33	107	26	52	42	23	31	18	56	72	32	10	17	21
ENSG00000001353	RPS290	2052	21	17	60	16	5	5	17	9	23	9	15	60	24	13	16	6
ENSG00000001354	DHX385	1078	12	14	5	29	59	61	39	87	42	26	13	22	68	62	51	12
ENSG00000001355	EIF404	2989	181	132	199	96	138	108	183	184	211	94	98	98	219	93	124	89
ENSG00000001356	EZH477	1183	53	91	105	13	8	14	41	58	69	24	58	27	12	75	25	23
ENSG00000001357	SPTB816	3098	47	19	6	14	31	17	9	10	32	10	6	47	7	4	13	44
ENSG00000001358	MYO617	2583	57	59	150	100	16	23	31	18	45	26	81	55	15	24	46	62
ENSG00000001359	PLC80	2832	227	194	245	172	340	718	318	337	458	241	187	166	324	271	493	376
ENSG00000001360	DUSP50	4970	15	2	6	4	1	0	2	0	1	0	6	3	0	4	4	0
ENSG00000001361	SUZ134	1705	16	7	19	4	9	15	5	1	5	21	2	14	10	7	6	11
ENSG00000001362	VCL102	1410	8	4	3	2	9	3	4	2	7	1	12	12	6	1	3	10
ENSG00000001363	GABR482	7265	3	2	4	5	4	0	0	2	2	1	2	0	1	0	0	3
ENSG00000001364	KIF376	2464	2	6	8	7	4	2	9	14	1	3	4	1	0	0	7	21
ENSG00000001365	ADRB100	4541	34	63	71	43	47	16	17	14	133	87	67	45	40	23	40	16
ENSG00000001366	COPB341	1503	126	70	112	92	141	207	326	144	183	156	64	112	98	315	143	442
ENSG00000001367	RPS29	1976	25	44	27	20	37	45	25	0	24	12	36	57	69	95	34	61
ENSG00000001368	DUSP421	2827	7	35	3	8	11	5	8	5	38	12	15	14	7	6	1	16
ENSG00000001369	KIF503	723	0	2	2	0	0	0	1	2	0	2	2	1	0	1	0	2
ENSG00000001370	TMEM661	2808	37	84	21	111	69	30	53	51	52	24	43	43	62	108	85	94
ENSG00000001371	ADAM389	1901	54	55	136	69	101	74	79	108	190	33	107	125	235	178	80	119
ENSG00000001372	EIF846	1390	20	33	22	17	7	10	12	7	19	8	27	16	10	4	13	32
ENSG00000001373	MMP587	2543	37	47	80	25	46	57	103	29	33	45	61	27	45	39	92	37
ENSG00000001374	HIST1H246	2996	4	3	10	3	5	1	3	3	11	10	1	9	0	19	7	3
ENSG00000001375	H2AF214	2664	71	58	148	31	25	28	66	54	73	33	40	42	85	17	68	53
ENSG00000001376	CCNB658	2491	27	19	24	33	93	203	104	39	40	14	45	18	90	52	31	110
ENSG00000001377	COPB853	569	46	22	82	65	61	127	94	95	46	57	35	63	68	117	65	46
ENSG00000001378	TOMM612	2378	45	52	23	4	60	111	12	80	3	37	10	39	93	54	49	46
ENSG00000001379	PLC708	1659	6	8	12	15	0	3	1	5	4	11	19	1	4	6	3	3
ENSG00000001380	UGT546	1222	24	34	11	25	41	35	24	42	23	42	12	16	89	12	50	2
ENSG00000001381	PPP2R217	2034	281	396	394	229	166	134	214	186	368	487	259	414	130	279	211	145
ENSG00000001382	RAB11FIP476	2154	5	4	11	1	11	0	4	0	9	2	3	5	0	1	5	1
ENSG00000001383	GPX1	3279	113	127	56	103	194	121	81	106	88	96	123	158	100	53	218	126
ENSG00000001384	PPARGC1A	547	1	0	0	0	0	5	2	0	6	6	0	1	0	3	0	3
ENSG00000001385	SPTB182	1555	14	99	53	60	52	42	96	154	59	67	137	27	39	78	53	50
ENSG00000001386	RAB11FIP795	2147	101	65	100	77	44	62	83	36	57	81	65	82	123	116	72	43
ENSG00000001387	TOMM374	708	18	5	3	0	15	6	9	13	7	5	2	20	9	14	2	12
ENSG00000001388	TLN521	1826	194	178	146	294	113	132	103	100	246	375	161	394	76	58	138	148
ENSG00000001389	GRIN307	3130	1	0	2	1	0	0	0	0	1	3	0	0	0	0	0	0
ENSG00000001390	CUL284	4163	15	6	11	5	15	20	30	35	8	32	6	9	17	34	10	47
ENSG00000001391	ZNF171	2743	23	29	25	30	17	33	45	35	25	34	24	24	52	20	14	23
ENSG00000001392	SUZ145	1947	1	1	0	2	1	2	1	2	12	2	2	0	0	0	0	0
ENSG00000001393	ARF224	2507	9	41	34	16	32	18	37	9	50	9	16	19	41	55	21	23
ENSG00000001394	COL789	2365	0	7	2	1	2	1	1	0	4	3	1	0	0	3	0	2
ENSG00000001395	CCNB831	2886	3	5	33	3	11	12	5	11	21	22	9	9	12	31	16	10
ENSG00000001396	DNMT554	1587	72	57	112	62	36	39	28	14	71	33	24	43	21	21	3	29
ENSG00000001397	BRD96	3067	317	365	662	258	528	752	518	244	387	593	398	566	437	528	414	479
ENSG00000001398	CACN870	2875	0	0	0	2	0	0	4	0	0	0	0	1	2	1	0	0
ENSG00000001399	SIRT885	2209	1	4	5	1	8	13	7	4	3	3	1	1	8	2	8	8
ENSG00000001400	TOMM825	5456	1	0	0	0	0	1	0	0	3	0	0	0	2	0	1	0
ENSG00000001401	TRIM818	8728	1019	1614	1360	343	1181	1073	1218	1038	1189	997	972	614	1052	898	1231	1774
ENSG00000001402	UGT471	1054	336	206	308	250	111	112	105	213	254	267	459	195	216	100	190	167
ENSG00000001403	MMP724	1744	8	2	5	0	1	4	1	3	2	3	3	0	0	1	0	0
ENSG00000001404	VPS473	1399	30	41	49	47	32	22	20	81	62	37	28	38	91	34	25	35
ENSG00000001405	TET212	1154	11	5	12	17	70	36	36	5	40	22	10	19	68	65	17	21
ENSG00000001406	ZNF72	1388	1	2	1	1	1	0	1	0	1	3	0	3	1	1	3	9
ENSG00000001407	ARF162	1254	7	2	2	0	21	2	6	7	3	4	4	1	24	0	12	11
ENSG00000001408	ATAD688	2996	4	1	2	30	2	4	5	0	1	18	12	3	10	9	0	0
ENSG00000001409	MYO459	1010	282	141	307	297	154	80	318	137	338	223	136	131	98	138	89	126
ENSG00000001410	ANK759	2641	80	35	33	38	193	72	88	264	81	141	64	44	182	46	33	88
ENSG00000001411	CACN761	2165	28	31	23	31	22	12	16	17	61	23	30	28	27	13	9	33
ENSG00000001412	MRPL229	1665	8	2	11	14	38	12	8	42	11	2	14	7	58	5	39	38
ENSG00000001413	SUZ108	2604	7	1	12	6	8	6	7	11	6	12	21	7	3	2	12	2
ENSG00000001414	GRIN667	2086	14	4	12	2	4	2	3	16	12	16	2	7	0	1	2	20
ENSG00000001415	ARF519	2953	5	1	12	2	1	8	4	2	9	3	2	2	13	19	1	2
ENSG00000001416	HDAC203	4685	81	120	176	112	27	47	61	33	94	105	122	64	49	33	85	48
ENSG00000001417	HIST1H220	498	270	351	381	328	232	220	127	292	552	325	263	459	512	150	134	444
ENSG00000001418	RNF170	1701	16	3	0	5	7	1	1	2	2	2	1	8	1	1	4	7
ENSG00000001419	DYNC31	1223	27	31	39	19	24	32	8	25	10	20	8	18	38	15	18	38
ENSG00000001420	PLC609	1837	124	163	220	61	336	208	266	167	228	179	265	222	252	177	380	155
ENSG00000001421	HMOX1	1879	137	109	178	87	283	217	189	185	102	47	59	111	309	141	153	182
ENSG00000001422	OR684	1169	5	6	2	22	15	16	26	9	11	24	5	14	1	20	3	11
ENSG00000001423	TMEM697	1794	1939	1952	3083	1231	1210	1308	1081	761	4087	1539	2276	3218	1279	1345	889	737
ENSG00000001424	RNF105	1223	7	0	9	6	7	7	4	3	5	19	3	3	4	6	27	3
ENSG00000001425	RNF323	2808	6	1	7	0	11	1	1	5	6	0	2	0	12	5	2	0
ENSG00000001426	SCN847	2360	14	3	6	8	4	19	20	8	18	15	22	6	5	0	19	15
ENSG00000001427	EZH215	1521	380	99	260	139	105	172	241	142	297	123	131	258	126	68	173	240
ENSG00000001428	ATAD152	616	95	102	68	77	180	173	81	236	120	37	54	42	255	97	160	179
ENSG00000001429	ATAD239	3551	194	248	398	167	390	169	511	526	317	352	290	269	268	514	501	379
ENSG00000001430	GRIN677	1231	4	7	7	0	4	7	1	6	8	1	2	9	5	1	1	0
ENSG00000001431	DYNC853	4440	14	5	17	9	1	4	6	6	10	12	7	22	22	3	8	8
ENSG00000001432	TRIM106	2381	13	6	22	8	3	0	1	0	60	7	6	4	6	1	4	3
ENSG00000001433	DNMT317	1761	6	11	80	34	22	6	14	13	10	32	6	21	14	49	10	5
ENSG00000001434	CASP9	1535	231	436	322	460	367	691	300	608	47	137	73	55	51	155	81	99
ENSG00000001435	SKP878	1702	1	0	0	7	0	1	6	2	4	0	7	11	3	0	6	8
ENSG00000001436	RPS259	1947	96	299	164	94	103	95	126	130	119	298	133	132	112	146	130	94
ENSG00000001437	HDAC650	1008	280	171	152	171	164	112	227	85	238	206	244	268	170	77	83	115
ENSG00000001438	SKP890	3496	28	48	65	16	28	24	9	22	17	22	31	10	4	24	8	17
ENSG00000001439	PLC183	1690	42	81	156	131	126	174	267	26	173	98	67	95	25	231	144	80
ENSG00000001440	EZH608	2054	0	14	3	0	11	1	15	15	1	10	0	4	2	3	0	5
ENSG00000001441	SPTB142	1111	173	132	77	159	176	311	284	182	128	136	162	212	132	73	214	384
ENSG00000001442	RAB465	2151	9	13	4	1	4	20	9	17	15	6	40	12	15	14	1	22
ENSG00000001443	KDM580	1569	670	397	670	244	441	175	682	380	372	483	704	740	392	333	305	834
ENSG00000001444	ADRB456	1860	26	24	36	8	7	27	18	53	29	35	41	24	29	33	65	25
ENSG00000001445	VPS863	2937	64	63	64	52	64	47	63	35	49	50	47	50	84	63	35	71
ENSG00000001446	UBE2725	4797	14	62	26	19	18	33	67	15	10	29	46	20	20	17	30	125
ENSG00000001447	MMP83	1501	156	17	55	104	11	32	27	26	30	77	60	30	11	73	27	44
ENSG00000001448	BCL2L1	685	5328	9842	7109	7632	19226	15739	35441	21597	46763	25965	22501	29785	87245	160987	105079	163659
ENSG00000001449	GABR452	1909	522	315	296	411	394	537	617	678	743	683	324	947	932	624	794	768
ENSG00000001450	RAB11FIP509	4184	6	17	2	77	21	15	33	4	96	49	19	18	19	9	12	25
ENSG00000001451	KDM226	5288	5	8	5	1	0	0	1	0	2	0	4	1	0	1	1	2
ENSG00000001452	SCD	2649	617	931	1459	1094	1018	1161	954	782	194	150	155	115	289	161	93	148
ENSG00000001453	SMARC273	3686	96	88	107	141	82	66	140	115	122	142	71	104	93	82	53	133
ENSG00000001454	ARF722	3280	0	2	5	2	1	4	4	2	12	5	11	18	1	5	23	7
ENSG00000001455	TOMM171	1768	1556	411	1020	801	1267	728	1103	723	833	569	338	1027	1386	805	2736	1201
ENSG00000001456	GNA792	959	67	72	95	89	66	90	123	48	110	160	214	147	165	106	81	97
ENSG00000001457	CUL17	2984	293	325	506	582	346	581	491	197	387	797	474	352	360	241	391	699
ENSG00000001458	ADAM895	3554	1737	1007	1190	1713	2561	2870	3351	2890	1676	1273	827	1377	3465	1916	1785	1789
ENSG00000001459	ARF622	1008	46	18	37	12	9	31	41	26	49	20	2	40	6	53	21	44
ENSG00000001460	VPS130	1524	1467	772	1123	1326	3681	2873	3332	2967	834	1005	681	1401	2524	2850	2961	2599
ENSG00000001461	HDAC18	3236	13	39	73	29	50	4	20	22	21	19	68	91	15	43	24	10
ENSG00000001462	ABC607	2140	48	34	45	48	9	16	33	28	44	12	29	40	8	9	7	8
ENSG00000001463	TOMM323	4255	122	207	259	261	27	51	61	37	163	152	230	90	67	94	98	76
ENSG00000001464	KMT2853	1750	6	23	5	0	3	0	2	9	18	7	3	8	6	7	7	6
ENSG00000001465	SUZ308	2495	44	128	52	76	24	55	45	37	147	32	32	34	9	21	42	32
ENSG00000001466	MYO236	1435	55	54	64	119	55	166	112	70	137	84	90	34	77	86	143	68
ENSG00000001467	ANK807	3416	792	443	1422	658	521	593	608	444	1006	604	424	929	658	532	517	591
ENSG00000001468	DHX751	1718	282	428	554	621	413	516	987	394	293	298	380	390	395	662	476	829
ENSG00000001469	HTR384	1414	41	51	86	71	53	95	11	93	49	2	27	45	32	28	77	166
ENSG00000001470	TET474	3579	48	19	46	3	39	122	41	72	25	13	0	10	65	59	25	127
ENSG00000001471	TET38	968	363	233	664	541	508	507	603	359	663	289	215	368	375	402	323	619
ENSG00000001472	DNMT837	1310	549	579	484	328	227	274	329	217	503	437	487	357	310	177	180	353
ENSG00000001473	PPP2R442	914	15	13	36	15	45	91	31	28	84	13	22	44	23	36	10	12
ENSG00000001474	KRT829	748	594	210	503	325	240	212	172	344	537	302	499	252	388	258	416	314
ENSG00000001475	RHO74	2785	117	120	13	12	30	15	22	14	66	42	29	44	9	20	40	26
ENSG00000001476	EZH447	848	134	171	200	123	232	144	226	151	129	257	271	139	182	92	120	172
ENSG00000001477	TET291	706	199	124	75	68	58	64	193	157	178	108	72	96	101	122	200	44
ENSG00000001478	PLC544	2625	60	5	13	29	28	32	17	108	23	31	12	26	36	34	7	73
ENSG00000001479	MT-CO1	3624	14770	11855	19126	16600	41718	41887	54027	43775	20935	13880	9211	15973	62957	41794	28073	33153
ENSG00000001480	ATAD193	2070	302	227	229	182	41	45	45	72	240	221	231	151	56	76	77	66
ENSG00000001481	HIST1H683	1380	12	6	5	0	1	1	0	4	5	6	5	0	1	0	10	0
ENSG00000001482	SUZ227	1170	2	4	2	10	3	15	3	0	23	3	1	1	5	4	3	0
ENSG00000001483	TET300	3377	21	3	12	1	7	16	30	10	20	13	22	9	7	6	13	13
ENSG00000001484	RPL670	1915	92	58	138	116	41	58	89	31	59	33	56	37	6	33	51	24
ENSG00000001485	RPS304	1012	2	0	0	2	0	2	1	3	7	4	0	0	1	1	1	4
ENSG00000001486	SKP388	2595	1	0	18	16	6	2	0	2	10	26	11	18	8	4	10	1
ENSG00000001487	EZH274	1283	34	30	13	2	5	3	2	10	14	3	15	6	23	7	9	5
ENSG00000001488	UBE215	1718	379	263	299	273	260	255	293	185	235	201	282	121	340	100	221	303
ENSG00000001489	PRKC792	3837	19	43	22	27	33	21	16	14	18	29	24	32	69	5	15	18
ENSG00000001490	CCNB390	3732	39	79	46	48	120	64	31	99	98	33	36	50	65	59	43	53
ENSG00000001491	GRIN37	2490	26	13	14	6	2	0	9	9	28	32	4	37	4	3	11	2
ENSG00000001492	H2AF719	3294	1	1	11	1	5	1	2	5	5	0	4	0	4	0	2	1
ENSG00000001493	ATAD466	3928	0	7	0	8	3	0	10	1	1	3	12	3	2	0	2	0
ENSG00000001494	SKP317	2908	3	2	1	0	7	10	7	6	3	3	5	1	3	2	3	0
ENSG00000001495	DHX312	5232	30	13	20	12	25	9	14	6	9	14	1	9	16	6	2	9
ENSG00000001496	DYNC797	2301	120	112	55	61	92	315	315	51	58	41	48	54	249	136	197	268
ENSG00000001497	ZNF692	2146	648	751	806	586	1173	699	653	817	749	675	942	567	573	619	446	1312
ENSG00000001498	PGR	3428	14	60	40	60	26	18	23	17	234	292	95	248	151	111	30	221
ENSG00000001499	MRPS412	2137	0	1	2	3	0	5	4	0	1	2	2	1	0	1	1	1
ENSG00000001500	HTR536	9130	1	13	12	29	23	20	18	1	25	1	1	2	6	25	30	11
ENSG00000001501	MRPL140	1682	4	1	1	0	3	1	0	3	0	1	2	4	3	5	1	3
ENSG00000001502	EIF515	2197	29	11	75	5	7	5	32	8	44	1	18	40	8	5	9	1
ENSG00000001503	EZH414	1478	47	31	19	51	56	25	116	81	38	28	35	25	17	45	53	66
ENSG00000001504	DDX250	1394	20	36	22	27	31	21	3	5	27	13	44	58	57	26	20	14
ENSG00000001505	KCN365	1564	29	42	19	20	16	35	19	21	22	34	19	46	17	9	36	7
ENSG00000001506	GNA769	2395	108	45	186	50	67	80	64	28	84	135	212	94	83	28	75	135
ENSG00000001507	MRPS87	2181	1	47	20	11	13	37	31	20	40	83	12	40	50	74	62	41
ENSG00000001508	DDX34	8493	53	72	7	22	41	44	69	24	58	5	35	20	14	14	49	48
ENSG00000001509	KDM521	1526	109	71	147	165	68	54	141	111	108	87	29	95	62	166	59	77
ENSG00000001510	PPP1R685	1753	10	18	3	13	25	18	26	4	5	13	7	4	10	29	26	22
ENSG00000001511	MRPS451	1162	1	0	0	1	3	1	1	0	2	2	3	2	1	1	3	0
ENSG00000001512	UBE2559	2341	7	6	9	1	5	3	5	1	1	2	0	2	2	5	5	4
ENSG00000001513	ATAD661	2998	27	21	34	13	13	30	4	34	68	27	9	31	27	7	12	20
ENSG00000001514	CDC643	2171	142	91	84	106	178	267	115	290	100	99	52	43	153	397	197	211
ENSG00000001515	GABR119	1006	27	18	8	2	36	10	7	21	31	18	12	5	24	22	16	15
ENSG00000001516	GRIN536	906	94	11	47	32	12	17	9	10	43	0	15	17	15	5	4	5
ENSG00000001517	RAB11FIP759	6535	27	35	27	43	128	133	103	92	52	37	56	164	108	74	122	184
ENSG00000001518	RPL776	8783	739	1383	747	755	2116	1612	3747	1713	670	1125	416	670	3011	2573	2150	3170
ENSG00000001519	TOMM467	4093	2210	2026	2095	1757	985	575	1167	1191	2013	2756	2022	1462	890	1154	1375	1209
ENSG00000001520	HTR229	3409	16	10	19	0	59	38	21	43	18	28	10	2	23	21	49	144
ENSG00000001521	ATAD310	4184	17	21	18	26	28	34	77	12	21	10	33	13	38	17	19	17
ENSG00000001522	SIRT215	1822	21	23	8	29	12	6	9	9	36	43	8	7	17	13	5	2
ENSG00000001523	PPP2R210	849	15	20	32	16	26	7	10	29	20	11	6	27	4	24	30	11
ENSG00000001524	HTR655	1319	12	5	0	0	6	1	2	3	1	7	1	11	45	0	3	8
ENSG00000001525	CDC231	1903	10	64	16	15	108	93	45	184	37	38	31	35	255	54	105	42
ENSG00000001526	CDC150	3444	65	22	135	41	11	41	44	11	99	54	69	37	23	9	20	17
ENSG00000001527	KMT2356	3006	51	26	30	32	94	74	239	125	26	45	54	77	95	142	121	112
ENSG00000001528	SEC565	4898	282	90	127	189	48	92	138	112	219	148	160	126	171	59	156	70
ENSG00000001529	DNMT734	5067	17	26	16	58	45	25	4	24	28	30	23	53	25	30	1	23
ENSG00000001530	DYNC511	3227	8	3	8	1	5	6	5	5	2	2	2	20	3	0	4	14
ENSG00000001531	VCL347	991	54	71	64	85	33	112	27	62	144	122	14	70	56	18	40	39
ENSG00000001532	CHRM530	1850	0	12	11	26	2	2	27	12	5	8	12	12	5	5	4	6
ENSG00000001533	PLC360	927	2	0	3	3	2	1	0	1	12	1	1	13	1	0	1	2
ENSG00000001534	HTR744	920	1	0	0	3	0	0	0	1	0	1	2	0	0	1	0	0
ENSG00000001535	RHO711	2746	224	191	396	100	353	247	303	223	234	125	217	267	453	379	358	473
ENSG00000001536	EIF524	5596	1	4	6	6	6	4	17	6	10	12	4	1	1	2	21	8
ENSG00000001537	ADRB131	1692	657	475	552	139	700	823	720	692	361	559	624	738	568	565	608	712
ENSG00000001538	DUSP344	1281	10	3	7	5	0	2	0	4	2	2	2	1	0	1	3	3
ENSG00000001539	GNA324	2535	7	43	20	2	2	9	11	8	18	5	5	11	10	15	4	6
ENSG00000001540	HTR264	1541	232	177	187	214	85	86	154	141	133	32	225	195	75	33	71	65
ENSG00000001541	PXN168	2012	0	4	19	26	3	5	1	5	7	24	3	3	2	5	0	1
ENSG00000001542	CHRM79	4895	11	15	13	9	1	16	4	7	16	4	16	5	4	31	14	4
ENSG00000001543	TOMM485	1970	1	1	0	0	1	5	1	7	1	8	0	3	11	3	0	2
ENSG00000001544	DYNC845	1319	68	122	90	25	60	65	36	116	54	31	102	91	57	26	59	10
ENSG00000001545	TET404	3068	16	1	0	0	6	2	8	2	5	1	2	3	4	2	0	2
ENSG00000001546	LEP	3015	11	12	11	21	56	27	48	49	7	30	3	0	8	28	47	21
ENSG00000001547	ACTN446	2149	135	218	230	141	49	49	36	24	199	243	239	180	53	21	34	29
ENSG00000001548	SEC633	2569	98	49	81	42	26	50	72	42	78	29	35	45	17	5	29	33
ENSG00000001549	VCL564	2168	5	0	1	0	0	0	0	1	3	0	0	0	0	0	0	1
ENSG00000001550	PPP2R896	1434	3	8	0	0	1	1	1	2	1	8	1	3	0	0	0	0
ENSG00000001551	MMP364	1965	3	1	2	0	1	1	0	1	4	3	1	1	1	0	0	0
ENSG00000001552	COPB315	2604	74	7	67	49	3	4	4	6	39	29	37	39	4	3	6	8
ENSG00000001553	ADRB753	1364	12	4	0	3	1	11	12	14	12	2	9	7	10	3	4	8
ENSG00000001554	CYP465	4649	17	6	58	34	7	23	40	14	36	11	11	4	37	38	74	137
ENSG00000001555	PXN347	3438	4	0	0	5	9	7	12	12	0	0	0	3	11	4	0	6
ENSG00000001556	ARID150	1144	25	40	48	61	15	36	37	25	21	13	7	44	43	76	6	9
ENSG00000001557	PRKC331	1567	235	137	261	148	458	914	735	1077	387	278	132	329	936	567	762	663
ENSG00000001558	VCL473	987	29	25	5	10	27	3	16	61	15	25	4	16	27	16	24	24
ENSG00000001559	SMAD3	1875	2	10	17	17	17	12	10	2	34	10	5	13	17	0	4	0
ENSG00000001560	TRIM302	1917	62	47	29	20	40	56	11	24	39	9	39	34	39	24	4	58
ENSG00000001561	UGT412	981	337	250	270	338	49	83	88	89	417	277	164	285	114	94	76	111
ENSG00000001562	CACN266	1405	4	1	2	5	2	4	5	2	0	1	4	1	2	0	0	2
ENSG00000001563	PXN626	1296	76	75	77	77	50	46	65	75	107	21	64	88	90	33	34	94
ENSG00000001564	KRT743	1539	129	93	116	221	105	187	173	184	242	186	161	186	199	180	351	322
ENSG00000001565	SLC263	1705	7	11	13	14	15	22	26	65	34	4	17	18	52	3	14	7
ENSG00000001566	KRT756	1297	98	111	48	72	72	28	121	45	57	226	112	103	118	48	68	25
ENSG00000001567	RHO589	925	358	335	799	497	702	377	782	470	543	528	250	487	722	392	746	625
ENSG00000001568	EZH66	1432	86	119	204	172	52	73	50	35	150	63	91	53	87	39	112	109
ENSG00000001569	BRD427	3145	95	79	44	44	80	40	61	98	159	53	15	40	63	68	64	69
ENSG00000001570	TIMM350	2529	0	1	0	0	0	0	3	1	0	0	1	1	0	1	0	0
ENSG00000001571	CD8A	733	14	5	16	16	21	7	1	33	12	4	16	6	16	2	32	16
ENSG00000001572	ARID356	3843	1112	1511	1573	1627	1246	548	1314	1122	1646	1391	2119	965	1312	1137	1180	1316
ENSG00000001573	TET881	1871	0	0	1	0	0	0	0	0	0	2	0	0	0	0	0	0
ENSG00000001574	SCN533	1724	55	40	34	16	40	30	60	30	33	40	31	28	39	50	31	19
ENSG00000001575	HDAC516	3042	4	5	5	2	7	6	2	9	7	3	16	22	14	2	7	4
ENSG00000001576	MT-CYB	1905	14192	13258	11309	8022	6345	7404	6192	3640	5097	10726	12401	8647	4109	3944	3886	5182
ENSG00000001577	PPP1R591	1904	10	1	1	1	2	1	0	0	1	4	0	1	0	5	1	1
ENSG00000001578	KCN680	1985	13	70	92	60	20	81	51	34	74	80	32	46	43	56	21	17
ENSG00000001579	RHO304	1932	1	0	1	0	2	0	0	0	0	0	2	3	2	0	2	0
ENSG00000001580	CYP787	2369	114	161	45	52	9	7	38	23	58	97	47	91	21	13	41	28
ENSG00000001581	RPS682	3723	5	5	1	4	2	0	0	0	3	1	0	1	6	0	7	1
ENSG00000001582	PPARG	2810	74	26	47	26	8	19	54	28	45	59	25	57	52	28	21	42
ENSG00000001583	HTR213	7868	66	39	26	18	18	3	12	3	47	61	36	70	15	16	9	28
ENSG00000001584	ABC232	2092	20	15	25	16	19	40	30	69	33	27	29	4	24	18	32	25
ENSG00000001585	EZH255	1206	1	0	3	1	0	1	0	7	3	3	0	4	1	1	16	5
ENSG00000001586	ARF65	1952	0	6	7	0	6	2	1	3	0	2	3	0	3	0	2	0
ENSG00000001587	RAB416	4771	22	6	23	13	6	13	7	5	9	11	2	0	20	5	6	6
ENSG00000001588	ACTN396	2193	1	28	43	4	23	33	3	7	61	13	9	2	5	17	3	20
ENSG00000001589	CCL2	1520	32	29	94	16	14	16	9	7	97	318	30	405	62	77	83	81
ENSG00000001590	RNF568	1337	1	2	7	3	3	1	0	1	0	7	0	5	1	2	1	1
ENSG00000001591	BRD303	3781	9	24	27	8	37	50	58	17	10	13	1	8	16	14	69	36
ENSG00000001592	RAB255	1266	428	384	341	356	97	144	255	89	333	357	476	688	203	132	264	194
ENSG00000001593	PPP1R499	2689	3	1	1	0	2	2	0	1	0	1	2	0	0	1	1	1
ENSG00000001594	SCN177	2179	15	35	125	30	27	59	49	80	59	49	30	31	90	40	22	82
ENSG00000001595	DYNC340	3068	112	63	58	34	45	115	37	91	50	55	63	79	139	76	62	168
ENSG00000001596	ZNF838	1435	30	77	142	48	34	42	45	126	115	47	87	158	44	49	47	46
ENSG00000001597	PLC814	1095	1	2	1	0	5	0	5	1	9	5	2	7	2	1	5	15
ENSG00000001598	MRPS643	2730	13	5	25	0	22	18	3	11	4	1	15	5	24	15	5	9
ENSG00000001599	SNX10	2714	64	43	54	58	42	54	13	55	122	61	40	130	35	26	53	53
ENSG00000001600	PLC370	3781	0	3	1	0	1	1	2	0	0	0	0	4	1	1	0	0
ENSG00000001601	COPB669	3470	268	280	169	138	114	271	227	153	323	341	332	240	197	195	326	173
ENSG00000001602	SUZ700	1178	14	15	11	6	4	3	0	8	21	22	5	12	11	4	22	7
ENSG00000001603	ATP5F1A	1510	5	7	3	0	9	1	2	5	5	1	5	26	8	2	7	1
ENSG00000001604	ABC726	1314	106	64	55	81	60	47	78	90	101	112	88	34	63	55	51	74
ENSG00000001605	SIRT367	4381	89	73	95	165	47	138	74	32	92	56	150	141	84	45	22	52
ENSG00000001606	KRT449	997	23	18	40	12	18	2	10	24	16	7	28	18	12	6	25	18
ENSG00000001607	SIRT752	4708	45	40	35	107	57	45	109	9	70	103	53	79	166	49	59	137
ENSG00000001608	ATAD377	2997	86	23	93	37	43	47	133	64	27	59	19	77	81	26	207	14
ENSG00000001609	SLC7A11	4289	101	61	98	117	52	7	69	48	19	7	19	12	5	13	8	10
ENSG00000001610	KDM609	1438	423	570	220	319	216	320	192	363	130	284	265	159	237	121	271	158
ENSG00000001611	ZNF750	2733	2	10	0	2	0	3	0	2	10	4	0	4	5	0	4	0
ENSG00000001612	ACTN579	2066	45	49	103	26	17	28	40	32	41	67	75	105	20	23	26	14
ENSG00000001613	EIF365	2300	24	67	71	79	19	50	31	60	98	31	23	65	36	19	87	55
ENSG00000001614	SCN848	3719	1	1	4	5	2	8	4	9	5	6	2	3	9	19	7	5
ENSG00000001615	RPS832	3936	15	46	19	12	8	14	14	9	14	16	13	11	6	8	7	18
ENSG00000001616	ADAM715	3026	25	18	35	16	15	33	37	53	11	39	24	7	32	3	48	12
ENSG00000001617	USP523	3043	31	2	9	2	8	16	5	1	23	13	5	3	6	36	7	3
ENSG00000001618	DHX836	711	18	5	6	0	0	0	1	2	5	4	12	4	2	16	5	3
ENSG00000001619	MRPL97	1109	0	3	6	0	13	2	2	1	1	0	0	0	0	0	3	4
ENSG00000001620	ADRB255	1117	112	286	262	279	39	41	55	75	206	85	154	264	76	71	99	80
ENSG00000001621	AKT1	1190	213	167	217	180	124	138	282	146	198	139	417	96	283	171	68	96
ENSG00000001622	PPP2R890	10566	3590	2755	3054	3859	3760	2270	1750	2751	8801	7486	3171	7429	4475	4769	4728	6652
ENSG00000001623	GABR493	3962	756	347	247	323	210	112	95	124	333	320	623	267	156	198	196	234
ENSG00000001624	SLC104	3460	145	109	185	89	66	116	96	58	105	107	68	70	74	115	39	149
ENSG00000001625	PXN868	2602	2	0	1	5	3	0	4	1	5	0	0	0	0	1	0	4
ENSG00000001626	DRD410	1793	14	43	19	27	12	6	21	22	17	4	66	56	18	13	14	5
ENSG00000001627	DNMT146	2360	20	13	4	18	19	14	51	13	36	20	19	16	35	28	20	15
ENSG00000001628	COL113	748	16	9	20	7	17	34	11	35	12	10	47	17	34	10	52	2
ENSG00000001629	GRIN191	3006	0	5	3	1	1	1	0	0	3	4	1	1	0	4	0	0
ENSG00000001630	MAPK167	3585	1082	579	1048	1839	688	1316	1204	924	964	497	747	1330	784	1284	794	1095
ENSG00000001631	VPS632	1387	0	3	2	0	1	0	0	0	0	0	3	0	0	0	2	0
ENSG00000001632	PTEN	1317	26	13	36	13	13	92	18	73	16	9	5	11	75	24	26	34
ENSG00000001633	TLN91	2532	14	13	3	28	25	13	30	11	6	24	12	19	20	19	50	28
ENSG00000001634	MT-CO2	1641	28790	18067	15779	15229	29469	68311	70146	36669	10236	10459	15346	23611	54297	47579	67323	42266
ENSG00000001635	SEC564	1222	25	2	1	24	4	1	11	16	8	37	4	2	15	6	5	6
ENSG00000001636	PPP2R78	577	30	59	16	11	124	12	170	132	18	16	34	51	4	15	140	161
ENSG00000001637	TLN390	2595	150	38	59	66	30	80	49	71	36	64	129	131	45	63	47	27
ENSG00000001638	SEC431	2389	101	38	37	56	85	50	117	53	38	55	33	105	69	16	50	69
ENSG00000001639	CYP332	2499	31	49	46	76	15	41	12	17	42	85	72	30	16	50	58	25
ENSG00000001640	TLN636	1302	675	1459	859	401	106	181	189	170	884	701	799	402	173	186	126	133
ENSG00000001641	HTR777	2722	8	7	6	3	4	8	3	0	0	5	7	25	13	4	0	22
ENSG00000001642	ARF87	2813	35	66	71	28	82	108	91	96	137	10	67	23	117	59	102	70
ENSG00000001643	KMT2602	2194	7	0	41	11	8	19	39	10	4	7	12	19	13	19	16	11
ENSG00000001644	SUZ218	3242	0	5	0	2	3	1	4	0	7	1	3	2	5	0	4	5
ENSG00000001645	TOMM578	1480	75	76	105	135	112	47	36	68	50	40	141	19	52	131	18	47
ENSG00000001646	SEC517	1542	366	268	214	256	140	111	110	185	202	157	94	302	85	27	110	159
ENSG00000001647	SEC234	1029	382	256	228	206	245	182	330	270	184	328	276	279	392	325	239	452
ENSG00000001648	UGT738	1789	302	348	527	218	285	394	123	174	299	172	360	263	317	281	174	217
ENSG00000001649	KRT323	656	255	158	105	169	93	122	54	54	114	83	84	134	97	50	99	88
ENSG00000001650	DDX485	5132	1	0	0	0	0	0	0	0	0	0	0	0	0	0	0	1
ENSG00000001651	RAB196	2686	6	21	17	5	40	46	101	56	11	55	9	15	74	61	13	73
ENSG00000001652	OR804	1702	1	0	0	1	0	2	0	0	1	0	0	1	0	0	0	0
ENSG00000001653	PXN83	6228	18	8	18	1	2	7	3	30	17	36	20	4	14	12	13	9
ENSG00000001654	RPL825	533	0	3	7	1	1	2	2	6	11	10	7	7	1	1	1	2
ENSG00000001655	KCN626	1089	14	9	3	2	4	9	6	3	1	7	4	12	8	9	9	12
ENSG00000001656	SEC390	1841	1654	3037	1592	2220	1096	1237	2157	1180	3396	2102	3327	3272	1710	1473	2063	1414
ENSG00000001657	SPTB516	2030	180	223	83	223	200	416	467	193	718	257	709	492	1680	588	1260	358
ENSG00000001658	TMEM121	3434	179	189	69	112	47	95	88	183	192	107	81	177	104	78	72	51
ENSG00000001659	KDM239	3504	37	54	17	41	15	43	27	8	12	47	29	76	43	25	13	74
ENSG00000001660	GABR342	2837	69	42	109	16	31	21	54	56	22	45	58	41	31	8	40	26
ENSG00000001661	DHX644	1534	128	80	96	77	72	31	34	124	60	56	43	76	54	33	54	72
ENSG00000001662	OR472	2070	11	4	10	21	5	7	5	9	59	18	8	26	4	18	7	12
ENSG00000001663	SIRT730	1009	2	3	1	8	4	19	32	7	4	3	1	1	19	26	28	25
ENSG00000001664	CUL159	5084	75	50	82	103	67	196	184	215	45	171	93	57	63	134	315	187
ENSG00000001665	HIST1H475	2800	12	48	59	42	13	16	13	8	5	40	41	9	11	22	12	13
ENSG00000001666	SKP449	1416	11	20	8	0	0	22	16	16	1	4	18	0	20	28	50	43
ENSG00000001667	MYO787	2444	18	46	55	2	51	120	95	80	20	41	18	70	62	65	7	115
ENSG00000001668	TOMM459	4443	15	13	34	59	8	11	16	21	46	74	34	41	44	24	17	33
ENSG00000001669	GRIN620	2960	222	86	140	50	80	65	99	90	74	120	70	80	87	83	101	63
ENSG00000001670	EZH143	1690	15	2	9	8	28	6	6	12	6	10	17	5	31	21	49	9
ENSG00000001671	TET886	3583	466	302	298	464	320	285	504	221	529	500	576	142	268	253	290	250
ENSG00000001672	TMEM473	2599	132	63	127	32	3	7	22	22	47	81	42	34	27	9	14	35
ENSG00000001673	SUZ746	1665	5	3	5	5	4	3	13	14	19	8	4	9	22	2	15	15
ENSG00000001674	CCNB484	3124	71	101	167	89	27	57	41	22	68	198	105	93	48	47	63	74
ENSG00000001675	KDM383	3587	1	5	3	3	3	15	5	2	4	1	4	9	2	2	9	8
ENSG00000001676	PRKC447	2609	45	44	67	33	112	131	79	56	55	135	57	11	53	123	104	89
ENSG00000001677	GNA841	2105	6	1	8	5	1	1	5	3	0	7	6	5	2	0	2	2
ENSG00000001678	KRT705	1264	2	1	2	0	0	1	3	5	1	0	1	2	2	2	7	1
ENSG00000001679	EZH851	2390	12	44	2	12	6	0	5	4	14	32	2	15	1	5	6	1
ENSG00000001680	SKP44	2944	205	133	129	129	361	216	209	247	100	141	154	135	223	249	243	204
ENSG00000001681	TET354	1735	23	13	19	6	6	5	8	1	25	14	8	21	10	1	22	3
ENSG00000001682	OR432	8776	35	47	62	63	9	18	11	5	63	123	25	85	10	8	8	4
ENSG00000001683	GABR751	2731	2	3	6	0	5	0	0	3	7	1	0	0	4	0	4	4
ENSG00000001684	PXN738	1169	0	0	1	1	0	0	0	9	1	0	1	0	0	0	1	4
ENSG00000001685	VPS340	2014	35	29	33	51	22	66	23	13	69	61	48	44	92	28	20	26
ENSG00000001686	DHX493	2630	201	240	370	293	294	155	185	174	378	325	364	321	149	131	152	219
ENSG00000001687	KCN6	2487	0	0	4	0	7	2	3	0	7	1	2	0	2	2	2	2
ENSG00000001688	DYNC711	1081	462	751	427	391	613	737	541	346	625	412	580	500	612	214	682	614
ENSG00000001689	ABC501	1981	359	285	327	174	282	177	286	152	890	581	575	1222	893	459	479	481
ENSG00000001690	RHO670	2772	1	0	2	0	0	1	7	9	0	1	2	3	7	1	1	0
ENSG00000001691	HTR560	2032	3434	2206	3633	3460	1155	1264	983	2119	3428	2777	1728	3020	564	1000	1474	1502
ENSG00000001692	DNMT494	1534	184	238	398	296	390	227	185	140	306	174	256	355	84	97	185	136
ENSG00000001693	OR487	2662	26	53	30	59	25	56	48	30	42	32	24	15	46	40	38	39
ENSG00000001694	VPS207	1848	3	5	5	1	11	1	10	3	0	0	0	0	3	3	2	10
ENSG00000001695	MMP414	1576	2	3	7	12	1	1	12	10	10	2	4	0	10	1	0	4
ENSG00000001696	FBXO545	3463	3	5	1	4	0	24	5	6	12	1	2	1	3	11	4	0
ENSG00000001697	RPL574	1934	40	33	2	29	13	2	27	14	24	20	50	39	12	5	21	29
ENSG00000001698	RAB805	3248	24	25	8	18	20	4	9	33	31	6	5	18	55	12	49	20
ENSG00000001699	SCN37	972	6	81	107	60	51	30	67	110	120	47	51	95	65	63	69	57
ENSG00000001700	SCN455	2947	17	1	2	8	10	0	15	7	3	0	3	5	1	1	19	1
ENSG00000001701	IGF1R	1491	25	38	14	6	8	28	6	4	36	41	10	13	10	1	7	9
ENSG00000001702	CCNB371	979	114	72	117	36	159	32	151	69	83	39	47	51	313	90	126	183
ENSG00000001703	RPS18	3518	19261	21361	22895	17444	11888	15446	14126	15141	20328	14876	14167	13904	18888	8192	12457	15717
ENSG00000001704	ZNF727	3969	31	89	66	48	93	68	42	42	113	21	32	92	87	63	75	125
ENSG00000001705	DHX870	1070	60	42	41	20	25	5	33	18	40	46	61	46	66	33	41	34
ENSG00000001706	PRKC670	2341	361	259	271	253	203	117	366	199	227	316	307	233	127	226	309	237
ENSG00000001707	COL537	4667	16	12	19	17	12	11	5	4	14	2	2	9	8	8	11	13
ENSG00000001708	EIF458	5132	0	0	2	1	6	16	3	0	0	1	0	2	3	0	9	0
ENSG00000001709	EIF34	3105	129	93	343	115	106	152	137	145	228	163	128	330	81	132	152	152
ENSG00000001710	ADIPOQ	1671	36	16	98	34	24	56	86	42	36	9	1	16	12	22	4	11
ENSG00000001711	BRD403	857	3150	3016	2989	2707	6748	6738	5750	5369	4552	2014	3195	4158	7001	5609	10710	8141
ENSG00000001712	CUL318	2230	19	20	37	11	1	2	1	6	23	9	7	1	8	2	6	3
ENSG00000001713	FBXO396	4449	35	67	19	38	71	42	57	103	72	72	62	19	58	6	32	92
ENSG00000001714	ANGPT1	3023	73	120	91	53	25	19	36	55	76	25	45	105	37	21	58	118
ENSG00000001715	ZNF485	4800	17	18	5	59	12	11	6	6	3	12	3	14	8	2	15	8
ENSG00000001716	DUSP115	1585	0	1	0	0	1	0	0	0	0	1	1	0	0	1	0	1
ENSG00000001717	CHRM86	1365	6	18	1	11	29	12	6	0	5	22	17	18	1	3	7	1
ENSG00000001718	ATAD694	1532	33	45	74	70	62	226	125	305	65	89	30	76	51	129	164	162
ENSG00000001719	MRPL757	1152	462	279	289	463	157	130	392	183	387	265	426	364	171	196	169	128
ENSG00000001720	ANAPC492	2091	21	79	25	10	11	19	18	9	27	35	22	14	10	9	17	10
ENSG00000001721	DDX306	1739	180	221	136	280	113	89	136	104	121	117	117	292	168	98	274	113
ENSG00000001722	SMARC627	2526	121	95	207	132	245	171	159	138	188	249	278	220	377	240	191	167
ENSG00000001723	ACTN96	2902	6	6	22	2	25	12	45	7	7	44	9	20	9	9	27	42
ENSG00000001724	SNX727	4349	97	105	100	118	39	56	179	122	143	55	61	28	79	68	87	76
ENSG00000001725	SPTB321	1701	346	392	596	336	401	564	987	600	525	410	430	347	609	977	426	708
ENSG00000001726	COL644	1762	226	217	314	222	548	355	505	683	245	278	194	290	984	406	394	694
ENSG00000001727	RPS852	1750	2382	1643	2153	792	627	943	1969	1259	1342	1325	1254	634	624	961	871	1185
ENSG00000001728	UGT554	1824	4290	4308	5367	2887	5747	5845	6831	3670	6132	3628	3769	2319	4614	5970	3780	6983
ENSG00000001729	PRKC757	724	50	41	37	23	26	52	26	53	76	42	53	81	64	33	22	46
ENSG00000001730	CDC725	916	71	45	173	32	50	53	66	48	55	46	21	67	62	44	20	22
ENSG00000001731	CUL657	1032	65	42	83	101	28	44	40	46	78	87	27	36	32	18	33	25
ENSG00000001732	CDC870	2085	190	292	226	93	56	60	107	108	255	81	92	99	65	39	71	34
ENSG00000001733	UBE2461	2144	26	27	16	101	27	22	18	67	56	24	20	19	60	39	39	19
ENSG00000001734	FBXO504	3923	16	104	107	132	88	21	40	34	154	87	53	53	68	115	46	45
ENSG00000001735	AR	1722	5	9	15	1	2	4	0	4	12	2	7	4	9	5	1	14
ENSG00000001736	TOMM696	1227	86	38	47	43	21	53	45	28	23	32	25	26	44	17	104	71
ENSG00000001737	JAG1	3050	24	47	26	49	74	27	4	24	253	242	141	273	139	52	98	27
ENSG00000001738	DUSP815	2122	11	4	4	17	1	14	3	4	19	6	4	6	2	2	5	3
ENSG00000001739	SMARC18	2045	139	38	86	67	24	36	24	20	157	221	524	297	115	119	103	187
ENSG00000001740	PLC64	3183	277	133	155	181	88	67	54	143	225	196	73	34	109	114	148	144
ENSG00000001741	TMEM420	1514	235	34	286	137	275	43	186	84	119	174	89	188	85	203	46	122
ENSG00000001742	RHO504	3536	8	1	2	1	1	0	1	5	0	0	11	10	0	4	0	5
ENSG00000001743	KMT2361	1681	27	16	30	45	16	50	42	12	18	30	79	22	35	41	19	14
ENSG00000001744	PPP1R889	882	23	36	29	45	41	51	54	67	30	163	81	70	58	140	101	74
ENSG00000001745	TRIM435	1877	124	266	220	150	324	552	407	381	179	114	95	99	518	348	444	638
ENSG00000001746	ARF716	1377	2	1	11	1	0	2	1	1	2	0	0	3	4	1	2	0
ENSG00000001747	MMP271	837	2	1	9	9	3	5	1	1	2	19	3	0	2	1	0	7
ENSG00000001748	USP322	1333	122	165	205	259	367	274	155	186	196	186	139	196	263	81	168	424
ENSG00000001749	HIST1H552	6441	199	105	322	260	212	145	107	93	251	163	296	162	76	97	138	207
ENSG00000001750	HTR842	1597	12	2	10	9	3	11	33	51	5	1	0	3	73	8	0	3
ENSG00000001751	TIMM244	2044	0	0	5	4	9	0	1	1	4	0	8	5	0	2	3	2
ENSG00000001752	OR455	1463	21	22	62	11	7	33	83	53	21	27	52	33	46	15	15	53
ENSG00000001753	OR553	1826	14	75	24	33	32	14	13	27	43	28	109	217	41	43	34	62
ENSG00000001754	EZH169	1810	81	44	35	88	14	51	35	30	27	47	38	33	33	2	62	53
ENSG00000001755	KRT505	5461	35	63	37	78	18	34	65	47	168	59	65	30	91	44	51	81
ENSG00000001756	ADRB84	1911	1	5	0	0	2	2	0	5	5	2	9	2	0	2	3	1
ENSG00000001757	COPB369	1846	115	67	60	251	88	46	76	78	159	117	74	108	112	68	58	65
ENSG00000001758	VCL68	1350	292	108	181	274	168	79	202	409	124	314	209	323	383	196	217	484
ENSG00000001759	PPP2R886	5451	37	35	102	67	6	37	80	41	12	19	15	23	28	22	14	67
ENSG00000001760	PLC836	1920	1	0	1	4	0	1	9	6	1	0	0	1	4	14	1	5
ENSG00000001761	ARF797	2319	42	50	19	28	20	22	67	93	49	25	40	58	51	49	130	60
ENSG00000001762	BMP4	2312	432	360	365	334	128	163	248	169	3603	3225	2906	2504	756	552	555	565
ENSG00000001763	GABR109	3655	24	43	34	33	58	183	296	267	103	71	60	59	136	70	56	63
ENSG00000001764	H2AF44	2740	20	113	175	93	308	121	200	135	139	79	156	75	220	273	239	255
ENSG00000001765	ABC462	2180	362	322	415	288	384	322	415	316	297	279	350	477	407	356	327	378
ENSG00000001766	KMT2454	942	897	600	673	639	663	444	786	720	1372	928	891	1490	1392	1206	1025	2788
ENSG00000001767	MRPS91	3541	42	25	25	14	5	11	20	5	47	29	28	21	4	1	19	9
ENSG00000001768	ACTN535	1396	60	50	35	45	59	116	142	225	94	46	80	101	139	117	90	233
ENSG00000001769	SKP448	2424	2	0	2	1	0	0	1	2	3	0	4	0	2	0	0	2
ENSG00000001770	RPL460	2181	2	0	5	1	0	1	2	0	0	0	0	0	0	0	0	0
ENSG00000001771	PPP1R51	1093	235	263	319	155	242	243	288	215	388	148	271	167	223	215	212	167
ENSG00000001772	KCN58	2313	3	2	1	16	3	0	3	0	1	1	6	8	6	0	7	1
ENSG00000001773	VCL155	3309	6	13	17	11	4	8	0	17	9	17	3	3	3	13	17	2
ENSG00000001774	HIST1H446	2415	4	7	41	16	9	8	27	4	10	21	19	32	27	9	3	30
ENSG00000001775	RPL304	3150	26	39	17	28	17	12	18	30	46	22	14	7	14	30	13	8
ENSG00000001776	FBXO877	1635	352	552	501	357	676	344	530	607	473	607	399	406	178	512	270	388
ENSG00000001777	CYP770	2849	28	72	0	4	7	15	7	9	40	23	15	26	2	8	11	4
ENSG00000001778	PPP2R135	488	16	20	22	39	22	33	37	14	50	30	54	68	55	24	50	60
ENSG00000001779	MMP327	2101	11	10	5	11	8	29	20	16	8	3	20	10	19	22	25	23
ENSG00000001780	ATAD630	2227	18	18	25	19	6	16	26	63	1	20	26	36	13	15	41	8
ENSG00000001781	PPP1R242	1326	0	5	1	2	1	0	0	0	1	2	3	5	0	0	7	0
ENSG00000001782	SPTB311	1255	19	20	3	35	52	10	5	21	26	28	41	13	16	9	13	15
ENSG00000001783	ADAM841	1024	87	95	21	85	131	174	93	118	38	54	57	115	175	78	140	228
ENSG00000001784	PPP2R474	2677	90	57	165	62	32	67	19	48	63	55	44	62	47	34	39	29
ENSG00000001785	SKP130	2448	6	1	7	0	6	21	15	10	6	2	6	17	5	3	11	19
ENSG00000001786	GRIN880	5375	0	11	14	1	2	0	2	17	4	2	4	16	1	4	1	2
ENSG00000001787	EIF644	1753	13	17	7	9	16	45	18	5	1	8	15	14	33	21	22	31
ENSG00000001788	RNF499	3717	3	1	7	0	1	7	13	0	0	5	6	1	22	22	10	5
ENSG00000001789	TLN851	1027	596	810	883	596	264	483	527	657	580	436	353	637	380	572	389	584
ENSG00000001790	GNA810	2078	5	20	25	10	20	10	40	47	91	29	30	35	23	1	34	36
ENSG00000001791	PPP1R611	2182	41	118	52	8	49	77	90	61	19	40	58	127	134	60	86	163
ENSG00000001792	KDM37	5017	5	17	5	30	32	11	17	8	35	19	16	9	33	34	26	19
ENSG00000001793	MAPK162	818	82	28	49	75	74	59	89	183	39	44	64	74	105	117	47	175
ENSG00000001794	ZNF584	1251	102	53	74	13	26	7	14	3	19	11	50	14	6	28	9	45
ENSG00000001795	FBXO541	1565	652	1039	807	759	234	495	365	289	1025	912	496	383	634	634	450	564
ENSG00000001796	ARF410	2537	4	4	3	2	1	6	13	8	26	5	2	6	32	17	2	5
ENSG00000001797	PLC295	1859	393	859	477	405	229	310	206	109	290	506	463	765	160	84	429	221
ENSG00000001798	DHX895	513	10	7	2	5	2	4	4	1	0	18	5	0	0	1	12	4
ENSG00000001799	HDAC518	1511	2	3	3	7	14	7	11	6	4	2	5	14	2	7	4	12
ENSG00000001800	TLN281	1037	4	4	0	2	1	5	2	5	1	0	1	2	1	0	0	4
ENSG00000001801	VPS312	2122	59	140	37	46	101	116	58	1	98	78	141	97	5	74	81	58
ENSG00000001802	CYP242	2710	99	71	98	50	86	102	98	68	33	52	57	34	122	55	181	102
ENSG00000001803	HTR469	906	22	4	7	1	3	5	16	1	1	3	2	1	14	4	10	1
ENSG00000001804	CDC71	2679	365	985	754	785	299	907	541	694	617	675	808	592	348	361	264	538
ENSG00000001805	PRKC754	2417	39	53	57	33	21	18	47	75	38	26	10	28	41	28	43	11
ENSG00000001806	TMEM358	2437	17	13	19	8	60	87	207	16	5	5	18	20	76	19	71	200
ENSG00000001807	TLN646	2282	35	27	71	40	59	25	71	38	23	29	30	33	127	115	38	50
ENSG00000001808	VPS415	1767	106	55	51	86	118	23	31	31	58	35	51	15	24	32	44	48
ENSG00000001809	TUBB886	1269	130	234	172	206	218	252	172	426	250	124	134	79	238	86	160	438
ENSG00000001810	EZH458	4038	5	5	10	12	1	22	7	8	13	6	3	10	6	17	16	10
ENSG00000001811	CACN776	1288	10	11	31	24	53	28	14	48	11	4	19	13	9	26	38	50
ENSG00000001812	VCL890	1795	10	4	10	14	6	6	11	6	23	6	7	15	7	1	1	7
ENSG00000001813	ARID637	2287	1	15	52	13	7	12	49	28	23	15	30	14	25	2	16	3
ENSG00000001814	CTGF	860	90	32	251	67	82	127	376	76	11	18	11	7	15	19	49	34
ENSG00000001815	RPS337	813	11	15	1	5	1	1	6	1	4	7	1	3	5	9	4	0
ENSG00000001816	RAB11FIP884	2047	169	137	345	122	81	66	80	54	77	199	128	290	78	57	78	158
ENSG00000001817	UGT886	565	500	465	441	561	687	644	960	693	729	491	806	651	611	761	653	1866
ENSG00000001818	NFKB1	2076	0	6	4	1	0	1	4	10	0	8	10	0	4	8	8	1
ENSG00000001819	MRPS741	2591	7	14	10	16	27	3	11	0	4	16	24	6	10	29	7	11
ENSG00000001820	FBXO265	1105	203	299	90	243	193	265	313	345	359	225	308	158	247	177	298	359
ENSG00000001821	KIF737	913	0	0	3	0	1	0	0	0	0	8	1	0	0	1	1	1
ENSG00000001822	MRPS601	1975	20	21	7	3	20	15	20	4	15	26	8	33	44	11	4	15
ENSG00000001823	TMEM705	1374	17	58	24	22	30	39	38	26	39	38	18	23	48	26	15	12
ENSG00000001824	DDX192	3094	0	5	1	4	1	11	1	1	0	4	0	0	1	4	3	2
ENSG00000001825	PLC601	877	205	238	352	140	40	52	68	72	114	359	217	234	38	52	127	57
ENSG00000001826	PXN568	2577	0	0	1	5	10	0	4	5	2	1	0	0	4	3	0	3
ENSG00000001827	RPS611	1453	6	5	13	7	3	6	0	4	3	19	8	34	3	5	6	5
ENSG00000001828	CDC563	2100	74	63	249	89	49	27	60	75	47	60	40	12	92	47	55	46
ENSG00000001829	USP48	3165	25	46	21	29	13	20	3	9	26	18	38	13	13	7	5	11
ENSG00000001830	COPB511	3957	0	0	0	2	3	4	4	3	2	0	1	5	2	0	1	1
ENSG00000001831	SCN849	1598	68	51	82	56	10	72	47	28	74	95	37	97	10	22	43	29
ENSG00000001832	HTR381	1765	539	497	1213	692	270	710	742	317	812	607	611	707	212	509	388	310
ENSG00000001833	SIRT778	1027	11	3	14	5	10	2	3	3	5	5	1	2	1	15	0	10
ENSG00000001834	UBE241	4316	6	12	13	0	11	4	10	12	0	6	14	5	0	5	12	11
ENSG00000001835	MRPS9	1545	37	112	10	33	80	40	42	92	147	22	180	85	85	54	151	79
ENSG00000001836	ACTN486	1235	9	50	5	15	41	18	18	9	15	13	7	36	67	11	8	16
ENSG00000001837	KRT581	2950	62	128	157	104	90	80	41	35	16	35	18	29	15	6	21	11
ENSG00000001838	VCL8	2366	4	2	12	1	6	4	2	7	12	0	1	4	16	11	7	9
ENSG00000001839	RAB11FIP302	2034	27	49	31	75	23	49	40	25	41	41	32	31	18	33	29	15
ENSG00000001840	HTR571	1787	321	320	180	114	114	188	402	407	399	103	198	253	201	458	319	284
ENSG00000001841	COPB446	642	72	124	70	82	153	145	125	107	51	166	109	108	118	182	92	99
ENSG00000001842	VCL46	1783	655	422	901	313	102	110	90	81	711	581	265	477	111	27	59	122
ENSG00000001843	PRKC825	720	23	0	11	2	27	31	27	2	48	55	5	20	14	38	22	22
ENSG00000001844	TIMM493	2169	120	203	160	164	295	148	245	355	142	157	247	190	143	298	649	304
ENSG00000001845	HDAC402	3921	65	91	52	65	76	34	140	215	71	155	134	243	62	49	116	148
ENSG00000001846	GRIN546	1218	35	9	28	17	9	50	31	39	10	24	31	29	11	35	16	50
ENSG00000001847	KIF567	1720	95	111	152	26	75	128	158	143	144	127	124	67	152	96	96	57
ENSG00000001848	ANAPC759	1251	50	5	9	21	20	5	35	19	41	29	59	21	15	19	15	30
ENSG00000001849	CHRM867	2705	200	232	537	169	135	150	249	320	193	157	213	170	207	188	552	191
ENSG00000001850	ZNF586	1179	9	4	6	8	2	8	25	40	7	1	1	3	2	6	27	3
ENSG00000001851	PLC55	1103	6	8	3	25	9	0	5	1	4	13	0	6	0	1	14	0
ENSG00000001852	KMT2371	3043	464	476	532	361	219	315	358	299	308	400	614	402	491	289	719	357
ENSG00000001853	DDX327	2891	5	66	67	116	6	5	3	10	58	24	51	29	5	6	15	15
ENSG00000001854	BRD625	1259	1	12	17	3	4	20	4	32	19	0	17	7	3	5	1	3
ENSG00000001855	KRT302	2204	2	8	1	0	10	1	3	15	1	1	7	0	15	9	23	2
ENSG00000001856	SKP393	2365	0	0	1	1	0	0	0	3	1	2	2	1	1	0	0	0
ENSG00000001857	SLC338	1138	57	86	110	78	129	101	185	114	187	116	85	49	57	103	230	108
ENSG00000001858	TET866	2798	25	23	76	19	98	52	68	114	19	38	70	30	65	66	30	37
ENSG00000001859	CUL437	891	47	75	55	60	102	133	20	108	114	58	29	19	99	94	76	109
ENSG00000001860	BRD323	3717	5	4	14	5	8	12	36	12	17	19	4	43	33	4	28	19
ENSG00000001861	TET689	1096	3	13	5	0	8	8	28	3	14	7	13	4	23	20	3	6
ENSG00000001862	TUBB884	2354	83	34	80	21	15	35	53	49	39	125	39	118	89	34	58	40
ENSG00000001863	CHRM610	1387	252	262	108	156	164	141	187	172	126	296	118	154	277	93	206	180
ENSG00000001864	ADRB99	2238	7	0	10	21	7	1	0	7	2	12	14	5	10	9	2	1
ENSG00000001865	SUZ37	2869	7	20	7	9	21	1	31	9	5	1	11	5	0	3	3	19
ENSG00000001866	APC	1439	184	189	193	146	317	167	324	117	309	387	502	619	829	522	614	997
ENSG00000001867	CACN882	1291	1	7	21	26	23	48	64	28	13	44	17	25	10	22	88	24
ENSG00000001868	GNA201	1470	99	123	87	81	34	33	18	34	54	74	129	170	45	64	36	24
ENSG00000001869	TIMM756	2869	254	445	267	175	149	70	192	107	273	330	249	443	370	52	108	131
ENSG00000001870	SLC414	1250	11	31	27	7	32	11	25	32	7	15	16	18	16	13	6	67
ENSG00000001871	MRPS658	2043	22	24	85	56	86	128	138	60	33	44	59	12	60	124	63	72
ENSG00000001872	TMEM410	1928	2	1	3	5	4	5	2	1	2	4	16	6	2	2	1	0
ENSG00000001873	COPB452	1141	21	11	5	11	12	10	11	13	19	37	0	0	0	3	13	11
ENSG00000001874	GABR624	2228	2	12	11	16	1	5	3	14	9	4	11	1	17	16	9	3
ENSG00000001875	ACTN897	1446	16	10	4	7	32	21	11	11	0	8	10	13	37	36	32	11
ENSG00000001876	PPP2R191	3146	5	5	18	16	6	2	0	9	6	5	0	6	0	1	13	2
ENSG00000001877	GABR629	1981	2899	4545	5797	3146	7006	11429	10379	3692	5229	4001	4458	4077	8566	9002	4872	6195
ENSG00000001878	MAPK497	1891	8	2	5	7	0	1	1	1	3	1	3	4	0	4	1	2
ENSG00000001879	RAB533	2202	17	12	2	20	15	1	3	18	40	12	22	23	26	14	3	28
ENSG00000001880	RNF867	1813	95	67	84	62	49	43	60	47	81	39	79	80	18	22	41	38
ENSG00000001881	DHX10	1154	140	124	265	71	70	139	134	135	222	35	85	130	122	115	139	154
ENSG00000001882	PPP2R114	2612	354	229	418	919	338	269	451	519	340	380	336	258	607	288	375	322
ENSG00000001883	ATAD768	4219	0	0	2	6	1	0	0	0	5	0	3	1	0	2	0	6
ENSG00000001884	USP334	2454	5	0	11	0	1	0	1	4	3	3	11	0	0	5	1	1
ENSG00000001885	HDAC473	3327	1	11	13	12	0	20	47	28	4	9	10	9	12	6	10	7
ENSG00000001886	RPS79	2671	33	15	24	5	15	12	33	13	39	31	21	31	29	8	3	6
ENSG00000001887	H2AF431	3527	77	33	71	29	16	42	39	22	104	24	10	13	22	43	24	43
ENSG00000001888	COX5A	4207	1	3	0	1	2	0	1	0	0	2	0	2	0	0	0	1
ENSG00000001889	DHX124	1115	116	39	101	75	50	24	124	19	90	69	83	131	34	30	31	65
ENSG00000001890	MMP894	3324	16	2	8	6	8	28	42	0	9	2	8	1	18	4	7	2
ENSG00000001891	BRD583	2783	164	186	127	83	88	48	126	140	112	104	107	115	117	42	71	180
ENSG00000001892	GRIN895	657	373	180	169	165	230	239	292	260	343	219	130	154	309	142	126	511
ENSG00000001893	MRPL303	1970	215	650	457	159	96	199	233	190	371	376	529	460	166	267	123	188
ENSG00000001894	ATAD141	6218	56	9	15	17	19	19	5	25	29	19	2	6	8	5	64	1
ENSG00000001895	COL580	1300	18	7	9	15	19	20	13	8	2	14	4	0	6	0	17	13
ENSG00000001896	H2AF150	1193	190	202	377	373	377	332	262	177	231	59	197	302	234	185	359	405
ENSG00000001897	KCN234	2430	489	258	376	344	221	182	141	326	285	437	338	287	263	256	269	204
ENSG00000001898	PLC881	1150	130	282	26	37	56	138	52	36	63	48	29	50	94	46	46	49
ENSG00000001899	DYNC748	2228	0	1	1	2	0	0	1	0	0	0	1	0	4	0	0	0
ENSG00000001900	TRIM636	1660	53	21	54	46	86	102	68	34	112	64	93	97	36	69	112	69
ENSG00000001901	ABC38	1556	8	48	48	6	4	7	2	5	5	27	9	6	2	1	0	5
ENSG00000001902	HDAC89	888	8	4	15	0	12	1	18	8	3	1	10	5	0	2	1	3
ENSG00000001903	GABR478	1468	6	0	2	2	1	5	12	9	15	16	3	1	15	22	5	17
ENSG00000001904	DUSP88	5400	11	7	51	29	12	12	45	17	43	38	6	11	19	46	29	6
ENSG00000001905	FBXO8	3520	43	39	38	28	26	63	13	25	60	21	10	60	20	29	17	28
ENSG00000001906	ATAD802	6346	0	3	8	3	0	0	4	2	2	3	3	5	1	1	2	1
ENSG00000001907	SMARC769	3218	26	36	24	26	3	16	15	8	42	58	19	48	12	17	15	18
ENSG00000001908	CYR61	3869	69	70	151	69	188	107	155	97	95	116	81	60	106	124	138	147
ENSG00000001909	WNT5A	1843	51	46	79	51	4	47	12	21	19	3	14	15	1	1	2	2
ENSG00000001910	RPL40	1097	1315	929	1212	499	399	455	318	230	1264	415	463	820	394	471	396	324
ENSG00000001911	SPTB439	5771	57	84	139	96	42	59	28	23	128	98	73	115	22	35	71	18
ENSG00000001912	KRT49	963	0	0	0	0	1	3	1	0	1	0	0	0	0	0	0	0
ENSG00000001913	RAB824	1872	134	50	59	74	72	221	226	105	92	46	76	85	250	49	95	49
ENSG00000001914	CCL5	1161	3	0	5	5	2	1	6	3	0	3	6	1	6	0	0	3
ENSG00000001915	RPS67	1708	72	43	83	40	37	21	35	9	77	14	34	47	17	10	20	9
ENSG00000001916	ARID730	2288	40	15	23	9	29	17	14	9	29	29	11	42	25	13	34	28
ENSG00000001917	UBE2125	2146	119	126	91	100	80	64	116	61	162	111	153	73	140	66	42	26
ENSG00000001918	DHX123	583	1	1	0	0	1	0	0	2	0	2	0	0	0	1	1	1
ENSG00000001919	CCNB862	2491	37	19	27	3	3	10	10	14	39	32	14	4	53	6	10	8
ENSG00000001920	PPP2R843	1643	218	67	100	58	96	202	132	93	59	72	82	120	163	38	193	237
ENSG00000001921	TRIM842	1911	51	11	42	52	32	10	82	81	47	20	15	28	51	146	82	44
ENSG00000001922	ACTN734	2285	17	21	16	26	19	29	21	8	25	33	25	11	6	3	3	14
ENSG00000001923	CDC146	2520	0	0	0	0	0	0	0	0	0	1	0	0	0	0	0	0
ENSG00000001924	KMT263	3663	169	70	128	210	50	64	50	61	230	141	251	100	59	89	92	55
ENSG00000001925	DNMT535	6456	230	239	159	101	144	225	333	265	284	145	291	280	218	206	219	280
ENSG00000001926	PPP2R482	987	12	6	1	0	1	0	0	1	2	5	0	6	0	1	0	0
ENSG00000001927	HTR771	2040	756	623	857	604	278	876	841	558	1170	1079	1080	987	798	675	1020	1332
ENSG00000001928	COPB172	2612	73	98	105	162	112	73	159	126	214	270	121	121	316	153	251	50
ENSG00000001929	KMT2475	1629	37	83	91	17	25	18	23	47	24	67	83	41	58	13	40	43
ENSG00000001930	OR681	3119	946	1195	1125	1276	468	915	660	632	773	520	716	745	889	396	628	885
ENSG00000001931	KRT603	2906	1	10	9	16	6	6	4	5	19	7	23	2	2	0	5	1
ENSG00000001932	UGT159	2414	2039	2731	1691	1340	892	886	1420	1506	1503	1086	1641	1995	1780	1399	1209	2036
ENSG00000001933	ADRB546	811	107	189	153	173	66	147	96	88	149	183	58	160	148	160	175	130
ENSG00000001934	CCNB894	2215	0	1	2	0	2	2	0	1	0	2	1	0	1	7	1	1
ENSG00000001935	ANAPC101	1940	32	2	33	18	10	55	26	17	30	11	42	17	8	26	16	8
ENSG00000001936	ANAPC372	1503	7	2	1	1	4	6	11	0	3	0	0	3	13	3	1	11
ENSG00000001937	SLC737	680	615	306	545	460	282	507	448	800	1353	603	827	407	836	748	797	488
ENSG00000001938	CYP241	683	71	85	87	125	186	209	275	155	168	55	92	38	109	146	76	203
ENSG00000001939	DYNC246	1700	2002	523	1230	1856	1604	800	979	719	1241	636	1312	1400	763	680	707	1752
ENSG00000001940	BRD551	2517	66	45	90	24	51	27	25	148	28	55	60	20	29	12	58	22
ENSG00000001941	PXN553	1121	11	3	11	5	1	0	0	1	3	3	2	0	0	3	1	1
ENSG00000001942	GNA597	2415	13	55	46	32	66	66	47	16	14	19	91	21	62	20	24	34
ENSG00000001943	BRD431	1382	80	93	120	68	50	35	58	40	27	84	61	53	17	16	54	79
ENSG00000001944	TUBB20	1913	49	7	22	8	33	25	52	40	39	24	16	33	18	21	13	76
ENSG00000001945	EZH488	4362	4	4	2	7	1	0	2	0	0	0	2	3	0	0	3	0
ENSG00000001946	CHRM153	3200	10	17	27	16	23	25	9	19	8	2	15	41	12	0	20	19
ENSG00000001947	UBE2591	3263	161	179	294	125	176	160	248	191	78	169	148	206	146	104	218	149
ENSG00000001948	PPP1R681	2820	7	0	2	0	2	1	0	4	1	4	4	12	2	3	2	12
ENSG00000001949	COL130	3574	5	4	4	9	5	4	30	3	1	2	3	1	9	4	12	23
ENSG00000001950	SEC678	2850	14	2	3	5	0	2	3	0	5	5	10	0	1	2	7	2
ENSG00000001951	KDM453	2854	2	3	3	3	12	4	6	5	5	12	4	20	4	10	2	15
ENSG00000001952	MRPS422	3260	4	3	14	35	8	15	56	17	15	22	13	7	32	31	14	27
ENSG00000001953	HTR340	1229	1	4	8	0	2	1	6	1	13	11	0	1	12	10	9	10
ENSG00000001954	CHRM869	2665	2	2	0	2	0	4	6	1	1	3	3	1	0	1	1	0
ENSG00000001955	RHO578	1575	5	18	9	12	68	15	77	30	46	18	29	13	54	49	44	54
ENSG00000001956	FBXO467	2934	0	0	0	0	0	0	0	0	0	0	0	1	0	0	0	5
ENSG00000001957	SMARC644	1649	307	119	507	186	201	163	218	157	336	84	191	170	157	239	249	179
ENSG00000001958	USP518	2929	10495	7635	11967	11027	5804	9368	11962	3914	13219	10444	4167	6327	3924	5786	5689	5593
ENSG00000001959	SNX850	1146	1	2	22	1	5	6	3	0	1	5	5	0	7	4	8	7
ENSG00000001960	HTR758	1872	7	13	15	12	0	7	7	4	19	25	4	50	5	4	0	11
ENSG00000001961	MAPK434	2289	22	11	37	16	14	79	1	32	57	29	16	21	9	25	86	27
ENSG00000001962	ANAPC513	1935	39	109	78	35	194	185	186	93	93	42	127	104	230	163	161	143
ENSG00000001963	PPP2R577	3110	134	93	31	94	88	58	30	65	50	67	28	123	136	94	115	68
ENSG00000001964	PXN267	1616	0	2	9	6	3	0	1	9	1	6	5	5	2	2	2	0
ENSG00000001965	TOMM319	2586	833	1270	2431	833	1496	1796	1343	2154	1132	1096	2396	1067	1552	1455	826	2800
ENSG00000001966	H2AF8	4627	175	208	155	165	166	178	155	121	386	130	232	92	121	98	128	99
ENSG00000001967	CYP323	2673	11	30	8	6	9	14	4	9	20	8	16	36	0	11	24	10
ENSG00000001968	ARF898	2381	49	21	16	14	8	4	5	34	57	14	11	50	15	10	17	9
ENSG00000001969	ARF594	2349	0	1	1	1	0	4	7	2	1	2	1	0	0	7	10	2
ENSG00000001970	COL3A1	2294	12	28	81	37	19	115	60	97	80	42	31	9	181	57	97	106
ENSG00000001971	CACN544	2716	167	101	261	190	89	67	156	60	110	140	166	151	58	60	192	152
ENSG00000001972	USP259	3039	44	7	13	34	8	35	12	42	44	4	23	24	21	29	14	34
ENSG00000001973	BRD102	1450	6	14	12	20	8	12	17	3	33	34	8	15	11	29	2	4
ENSG00000001974	SKP579	3198	47	33	26	73	24	5	17	33	4	9	10	22	15	19	35	30
ENSG00000001975	SEC210	1007	6	12	9	15	19	63	5	11	3	5	11	0	9	17	8	9
ENSG00000001976	SLC797	1385	24	17	3	5	18	17	12	27	11	14	5	37	4	6	3	17
ENSG00000001977	TOMM482	3241	0	0	2	1	1	0	0	0	0	1	1	2	0	1	0	0
ENSG00000001978	TLN140	3347	0	9	4	2	6	5	2	1	6	0	0	0	3	3	6	1
ENSG00000001979	ZNF437	2081	88	115	263	192	65	50	114	101	343	236	263	159	96	63	156	52
ENSG00000001980	ACTN119	3276	12	21	82	27	40	35	81	57	22	33	6	31	68	35	44	32
ENSG00000001981	ATAD674	879	33	14	16	17	6	14	3	8	9	6	8	19	1	7	32	10
ENSG00000001982	ARID235	3255	52	195	71	154	32	41	50	54	124	38	105	127	30	32	27	48
ENSG00000001983	EIF742	9122	10	72	32	17	28	57	40	42	73	23	33	39	77	26	22	51
ENSG00000001984	HTR833	1761	26	9	37	14	0	7	5	4	4	9	39	20	15	5	13	25
ENSG00000001985	RPL240	2015	17	6	39	17	7	12	36	6	19	27	14	29	21	22	16	18
ENSG00000001986	PXN173	1442	4	2	13	17	10	0	4	1	3	0	5	2	0	1	3	1
ENSG00000001987	ACTN164	2990	9	55	22	2	27	14	23	30	23	22	14	6	34	29	19	22
ENSG00000001988	H2AF578	2197	90	53	102	55	18	17	51	47	67	41	57	66	36	38	23	52
ENSG00000001989	SCN160	1483	0	0	1	2	2	3	0	3	1	1	0	0	0	5	1	1
ENSG00000001990	GABR93	2478	18	13	9	8	10	29	19	13	3	1	28	31	24	16	16	12
ENSG00000001991	KRT429	2486	114	132	164	158	179	125	271	189	116	113	98	91	315	243	241	229
ENSG00000001992	RPS302	4598	11	21	19	16	7	16	13	9	47	18	8	23	21	30	3	11
ENSG00000001993	RAB187	1510	104	147	223	67	273	139	72	245	58	110	145	64	224	212	112	350
ENSG00000001994	PPP1R78	2198	12	16	4	0	4	5	0	2	11	9	0	1	3	2	2	0
ENSG00000001995	KCN314	2352	15	27	34	3	11	12	12	2	11	8	3	1	7	11	8	50
ENSG00000001996	ACTN537	414	2	19	3	5	17	54	5	11	35	6	7	4	6	11	14	7
ENSG00000001997	VPS183	1977	91	119	58	91	94	369	247	156	144	67	71	72	220	97	314	356
ENSG00000001998	GRIN401	948	16	8	34	2	1	7	5	6	35	21	9	6	26	0	0	9
ENSG00000001999	COL547	2007	3	6	7	3	2	2	8	2	13	1	0	15	1	1	0	8
ENSG00000002000	GABR521	1525	451	395	621	136	539	372	579	384	449	202	275	287	426	414	424	610
ENSG00000002001	UGT320	2814	560	192	198	197	128	176	201	201	230	136	63	219	213	180	144	113
ENSG00000002002	TIMM365	9453	38	88	89	43	71	11	113	93	64	40	41	36	50	63	155	208
ENSG00000002003	TLN276	1951	55	34	107	45	29	38	28	11	42	67	29	18	29	32	27	73
ENSG00000002004	ABC486	2304	48	40	62	47	25	10	29	1	110	83	42	93	36	11	10	14
ENSG00000002005	SKP676	1998	4	5	3	0	5	8	2	6	2	2	0	3	1	4	6	0
ENSG00000002006	ZNF372	5185	14	1	36	10	4	7	8	5	11	2	15	0	13	7	6	20
ENSG00000002007	ABC541	865	174	100	98	178	77	303	404	176	214	83	38	147	128	167	336	327
ENSG00000002008	ADRB265	1128	74	55	45	54	48	100	74	57	60	110	57	106	44	70	41	48
ENSG00000002009	VPS777	5031	0	1	0	0	0	0	1	0	1	0	0	0	0	0	0	1
ENSG00000002010	CACN167	2253	1	2	0	0	0	2	3	1	1	4	0	2	1	4	1	0
ENSG00000002011	PXN331	3671	158	103	50	70	47	56	55	63	66	53	39	70	38	23	77	187
ENSG00000002012	ACTN456	1814	27	23	12	14	5	4	28	18	2	8	15	15	32	16	34	69
ENSG00000002013	TET277	693	377	382	570	535	239	232	120	116	628	283	302	193	361	289	303	254
ENSG00000002014	SLC452	7000	1	2	3	0	0	0	1	0	7	4	3	0	0	0	0	3
ENSG00000002015	KDM2	2275	39	21	70	35	66	123	96	36	60	23	43	37	95	43	29	31
ENSG00000002016	HIF1A	8178	4	9	8	1	10	7	50	14	7	5	2	21	18	8	38	43
ENSG00000002017	GRIN643	1177	0	2	0	2	8	1	5	0	1	0	0	0	20	1	4	0
ENSG00000002018	HDAC25	5732	383	292	425	206	287	291	378	305	290	308	207	538	340	158	425	366
ENSG00000002019	RNF247	3754	0	0	1	5	2	2	1	0	0	1	0	0	3	0	0	0
ENSG00000002020	TOMM614	6379	3	1	14	2	1	0	1	0	0	0	3	14	2	1	0	2
ENSG00000002021	ABC111	1447	1	3	3	2	1	0	3	1	5	1	3	4	3	1	3	14
ENSG00000002022	CDC603	1200	82	162	140	98	147	139	72	197	75	64	77	102	193	50	235	138
ENSG00000002023	SIRT110	1190	31	11	5	14	2	12	3	3	4	13	14	3	1	3	1	2
ENSG00000002024	HTR154	1391	28	42	25	23	49	53	44	29	47	0	31	30	38	54	71	42
ENSG00000002025	RAB696	2737	38	22	35	15	8	5	2	1	5	7	9	19	12	11	9	8
ENSG00000002026	KMT2774	3749	2448	1925	1638	1398	1651	2118	1859	1930	3025	1251	1639	2141	2096	1766	1966	3571
ENSG00000002027	CDC678	1443	86	118	70	42	180	87	94	101	111	122	37	94	119	108	131	182
ENSG00000002028	DYNC879	2539	1085	641	499	561	214	136	327	156	1252	413	539	823	321	304	312	426
ENSG00000002029	ZNF500	1436	85	108	41	101	61	135	94	47	141	68	118	133	132	174	85	186
ENSG00000002030	PPP2R829	413	237	121	196	145	184	133	290	115	80	114	75	124	107	248	140	44
ENSG00000002031	TRIM589	2293	21	28	52	11	43	99	77	39	36	25	48	46	84	49	20	67
ENSG00000002032	ATAD523	1448	475	294	194	622	651	798	1781	572	396	393	586	568	363	918	1001	1530
ENSG00000002033	ADRB94	680	200	158	108	250	365	264	132	132	59	101	164	69	335	201	155	250
ENSG00000002034	OR865	2651	148	53	191	140	67	117	119	109	271	221	164	100	29	79	113	80
ENSG00000002035	NOTCH1	1056	0	0	1	3	1	4	0	1	1	1	0	5	1	0	3	1
ENSG00000002036	EZH168	1035	35	27	15	36	12	10	0	22	28	35	0	46	9	8	4	2
ENSG00000002037	USP842	2324	489	633	1038	533	545	693	774	630	669	693	973	781	694	269	800	822
ENSG00000002038	TIMP1	501	73	125	148	163	56	79	167	53	99	62	51	137	60	52	96	43
ENSG00000002039	CHRM740	1340	35	75	114	35	39	32	61	51	104	84	39	65	41	62	93	84
ENSG00000002040	DNMT804	2413	374	191	392	237	165	309	225	118	340	241	244	227	370	81	150	337
ENSG00000002041	RAB11FIP306	2538	86	123	51	41	40	77	135	40	107	22	81	44	73	24	65	91
ENSG00000002042	GLUT4	1994	20	10	16	7	5	5	20	9	4	8	4	41	4	1	15	8
ENSG00000002043	SMARC782	1697	4	4	2	0	2	2	1	3	5	1	6	0	9	1	3	7
ENSG00000002044	ABC549	1049	309	144	160	204	135	168	232	131	181	116	278	244	152	182	297	65
ENSG00000002045	PXN897	2482	0	0	5	7	1	2	3	0	3	1	0	1	4	0	1	8
ENSG00000002046	MRPL241	1048	5	3	34	6	6	1	10	8	8	6	14	3	8	17	10	0
ENSG00000002047	TET827	4683	33	35	106	82	81	193	87	42	78	47	47	30	183	151	39	134
ENSG00000002048	ATAD627	1344	145	69	45	93	55	42	50	113	172	93	102	141	233	131	192	293
ENSG00000002049	RAB11FIP471	3097	297	180	75	37	62	27	113	90	183	103	78	220	38	43	79	63
ENSG00000002050	TMEM669	4261	49	33	9	40	7	41	20	2	52	38	74	29	9	7	30	16
ENSG00000002051	RAB11FIP387	1662	1	6	16	2	4	19	5	2	5	0	16	1	0	7	2	16
ENSG00000002052	TMEM702	2240	28	12	26	8	45	96	5	6	10	9	2	3	46	7	58	79
ENSG00000002053	TLN876	2377	48	16	13	30	2	14	33	4	27	24	5	9	5	13	6	0
ENSG00000002054	ABC756	945	24	107	52	68	26	12	8	14	15	70	54	87	21	28	8	19
ENSG00000002055	USP679	3505	297	187	232	215	224	356	366	236	315	311	308	472	226	146	299	420
ENSG00000002056	FOXP3	1560	195	191	136	233	57	72	59	88	25	39	31	19	7	12	6	12
ENSG00000002057	CUL34	2088	503	495	968	206	840	1125	1848	883	615	579	667	322	1509	1966	1733	2402
ENSG00000002058	TET420	789	0	4	0	0	0	0	1	0	2	0	1	1	5	0	0	0
ENSG00000002059	VCL472	2393	40	6	31	29	28	20	17	57	11	6	17	11	13	19	10	5
ENSG00000002060	ARID899	1055	52	69	20	48	34	50	49	72	116	30	66	31	47	51	44	32
ENSG00000002061	OR779	2598	435	268	266	272	133	207	230	134	473	217	443	260	157	191	143	167
ENSG00000002062	CYP8	1601	0	1	9	3	24	5	1	8	10	0	1	3	6	22	11	3
ENSG00000002063	VCL460	1215	602	1226	897	647	415	505	835	585	854	464	509	778	260	351	367	670
ENSG00000002064	SMARC187	1241	510	512	868	314	1012	1583	1158	899	2795	2487	1384	1717	2279	2688	1855	3959
ENSG00000002065	HDAC642	870	1	9	12	4	8	4	17	11	0	1	3	16	11	10	9	3
ENSG00000002066	TET101	1062	4	0	0	0	0	0	0	0	0	2	1	0	0	1	0	0
ENSG00000002067	CHRM848	2491	16	11	6	10	21	17	9	27	20	13	3	24	7	34	9	13
ENSG00000002068	HDAC517	2651	21	8	45	43	33	22	23	35	90	52	80	45	37	20	25	23
ENSG00000002069	PLC371	1932	53	121	84	99	65	79	213	24	179	128	72	124	60	173	40	38
ENSG00000002070	MAPK339	3764	138	37	93	59	51	63	170	39	323	240	163	142	595	440	271	317
ENSG00000002071	TET202	1157	2	1	0	1	0	2	0	0	2	1	5	0	1	0	1	1
ENSG00000002072	PLC726	1382	2	4	14	12	2	11	1	2	23	8	1	1	10	0	0	2
ENSG00000002073	PPP1R672	1518	131	72	190	210	210	348	156	192	193	147	40	93	126	130	99	171
ENSG00000002074	TMEM291	1801	4	3	4	11	38	2	8	11	2	4	4	6	31	12	9	3
ENSG00000002075	ARID89	1728	0	2	11	11	2	5	4	1	6	3	6	4	2	6	0	0
ENSG00000002076	DYNC854	707	95	146	185	161	644	262	584	370	208	162	122	182	335	387	563	659
ENSG00000002077	DUSP24	3372	57	187	178	146	92	74	131	96	89	75	165	111	148	70	108	169
ENSG00000002078	MRPL497	2649	16	16	8	17	1	2	11	11	4	0	6	8	3	8	1	14
ENSG00000002079	TMEM73	1448	15	51	45	30	22	50	23	48	76	11	17	14	53	22	34	23
ENSG00000002080	SKP692	5574	147	87	148	72	127	44	115	187	121	47	80	88	94	63	87	78
ENSG00000002081	UBE238	1621	989	1026	1200	1622	1537	784	1112	761	2187	1074	936	1557	885	1024	964	946
ENSG00000002082	HDAC8	1699	61	32	45	32	17	12	21	12	41	44	25	78	15	15	16	41
ENSG00000002083	PXN309	2041	1	3	2	0	0	0	0	1	0	2	0	2	1	0	2	4
ENSG00000002084	SKP680	1426	13	5	0	6	0	13	21	2	4	12	6	2	5	17	1	2
ENSG00000002085	HTR778	805	146	61	97	105	55	55	28	41	191	100	83	120	48	59	82	81
ENSG00000002086	ACTN721	2225	261	400	372	250	412	455	367	470	480	243	262	511	519	391	964	528
ENSG00000002087	TOMM650	3924	46	18	18	49	6	23	12	13	45	31	44	15	9	8	15	17
ENSG00000002088	PXN341	1832	12	6	5	1	13	9	14	16	11	19	0	5	10	13	4	0
ENSG00000002089	TLN423	2466	2	5	4	1	0	3	4	0	1	1	2	0	5	0	0	13
ENSG00000002090	ABC391	2289	1	8	0	5	0	0	3	3	29	19	2	4	3	3	3	1
ENSG00000002091	DUSP465	5553	11	1	4	4	0	2	8	4	14	1	2	11	0	2	12	1
ENSG00000002092	KRT632	3590	0	5	3	2	2	18	4	14	27	8	16	3	9	0	2	12
ENSG00000002093	ADRB723	8982	147	120	125	146	152	93	178	158	348	64	130	103	204	63	228	90
ENSG00000002094	TUBB386	2746	2	1	3	2	3	1	1	0	3	9	2	1	1	1	0	0
ENSG00000002095	EIF171	2657	6	33	61	4	12	10	23	14	38	41	46	26	18	16	20	14
ENSG00000002096	ANK563	3216	169	173	114	189	115	202	77	56	205	145	137	108	113	122	161	89
ENSG00000002097	DRD327	870	216	148	174	158	34	76	165	133	99	87	144	141	219	124	109	194
ENSG00000002098	ARF640	3053	19	21	47	37	25	28	31	38	5	17	10	22	28	18	26	7
ENSG00000002099	HTR849	7342	10	31	14	13	2	13	17	14	29	21	20	2	12	3	5	3
ENSG00000002100	TLN563	1098	61	87	100	32	98	50	88	75	47	60	81	83	73	9	39	27
ENSG00000002101	RAB11FIP627	1988	48	17	34	24	21	6	15	17	42	12	6	17	24	19	10	1
ENSG00000002102	EZH172	2857	25	33	22	30	8	9	15	21	26	28	12	20	6	27	22	8
ENSG00000002103	UBE2399	1740	16	19	18	13	23	19	16	47	85	7	33	48	20	45	12	36
ENSG00000002104	RPL664	2566	34	65	115	70	29	46	27	32	74	31	21	14	64	43	40	63
ENSG00000002105	CDC532	1581	392	170	373	320	270	552	393	621	257	227	240	333	616	291	445	555
ENSG00000002106	RPL592	4400	10	12	24	32	61	37	11	49	25	34	5	43	24	34	40	87
ENSG00000002107	DYNC453	1568	359	186	155	144	188	174	206	242	469	106	224	161	95	238	87	266
ENSG00000002108	PPP1R671	1633	56	32	123	74	180	80	114	39	33	27	125	40	66	41	96	101
ENSG00000002109	KRT275	1515	177	38	196	180	85	89	100	123	98	76	71	157	41	91	39	74
ENSG00000002110	RPL853	1259	14	3	26	19	1	7	25	14	4	7	6	39	28	7	4	10
ENSG00000002111	PPP1R503	1827	0	4	3	1	1	1	0	0	2	0	0	1	0	1	0	3
ENSG00000002112	ARF602	4895	738	688	1420	1354	2522	2539	1721	2390	1457	1012	1306	1524	2637	1527	1305	3001
ENSG00000002113	TIMM340	1701	37	11	17	12	18	9	11	21	19	20	1	2	27	39	2	53
ENSG00000002114	CACN833	3341	332	364	414	320	1024	435	1178	855	620	596	306	500	561	418	734	1158
ENSG00000002115	RAB362	1403	29	19	31	41	12	29	15	28	11	8	61	38	14	14	32	8
ENSG00000002116	TLN535	1422	15	11	11	6	10	3	10	8	7	9	4	24	2	1	0	2
ENSG00000002117	SUZ705	1536	6	3	34	1	22	22	6	7	3	7	6	10	24	4	12	2
ENSG00000002118	GNA294	2056	2607	1424	2780	1803	4856	3012	3928	2877	2571	1928	3122	2075	4117	2238	3366	1903
ENSG00000002119	ZNF686	3339	398	383	815	751	373	302	332	297	522	286	369	757	437	371	265	385
ENSG00000002120	PRKC707	2781	55	98	75	66	59	72	43	41	125	100	95	84	47	22	24	18
ENSG00000002121	RHO238	3517	474	763	593	501	361	659	346	865	915	280	455	691	532	818	626	864
ENSG00000002122	MAPK567	2178	166	115	254	153	680	249	658	298	162	332	148	201	289	375	341	403
ENSG00000002123	ATAD756	2946	7	9	14	37	19	34	6	14	41	1	6	12	9	19	18	59
ENSG00000002124	KDM86	1409	478	861	651	802	577	644	287	244	730	1033	692	832	681	558	833	871
ENSG00000002125	H2AF26	1788	96	44	32	33	164	39	98	66	28	49	53	23	92	62	97	100
ENSG00000002126	COPB729	3603	14	40	16	16	40	20	32	42	41	102	48	4	36	27	10	7
ENSG00000002127	VCL160	1752	160	116	163	73	61	196	201	159	89	80	65	101	82	57	115	115
ENSG00000002128	MMP775	6307	12	6	6	16	3	24	34	5	29	27	12	21	11	18	8	14
ENSG00000002129	GNA192	2525	61	104	165	127	584	431	231	266	56	47	55	48	61	79	155	101
ENSG00000002130	TRIM833	2432	94	106	191	118	106	210	156	204	155	164	73	125	202	148	131	104
ENSG00000002131	HNF4A	1435	534	976	478	616	610	584	748	492	1851	1520	2202	2318	2492	1074	2425	1816
ENSG00000002132	BRD640	1685	562	585	643	874	1223	838	1624	704	218	495	399	457	648	473	1877	722
ENSG00000002133	CHRM143	2593	8	22	17	9	14	28	18	35	42	29	22	24	32	3	15	11
ENSG00000002134	KRT576	1303	150	272	280	197	65	31	86	112	152	127	130	192	40	44	79	83
ENSG00000002135	VCL743	1330	0	1	15	7	23	28	27	16	19	5	2	8	20	12	1	15
ENSG00000002136	BRD850	3276	301	321	273	215	119	228	113	253	132	207	173	300	74	136	128	386
ENSG00000002137	OR574	1218	79	98	121	89	194	133	103	176	106	130	161	83	304	40	144	237
ENSG00000002138	KCN736	2134	629	293	554	302	388	530	878	852	510	368	408	341	802	474	319	512
ENSG00000002139	EZH112	2113	341	334	216	163	72	169	104	136	127	228	191	178	143	81	200	165
ENSG00000002140	TUBB477	950	7	0	3	13	0	1	1	1	0	3	0	2	4	1	0	6
ENSG00000002141	SPTB119	3458	18	30	9	30	3	4	2	0	20	1	6	9	8	7	2	15
ENSG00000002142	SNX621	1592	5	2	22	44	26	36	82	60	43	13	21	25	28	40	50	29
ENSG00000002143	TAZ	2519	138	191	280	355	79	223	130	57	19	33	25	18	21	14	24	17
ENSG00000002144	RHO721	2191	10	7	28	4	33	33	18	16	10	8	22	5	13	11	29	45
ENSG00000002145	ADAM435	870	1663	1857	3273	1759	1704	1302	1523	1320	2800	2679	2249	2736	1672	1635	1689	2807
ENSG00000002146	ANK189	3761	5	4	12	15	21	3	1	11	4	4	15	3	0	4	2	1
ENSG00000002147	KDM41	2797	66	40	60	83	81	34	56	34	74	75	73	54	75	130	27	61
ENSG00000002148	FBXO409	3068	1	4	0	0	0	2	0	0	1	0	0	0	0	2	0	3
ENSG00000002149	SEC198	2881	41	34	13	18	6	53	14	25	45	14	12	17	15	8	36	33
ENSG00000002150	PPP2R395	2785	313	197	272	159	127	101	179	166	187	195	219	177	110	103	117	144
ENSG00000002151	PLC293	826	3	1	8	4	0	0	3	0	0	5	1	0	0	6	1	1
ENSG00000002152	KCN317	2677	4	3	9	11	1	2	4	11	5	30	15	21	10	15	2	2
ENSG00000002153	DNMT102	3197	0	1	3	2	2	4	6	0	1	0	3	0	0	0	3	1
ENSG00000002154	TMEM574	5501	14	20	33	3	20	37	39	40	114	21	20	24	29	20	63	13
ENSG00000002155	RAB11FIP334	1812	0	0	1	0	1	0	0	0	0	0	0	0	0	0	0	3
ENSG00000002156	ARID852	1880	200	135	206	99	181	371	225	171	242	191	155	317	382	173	267	293
ENSG00000002157	MRPS95	5500	60	57	46	69	7	12	29	48	11	64	24	17	49	10	21	32
ENSG00000002158	TMEM246	3022	911	1459	1184	1047	852	958	1331	328	1759	1162	697	986	899	458	737	547
ENSG00000002159	RNF290	2446	391	320	193	123	97	226	98	127	117	143	236	187	53	59	129	144
ENSG00000002160	ID1	2825	29	39	107	98	43	36	281	35	12	2	2	15	8	5	0	11
ENSG00000002161	IFNG	1738	5	25	40	7	8	23	9	17	17	9	8	5	32	8	21	21
ENSG00000002162	VCL75	2880	94	96	203	189	292	115	318	134	202	97	333	255	145	222	96	412
ENSG00000002163	CCNB478	3761	118	197	35	147	58	74	53	34	183	205	191	207	64	31	72	53
ENSG00000002164	ACTN352	1046	1711	1318	1231	1000	1015	1102	1210	1651	1352	3131	720	790	647	551	842	386
ENSG00000002165	HTR281	3383	53	99	37	41	22	31	39	18	25	7	37	14	29	40	21	36
ENSG00000002166	OR892	2237	14	29	43	10	1	3	6	8	10	2	27	13	8	6	7	5
ENSG00000002167	SCN757	2626	8	0	2	5	15	8	3	1	2	1	2	9	0	2	0	2
ENSG00000002168	DDX627	933	77	50	147	80	360	123	185	268	208	59	62	221	202	203	157	779
ENSG00000002169	USP629	2010	681	804	980	1023	2755	593	1167	1097	1399	718	828	1154	1333	1195	1404	1435
ENSG00000002170	RPS162	3657	9	20	4	1	4	0	4	8	28	9	18	4	15	8	3	18
ENSG00000002171	PXN79	2403	2	1	1	14	6	8	40	7	3	1	2	9	3	1	1	6
ENSG00000002172	PXN194	1456	54	63	79	87	177	140	216	258	163	98	39	102	114	226	128	295
ENSG00000002173	KCN796	1677	48	80	83	47	185	78	142	43	36	56	119	52	60	79	54	61
ENSG00000002174	ATAD877	1231	29	35	50	151	49	50	39	92	32	60	56	46	44	62	33	60
ENSG00000002175	H2AF304	3749	5	9	8	3	5	0	1	4	1	3	0	1	3	2	10	3
ENSG00000002176	TLN633	1746	53	25	100	84	15	5	67	27	41	36	21	8	5	28	12	23
ENSG00000002177	VCL206	629	1	0	1	0	0	5	0	0	1	3	0	0	1	0	3	5
ENSG00000002178	FBXO18	3543	299	167	171	86	100	74	80	136	323	204	207	249	177	184	55	97
ENSG00000002179	EZH450	1594	4	4	5	15	20	19	19	45	0	11	17	5	26	11	50	142
ENSG00000002180	KCN554	1697	300	404	304	369	302	144	198	276	342	288	356	687	160	270	176	178
ENSG00000002181	CCNB574	1276	101	88	56	33	63	62	69	60	129	39	80	61	96	62	92	68
ENSG00000002182	RNF437	1619	5	1	18	11	13	1	7	9	5	13	13	28	7	8	3	1
ENSG00000002183	TOMM755	2666	270	571	304	330	1053	1848	1023	1159	592	637	545	417	2221	336	856	1171
ENSG00000002184	KDM221	3937	1	4	1	7	3	0	4	0	0	18	2	18	6	4	14	1
ENSG00000002185	FBXO434	4140	17	12	2	5	3	10	4	4	4	11	6	13	8	6	3	6
ENSG00000002186	GABR621	908	38	4	21	21	20	11	36	25	62	45	13	32	9	0	7	11
ENSG00000002187	SPTB167	2096	0	0	0	1	15	8	16	5	0	1	1	0	3	16	18	12
ENSG00000002188	PXN63	2100	8	26	10	7	5	10	5	11	4	4	14	0	1	0	2	3
ENSG00000002189	EIF8	3381	7	6	27	2	7	77	23	39	8	13	8	13	6	7	11	16
ENSG00000002190	KIF822	3034	12	14	22	16	2	5	2	1	15	9	7	39	2	4	2	3
ENSG00000002191	CCNB264	5351	136	74	158	249	47	59	43	87	193	95	73	71	57	76	65	118
ENSG00000002192	UBE25	1014	2	1	0	4	4	1	2	0	0	0	0	3	1	1	4	0
ENSG00000002193	CCNB706	2376	109	27	115	39	141	71	102	93	166	42	75	35	123	19	86	112
ENSG00000002194	TET882	1602	6	14	7	11	1	1	21	7	6	14	0	8	0	7	7	6
ENSG00000002195	COL748	1285	341	325	244	305	433	507	635	920	320	456	332	362	486	636	1180	252
ENSG00000002196	FBXO679	2062	8	5	3	11	23	19	31	6	31	8	34	11	59	27	19	80
ENSG00000002197	HDAC199	1350	7	1	26	4	3	3	1	3	5	6	2	11	15	3	2	2
ENSG00000002198	EZH285	3610	3	17	36	8	13	21	10	8	10	8	2	35	52	29	56	20
ENSG00000002199	PXN186	2540	0	3	0	2	1	1	0	5	2	7	8	1	0	0	0	1
ENSG00000002200	UBE2135	974	7	5	8	0	0	3	2	3	3	2	1	22	4	2	13	1
ENSG00000002201	SCN797	1290	23	46	70	17	35	89	81	85	39	28	29	11	89	66	136	52
ENSG00000002202	PLC845	3223	1	17	14	29	18	1	19	4	23	2	11	23	10	3	15	5
ENSG00000002203	PPP1R110	1623	910	853	809	709	395	366	422	371	749	407	426	293	541	435	500	401
ENSG00000002204	USP855	3660	1405	914	1634	885	797	1199	2880	1309	1628	575	816	1220	650	816	1510	972
ENSG00000002205	TRIM389	4388	27	4	26	24	48	82	17	59	17	20	34	16	53	53	18	192
ENSG00000002206	KIF683	1394	172	255	265	192	422	297	532	530	458	430	255	154	338	340	311	355
ENSG00000002207	RAB267	4566	211	283	235	124	313	221	343	224	329	160	103	140	426	236	215	233
ENSG00000002208	GABR827	778	38	118	35	85	76	79	50	116	23	101	55	40	104	53	74	144
ENSG00000002209	DYNC367	1040	7	16	15	13	19	9	12	33	55	51	24	24	6	6	8	16
ENSG00000002210	KDM562	2749	10	11	5	17	9	7	22	12	43	19	20	4	6	20	3	5
ENSG00000002211	DRD731	1633	93	79	124	123	173	321	98	60	79	25	60	76	42	100	77	198
ENSG00000002212	HTR686	2374	102	125	90	93	306	164	221	76	97	50	100	173	235	305	320	575
ENSG00000002213	DRD300	2644	0	0	0	0	0	2	2	0	0	1	0	0	0	0	0	0
ENSG00000002214	TIMM685	3380	829	679	1382	694	351	609	763	571	968	635	795	563	477	389	324	573
ENSG00000002215	DRD758	2784	352	548	394	406	597	1103	738	494	574	284	302	630	466	651	709	1154
ENSG00000002216	ABC314	1041	0	5	3	0	0	0	1	0	0	1	0	0	0	0	0	0
ENSG00000002217	DNMT118	1023	28	27	30	51	19	4	17	15	38	57	4	8	73	18	15	23
ENSG00000002218	KCN607	1129	7	2	2	1	0	1	1	0	6	1	3	3	5	0	2	0
ENSG00000002219	SMARC495	900	2	2	0	0	2	0	0	1	10	1	4	9	1	0	0	2
ENSG00000002220	CUL43	3803	8	29	7	8	14	2	15	13	24	42	3	18	16	39	28	1
ENSG00000002221	COL29	1982	125	95	57	68	123	44	26	192	23	60	12	53	76	106	205	148
ENSG00000002222	BRD366	2790	22	10	34	24	17	17	15	5	26	22	9	22	32	13	12	23
ENSG00000002223	CYP559	996	46	182	130	130	92	55	92	31	188	110	61	120	70	22	64	81
ENSG00000002224	SNX127	1583	203	111	197	209	53	64	72	142	96	182	185	140	48	51	57	69
ENSG00000002225	TRIM857	1576	26	29	12	70	30	31	59	28	48	65	17	27	62	53	42	76
ENSG00000002226	UBE2870	2555	35	59	19	55	53	83	53	47	28	14	17	44	14	32	20	139
ENSG00000002227	ZNF277	1275	58	139	117	61	147	174	223	198	46	68	61	85	136	96	161	124
ENSG00000002228	MAPK413	7822	0	3	18	3	25	7	7	3	43	3	26	16	3	7	10	11
ENSG00000002229	MRPL376	1966	307	218	182	130	310	228	348	234	252	190	266	184	375	188	313	317
ENSG00000002230	SUZ34	1329	16	9	14	22	10	15	19	16	11	47	6	4	38	10	27	13
ENSG00000002231	KDM608	1210	99	266	448	240	22	25	52	15	172	103	148	99	61	27	18	39
ENSG00000002232	ANK596	1544	284	259	314	203	262	293	525	249	349	269	148	162	284	180	229	339
ENSG00000002233	PRKC870	1107	1	0	3	0	2	0	0	5	8	1	5	0	0	0	0	1
ENSG00000002234	TIMM802	4919	0	0	0	0	0	0	1	0	0	2	0	0	0	0	1	0
ENSG00000002235	SIRT782	1948	21	30	21	14	57	29	36	23	34	38	96	84	33	24	45	31
ENSG00000002236	TLR4	4139	917	1206	1818	990	221	447	569	309	10680	11370	10069	9658	3187	2653	3116	2216
ENSG00000002237	KCN159	1786	1	1	23	3	2	0	3	0	4	6	3	0	4	3	3	11
ENSG00000002238	VCL854	1680	170	117	96	213	127	51	110	151	274	136	228	174	131	137	118	171
ENSG00000002239	RHO49	1201	107	45	203	56	57	25	33	97	62	56	26	66	67	32	23	38
ENSG00000002240	PRKC270	4055	3	5	2	0	2	0	5	10	0	7	15	12	0	0	0	3
ENSG00000002241	SIRT779	860	24	24	21	46	12	8	14	13	310	161	90	43	22	23	12	22
ENSG00000002242	VPS103	2475	23	5	17	24	6	120	125	33	25	23	24	1	2	29	42	10
ENSG00000002243	KCN474	1707	17	24	0	14	12	8	7	4	8	12	16	6	3	42	11	14
ENSG00000002244	TOMM770	1165	1	2	2	0	0	0	2	5	0	2	1	3	5	42	8	24
ENSG00000002245	CDC41	790	704	770	694	668	926	727	941	1004	906	542	909	700	914	777	757	1644
ENSG00000002246	SIRT539	1491	63	26	19	24	7	118	98	30	70	29	64	28	27	65	6	24
ENSG00000002247	SLC522	1356	52	24	30	11	42	22	26	35	94	44	78	19	63	80	49	18
ENSG00000002248	DRD313	1671	19	11	65	13	44	19	42	23	9	18	42	36	12	13	6	53
ENSG00000002249	UBE2324	1259	93	125	386	157	48	100	89	67	72	113	171	224	92	71	70	164
ENSG00000002250	PPP1R706	3391	1049	941	674	715	452	541	509	325	1563	1042	1092	1913	421	457	768	1299
ENSG00000002251	SMARC198	1876	9	6	15	34	8	37	37	20	9	5	21	16	18	31	36	26
ENSG00000002252	NR3C1	1770	288	364	354	233	136	127	263	298	261	84	77	76	57	71	36	102
ENSG00000002253	ADRB434	1784	31	7	34	15	28	4	23	41	27	6	34	52	22	21	13	13
ENSG00000002254	CCNB284	2544	239	224	189	326	252	631	262	447	366	149	177	276	625	278	276	491
ENSG00000002255	EIF754	1372	9	27	57	3	31	9	160	37	25	22	4	31	65	84	29	51
ENSG00000002256	DHX624	4335	2	5	1	9	1	3	4	3	9	0	2	0	21	6	3	0
ENSG00000002257	EZH731	2481	52	133	231	83	64	147	151	236	214	106	115	138	191	76	88	131
ENSG00000002258	EZH290	2421	60	117	108	108	69	22	127	36	125	117	109	80	147	95	87	79
ENSG00000002259	COPB101	2017	2	4	7	3	7	1	5	0	1	0	2	3	0	1	1	0
ENSG00000002260	PPP2R250	3224	24	18	25	30	38	63	7	11	17	17	17	30	35	33	60	43
ENSG00000002261	UGT515	3224	26	1	28	19	8	14	0	3	9	33	9	19	5	5	10	5
ENSG00000002262	KRT768	1325	2	2	3	4	3	17	4	1	2	0	7	4	32	30	13	45
ENSG00000002263	KIF679	3101	171	164	206	178	84	130	140	74	557	358	451	250	332	197	408	313
ENSG00000002264	BRD232	4290	2	0	1	0	0	1	2	0	0	4	2	4	0	0	1	1
ENSG00000002265	CUL423	2956	414	229	217	219	277	157	251	191	273	210	517	280	188	251	317	214
ENSG00000002266	DUSP429	2692	58	33	59	23	47	39	156	75	64	27	21	50	27	10	21	23
ENSG00000002267	UBE2818	625	7	5	26	14	14	4	11	19	13	12	24	26	28	16	17	40
ENSG00000002268	TOMM721	1700	2	1	0	2	1	1	4	1	0	1	1	5	2	0	1	0
ENSG00000002269	ARID550	2630	476	228	298	269	264	324	337	497	582	321	341	441	240	183	230	429
ENSG00000002270	ARF210	3093	110	129	334	298	277	421	400	209	382	295	251	292	442	236	424	758
ENSG00000002271	ACTN625	1477	5	2	1	20	25	21	4	0	6	5	4	5	3	1	7	8
ENSG00000002272	ANK819	1754	0	4	5	4	1	32	5	5	17	13	23	8	39	23	22	5
ENSG00000002273	ATAD885	2233	137	51	47	33	40	88	105	27	101	89	36	64	194	84	42	62
ENSG00000002274	UBE2797	1937	1	0	2	1	0	0	0	3	6	1	0	0	4	0	3	1
ENSG00000002275	PPP1R859	3500	7	6	4	13	0	0	0	0	9	2	1	0	0	4	0	0
ENSG00000002276	HDAC429	2011	126	111	138	67	83	104	119	68	35	39	45	16	28	28	48	14
ENSG00000002277	RAB11FIP418	1463	33	16	16	54	84	52	17	30	6	0	6	1	110	17	75	45
ENSG00000002278	GNA768	4370	558	434	321	168	293	188	409	264	670	347	283	688	302	167	185	406
ENSG00000002279	DUSP779	1498	261	236	138	354	126	230	377	98	184	239	209	246	255	116	165	180
ENSG00000002280	KIF344	2565	10	14	10	24	31	6	31	53	32	18	20	15	42	32	97	28
ENSG00000002281	ABC500	2250	56	40	49	79	35	38	22	95	18	41	37	61	41	63	75	60
ENSG00000002282	RAB11FIP517	1653	11	3	50	22	14	5	32	59	0	8	9	6	8	34	34	6
ENSG00000002283	RAB11FIP273	2260	120	134	107	138	75	62	94	107	333	115	61	269	224	73	53	269
ENSG00000002284	MMP542	1739	116	11	26	87	22	4	62	19	81	16	124	21	13	17	32	53
ENSG00000002285	MRPS847	6146	4	12	3	0	6	1	11	1	15	7	2	9	0	0	13	9
ENSG00000002286	SMARC739	1961	164	218	230	185	554	743	790	332	245	78	236	150	397	438	587	511
ENSG00000002287	KDM36	3125	430	189	293	687	314	235	295	316	453	564	377	379	304	313	249	316
ENSG00000002288	KCN686	1826	177	225	175	183	771	1243	1388	690	197	184	202	208	746	435	710	1121
ENSG00000002289	KDM320	2687	16	26	42	17	4	9	25	17	81	3	18	11	42	22	40	5
ENSG00000002290	HIST1H191	1699	1	1	1	1	0	0	0	0	0	0	0	0	0	0	0	0
ENSG00000002291	OR204	1340	5	4	3	0	4	0	3	0	0	3	2	6	0	3	10	2
ENSG00000002292	USP567	1620	34	12	53	15	63	16	40	20	39	16	21	37	51	9	8	23
ENSG00000002293	KIF435	2285	97	177	118	112	140	78	201	121	245	176	93	337	96	231	106	126
ENSG00000002294	USP328	4468	2	3	1	4	2	1	4	1	0	1	2	1	0	1	0	1
ENSG00000002295	DHX3	1760	36	43	49	72	30	86	21	26	73	32	54	87	41	27	51	25
ENSG00000002296	H2AF92	3376	6	3	11	8	22	28	16	14	2	8	2	1	1	27	9	10
ENSG00000002297	CHRM793	1063	147	109	63	147	113	180	220	414	92	58	43	63	415	95	294	329
ENSG00000002298	MAPK471	854	96	177	52	94	113	77	115	75	87	79	87	46	65	74	49	29
ENSG00000002299	DDX644	1330	101	125	80	54	47	80	189	78	265	81	82	84	126	58	47	59
ENSG00000002300	FBXO292	1413	20	2	45	18	5	28	51	25	14	6	10	20	16	2	33	11
ENSG00000002301	ZNF306	1049	107	167	138	76	131	187	395	162	90	288	82	242	15	171	145	153
ENSG00000002302	ARF608	1080	29	7	1	5	16	22	21	7	31	4	11	9	2	3	12	34
ENSG00000002303	SUZ820	1562	42	16	5	24	8	14	12	20	17	20	28	9	15	15	14	28
ENSG00000002304	TRIM454	1651	43	82	77	55	140	171	220	89	52	176	43	122	113	166	39	207
ENSG00000002305	ADRB853	1436	0	0	0	2	0	0	1	1	0	0	0	0	2	0	0	1
ENSG00000002306	COL516	1303	1409	2364	2058	2402	742	1536	946	1225	1828	2064	1214	2107	1081	3043	2195	1017
ENSG00000002307	TMEM60	900	0	6	5	8	29	1	22	0	0	3	13	1	2	8	1	4
ENSG00000002308	MCL1	384	3	1	1	3	1	5	6	2	4	7	0	2	2	6	3	6
ENSG00000002309	TIMM391	2194	4	25	48	39	14	8	17	2	25	12	14	3	21	11	11	1
ENSG00000002310	DDX304	2536	191	154	215	149	185	199	253	325	202	99	113	296	363	141	299	374
ENSG00000002311	HIST1H71	2021	98	33	36	33	22	51	28	10	57	85	53	42	22	20	22	51
ENSG00000002312	DUSP259	1121	12	4	8	5	3	13	32	5	33	12	9	3	15	2	5	4
ENSG00000002313	SNX294	2053	110	181	260	138	75	94	120	120	405	88	184	244	193	96	115	134
ENSG00000002314	KIF771	552	173	187	190	72	197	257	199	246	209	111	153	242	369	266	225	486
ENSG00000002315	TRIM755	2917	229	226	264	104	75	98	84	97	497	272	119	242	120	62	109	46
ENSG00000002316	KRT645	2398	4	3	1	9	5	9	9	4	5	2	1	1	1	4	0	3
ENSG00000002317	TOMM575	2313	46	7	57	3	11	76	8	33	61	42	13	90	17	20	44	12
ENSG00000002318	ADRB403	3471	1	14	37	25	4	4	6	17	20	7	11	9	3	19	24	9
ENSG00000002319	CUL300	1741	1	8	2	29	9	0	5	4	18	46	30	6	1	3	7	3
ENSG00000002320	SLC460	1964	139	138	311	319	72	72	66	70	109	158	187	130	85	33	33	70
ENSG00000002321	RNF895	2223	44	16	38	50	22	9	17	11	53	45	5	36	26	23	34	26
ENSG00000002322	SCN742	3701	1444	824	1147	990	1554	1280	1370	1047	1876	1038	1047	1957	681	782	1598	459
ENSG00000002323	DHX650	4505	10	4	5	0	2	5	1	0	1	2	8	0	0	0	1	2
ENSG00000002324	ACTN515	1080	96	76	24	51	54	76	71	46	104	89	103	54	19	17	25	79
ENSG00000002325	PPP2R508	4239	0	0	0	0	7	5	1	1	0	8	1	0	0	2	5	3
ENSG00000002326	DDX690	3255	0	7	1	2	1	3	0	0	3	2	2	3	0	2	0	1
ENSG00000002327	H2AF586	2422	20	17	5	11	16	12	16	11	37	6	17	8	1	6	22	13
ENSG00000002328	PDK1	4188	46	74	27	34	77	72	59	168	20	39	12	48	115	69	100	125
ENSG00000002329	TLN792	1443	4	15	66	0	4	16	11	32	11	56	4	23	27	20	18	124
ENSG00000002330	ABC104	895	127	144	203	277	178	199	207	88	137	185	181	147	318	135	319	565
ENSG00000002331	DNMT250	1546	1	2	2	6	4	1	0	1	0	0	0	0	2	2	2	2
ENSG00000002332	TUBB232	4167	12	10	5	0	5	6	34	14	10	10	3	4	2	9	4	2
ENSG00000002333	USP560	2992	1033	499	554	466	773	639	664	804	453	366	251	537	526	988	575	614
ENSG00000002334	ARID469	2824	6	16	41	8	13	11	14	2	4	21	19	3	4	7	7	14
ENSG00000002335	RHO538	1639	8	1	2	19	1	1	3	3	1	4	9	6	22	16	77	5
ENSG00000002336	PRKC872	1818	173	142	403	247	389	159	166	206	291	78	139	157	258	231	240	257
ENSG00000002337	PRKC883	2652	45	32	93	19	6	13	26	29	66	9	46	32	16	35	34	30
ENSG00000002338	VPS258	1718	14	4	5	22	2	2	1	4	14	1	7	1	13	4	2	12
ENSG00000002339	KIF715	2150	39	136	87	209	74	40	48	46	112	90	71	87	73	42	44	70
ENSG00000002340	GABR279	2764	7	7	13	9	14	5	6	61	8	14	3	7	0	4	30	10
ENSG00000002341	SEC331	1463	18	11	12	18	7	30	20	11	17	5	6	48	8	23	9	7
ENSG00000002342	MRPL81	1369	335	402	645	502	448	192	150	162	922	659	427	921	229	304	345	285
ENSG00000002343	COL646	1861	17	33	9	1	27	10	14	2	4	13	18	19	11	6	6	3
ENSG00000002344	UGT698	1769	8	14	7	8	26	22	21	19	5	10	3	11	5	9	0	3
ENSG00000002345	DRD208	2047	259	132	204	109	75	183	64	130	185	96	93	217	155	120	170	185
ENSG00000002346	RNF7	2501	322	294	283	283	175	276	595	184	281	220	273	256	296	256	283	383
ENSG00000002347	H2AF222	3028	55	35	19	34	95	103	70	60	19	77	31	31	43	69	43	72
ENSG00000002348	ANGPT2	1971	16	44	16	29	44	36	18	41	15	5	32	2	21	18	40	28
ENSG00000002349	PXN475	1902	4	0	5	1	1	0	3	2	1	3	2	2	0	1	4	1
ENSG00000002350	RPL318	2019	0	1	2	4	2	1	1	0	1	2	0	1	0	1	0	1
ENSG00000002351	HIST1H783	3139	21	27	82	35	109	34	57	59	62	90	61	142	45	46	47	35
ENSG00000002352	TRIM716	1516	84	65	112	106	37	62	30	44	101	33	21	151	44	47	27	58
ENSG00000002353	DDX668	1651	29	40	5	23	31	9	4	43	45	5	6	0	40	7	52	3
ENSG00000002354	MRPL103	2632	1	19	0	0	10	5	24	4	3	10	2	6	0	0	3	2
ENSG00000002355	KIF90	1873	4257	2843	3054	2007	11262	9415	10957	12668	2319	2564	1067	4324	9494	7803	14199	7510
ENSG00000002356	MRPL417	820	566	490	369	343	626	358	942	761	444	556	347	761	966	1324	1268	1437
ENSG00000002357	TOMM701	979	49	20	65	16	60	24	60	26	7	5	19	11	38	63	26	58
ENSG00000002358	CD4	1909	473	310	639	243	236	273	381	291	117	50	86	103	60	56	89	99
ENSG00000002359	PPP1R210	1232	1	1	0	1	2	4	0	2	11	0	1	0	0	1	3	3
ENSG00000002360	TUBB563	3736	216	152	88	37	192	130	158	120	394	112	145	115	160	115	230	128
ENSG00000002361	UBE281	1768	63	61	240	127	123	141	216	155	290	134	292	145	66	101	113	114
ENSG00000002362	TRIM180	5381	33	18	12	25	20	11	32	23	56	23	30	50	2	6	10	65
ENSG00000002363	ANAPC715	1484	132	102	160	45	85	77	90	27	101	103	57	99	63	57	45	100
ENSG00000002364	RHO320	2012	87	29	36	86	103	75	155	51	73	61	16	95	107	56	104	89
ENSG00000002365	ARF534	3039	74	29	38	62	49	57	35	5	88	28	35	56	22	25	33	39
ENSG00000002366	GNA356	2281	108	27	47	15	20	49	108	22	29	24	20	36	29	42	24	43
ENSG00000002367	CACN470	1055	7	48	0	21	3	3	10	9	29	20	2	20	16	8	20	8
ENSG00000002368	DNMT578	1168	9	3	1	12	0	7	5	0	1	0	3	4	1	2	5	1
ENSG00000002369	SEC578	1447	41	13	30	29	0	5	3	10	6	28	22	10	5	16	6	14
ENSG00000002370	KRT636	1067	3	0	0	1	17	3	2	7	2	7	3	0	3	4	4	2
ENSG00000002371	ZNF215	2307	28	9	56	42	14	8	66	45	18	5	30	23	32	13	13	22
ENSG00000002372	DRD254	2400	29	4	9	12	5	8	3	6	8	5	4	22	5	4	13	2
ENSG00000002373	CACN585	3439	2771	4179	4567	3815	7749	8035	9331	4234	2925	3106	2811	2750	5571	7884	4980	5860
ENSG00000002374	PRKC809	1809	5	12	17	4	0	3	23	1	1	14	16	11	19	2	1	1
ENSG00000002375	SNX788	3137	37	44	23	29	7	19	9	19	21	11	15	30	25	15	14	24
ENSG00000002376	RAB11FIP452	735	7	10	9	7	8	1	4	5	20	5	7	12	6	6	6	3
ENSG00000002377	H2AF762	1894	32	20	14	5	144	263	58	65	38	0	28	2	300	29	371	154
ENSG00000002378	TGFB1	3213	256	127	316	286	194	497	557	396	1113	635	1205	1756	1024	741	1014	1205
ENSG00000002379	USP194	3713	398	499	387	349	513	482	768	483	161	94	132	138	319	182	192	114
ENSG00000002380	DRD328	1379	4	2	6	25	22	18	5	15	23	6	5	3	1	10	18	12
ENSG00000002381	HDAC481	6136	74	87	94	101	12	43	28	47	97	215	114	139	23	13	35	25
ENSG00000002382	RPS68	7240	608	1139	706	1005	277	525	389	314	2372	2108	1738	1092	1246	1660	752	903
ENSG00000002383	OR411	1337	9	12	22	29	21	3	11	2	67	35	85	79	9	6	15	12
ENSG00000002384	RAB11FIP331	2511	94	116	269	302	101	118	40	36	135	372	76	124	106	45	150	57
ENSG00000002385	ABC357	2792	0	0	0	0	0	0	0	0	1	1	0	0	0	0	0	1
ENSG00000002386	COPB426	1259	3	1	1	5	32	38	1	2	6	6	2	1	20	4	4	6
ENSG00000002387	DUSP754	1976	816	529	577	451	417	613	560	502	418	625	796	941	509	295	592	694
ENSG00000002388	ADRB684	2629	33	26	18	42	22	57	62	69	30	34	24	30	46	48	103	46
ENSG00000002389	USP432	1915	8	8	0	2	4	3	6	4	3	2	11	9	5	0	2	3
ENSG00000002390	MMP190	1948	49	43	20	22	30	28	77	9	32	25	28	16	31	12	47	51
ENSG00000002391	PPP1R336	1705	15	17	30	14	15	8	34	23	28	12	6	22	17	9	16	46
ENSG00000002392	MMP438	2022	63	20	40	57	87	70	128	75	118	123	206	158	187	211	348	613
ENSG00000002393	SUZ418	945	1326	1157	1618	1069	1963	1099	1945	1593	1795	640	999	1342	1569	1150	1189	1463
ENSG00000002394	H2AF294	1488	2	4	1	1	14	3	2	18	9	23	1	12	7	1	46	7
ENSG00000002395	CACN737	1893	586	462	306	537	970	837	994	711	297	331	770	382	371	653	664	863
ENSG00000002396	DDX484	1339	686	420	854	457	165	306	289	189	931	661	759	564	227	273	205	213
ENSG00000002397	MAPK672	1835	64	52	66	103	7	14	42	39	125	73	78	71	60	24	57	29
ENSG00000002398	GRIN530	862	610	496	1472	561	536	513	294	461	950	674	679	671	566	243	520	605
ENSG00000002399	SLC313	3246	47	58	22	31	4	22	49	38	74	50	10	38	45	87	16	46
ENSG00000002400	COL125	1234	12	3	5	5	0	6	1	0	9	3	13	12	3	0	0	2
ENSG00000002401	RAB626	1982	19	19	57	84	59	165	68	63	65	76	50	57	94	36	122	91
ENSG00000002402	KCN67	1772	118	159	189	142	111	179	183	162	181	148	94	60	110	163	127	119
ENSG00000002403	SUZ851	3800	15	31	104	64	127	81	18	45	29	81	12	36	121	32	41	77
ENSG00000002404	MAPK261	1085	3	3	13	4	5	12	12	16	15	0	6	8	23	5	6	24
ENSG00000002405	SKP212	3276	163	226	138	194	149	237	157	444	114	112	143	142	390	164	210	149
ENSG00000002406	SLC548	2289	1770	2618	2821	2510	184	473	874	405	1338	531	545	1183	494	127	220	165
ENSG00000002407	KIF171	1382	48	21	70	24	76	43	135	49	48	8	2	33	14	46	38	147
ENSG00000002408	GNA433	1792	74	58	76	79	21	12	8	8	46	23	23	15	35	34	19	30
ENSG00000002409	CYP645	679	5	5	6	1	10	2	3	6	0	0	7	4	7	8	7	9
ENSG00000002410	MRPS827	2751	31	47	35	42	15	41	43	39	31	24	24	88	38	11	50	10
ENSG00000002411	RAB11FIP826	967	4	6	41	24	9	3	73	25	28	17	6	27	47	9	15	20
ENSG00000002412	VPS546	3044	78	8	51	34	23	100	146	81	42	6	33	32	47	18	109	49
ENSG00000002413	CDC799	492	40	35	48	24	34	10	13	36	55	57	61	64	18	6	3	30
ENSG00000002414	RPL563	2972	303	175	231	48	106	224	133	265	88	98	44	136	101	126	114	365
ENSG00000002415	RAB246	1344	2	38	13	52	16	10	7	1	24	5	4	8	13	3	11	84
ENSG00000002416	HDAC354	2217	42	9	47	41	42	47	33	58	68	54	34	60	16	31	41	44
ENSG00000002417	PPP1R79	1004	71	72	156	139	176	56	135	85	193	83	130	241	59	76	118	161
ENSG00000002418	FBXO389	1499	30	85	15	95	79	108	31	36	5	62	11	15	35	80	52	19
ENSG00000002419	MAPK698	1851	8	4	40	32	4	0	6	2	29	8	19	17	4	3	7	12
ENSG00000002420	PPP2R847	1046	98	96	127	45	123	99	47	121	66	221	87	154	148	196	135	404
ENSG00000002421	USP510	3668	24	10	27	4	6	36	8	18	26	21	31	5	6	7	10	27
ENSG00000002422	PRKC871	1199	193	154	308	274	186	140	129	227	248	160	222	121	189	205	261	108
ENSG00000002423	ARID173	2531	41	5	11	9	3	2	0	2	22	20	14	2	2	2	4	15
ENSG00000002424	DYNC179	1730	2	4	2	0	0	12	3	5	1	3	2	9	4	3	8	15
ENSG00000002425	PPP1R506	1949	8	0	2	5	18	9	27	9	5	8	3	6	1	4	2	1
ENSG00000002426	SMARC295	4383	10	21	45	35	13	20	30	20	20	28	18	20	60	37	10	11
ENSG00000002427	SIRT109	1422	27	1	0	9	1	2	7	2	7	0	26	2	0	1	3	5
ENSG00000002428	HDAC294	2270	3	1	1	0	2	7	2	4	0	0	0	3	1	0	6	3
ENSG00000002429	SPTB471	2936	42	37	122	43	96	69	73	74	84	100	35	82	64	114	91	50
ENSG00000002430	ZNF447	2637	104	78	242	38	45	30	88	48	82	119	62	53	38	53	37	36
ENSG00000002431	TIMM535	1629	2984	2120	3219	1473	2171	2418	2569	2456	1709	2163	3059	2070	2941	2082	1606	3816
ENSG00000002432	MMP196	1053	131	101	259	218	137	175	203	199	144	86	104	106	294	349	270	457
ENSG00000002433	PRKC691	6565	12	8	40	18	45	71	8	12	12	38	2	18	12	44	93	31
ENSG00000002434	UGT339	644	177	59	255	170	110	57	56	61	166	167	250	166	79	54	57	44
ENSG00000002435	TRIM441	2742	15	9	9	10	31	18	55	9	8	10	6	11	10	41	7	3
ENSG00000002436	GRIN562	1501	5	4	2	6	0	5	5	5	9	9	27	9	5	1	2	5
ENSG00000002437	SKP486	2068	182	180	206	201	510	596	308	355	168	78	294	159	557	201	446	393
ENSG00000002438	TUBB402	3927	68	166	203	96	65	109	79	100	215	201	101	156	50	93	93	69
ENSG00000002439	KDM455	1665	26	40	73	30	3	26	28	17	69	32	33	82	11	41	19	21
ENSG00000002440	ZNF488	1611	44	50	36	38	14	21	7	27	8	28	17	14	39	12	68	63
ENSG00000002441	TGFBR1	1812	269	352	332	242	311	116	312	279	54	25	27	46	59	76	62	61
ENSG00000002442	DUSP800	1786	10	20	7	27	12	3	9	5	9	12	10	33	12	17	3	7
ENSG00000002443	BMP2	1486	1	0	2	15	16	63	33	1	5	0	1	6	43	16	38	8
ENSG00000002444	PPP1R514	1888	8	10	32	28	17	119	51	1	26	11	18	19	9	9	14	8
ENSG00000002445	GABR102	792	96	32	36	50	5	40	34	10	44	28	52	36	14	16	14	19
ENSG00000002446	DDX490	5124	9	15	3	0	2	0	10	3	18	3	19	10	1	4	0	0
ENSG00000002447	RPL748	1582	43	64	67	89	60	49	92	44	102	80	54	45	52	45	34	57
ENSG00000002448	MMP573	3664	2481	2252	2434	2227	1801	1358	2141	1784	4540	2192	2221	2579	2358	1174	2639	1709
ENSG00000002449	ANAPC769	1858	128	133	221	90	147	75	118	85	67	61	153	186	132	107	114	131
ENSG00000002450	MYO143	1706	1	0	0	0	0	3	0	4	0	0	1	0	1	1	6	0
ENSG00000002451	HDAC584	1235	115	72	52	34	90	39	53	41	155	222	118	157	165	186	247	115
ENSG00000002452	SIRT1	2141	150	172	137	247	141	135	325	211	67	39	25	51	38	42	85	50
ENSG00000002453	ACTN601	5871	154	77	118	35	64	72	88	56	57	100	69	66	46	31	41	127
ENSG00000002454	DNMT537	10501	106	45	14	57	18	23	40	39	39	16	19	36	35	15	14	27
ENSG00000002455	HTR90	962	4	36	11	12	11	7	7	7	5	1	3	1	19	14	3	20
ENSG00000002456	CXCL10	1059	0	1	0	1	0	0	0	0	0	0	0	0	0	2	0	0
ENSG00000002457	H2AF389	3486	69	34	86	29	8	18	31	12	26	4	24	9	10	10	7	6
ENSG00000002458	FBXO805	2312	3	25	23	25	15	2	70	18	15	2	3	10	7	3	27	14
ENSG00000002459	CUL253	1134	206	260	259	308	394	771	1295	766	359	135	319	186	295	794	838	1034
ENSG00000002460	SKP235	4132	0	0	7	7	0	5	5	0	0	2	1	1	0	0	7	1
ENSG00000002461	KMT2495	1385	5516	4324	4132	9777	1652	1567	2161	1242	4421	4944	4410	8049	1553	1422	1417	2030
ENSG00000002462	KIF240	1555	348	204	237	391	384	167	259	332	226	135	201	236	131	254	105	281
ENSG00000002463	GNA584	1439	292	240	503	354	872	1123	491	435	282	149	273	345	642	501	856	1064
ENSG00000002464	ANK274	3970	43	23	66	46	23	33	22	84	114	63	58	23	37	16	8	25
ENSG00000002465	ACTN374	1392	70	137	72	107	179	105	251	176	79	40	94	122	78	76	112	186
ENSG00000002466	MRPL536	1125	114	15	115	44	64	65	85	153	23	77	13	56	69	38	120	65
ENSG00000002467	PPP2R325	884	85	55	38	47	21	27	36	26	65	112	48	32	72	29	107	69
ENSG00000002468	KDM175	1255	221	196	220	82	97	119	150	201	236	219	169	471	266	172	215	110
ENSG00000002469	GNA274	1764	5	7	28	5	37	30	33	40	13	40	25	21	29	16	55	65
ENSG00000002470	LDHA	1126	207	221	300	177	391	185	491	400	64	41	41	69	79	44	159	85
ENSG00000002471	ACTN161	3053	759	1238	913	829	991	2483	3416	2072	920	1112	641	1495	1846	2924	1914	3977
ENSG00000002472	PLC466	1243	8	5	41	17	4	10	28	29	8	49	8	5	22	12	35	42
ENSG00000002473	BRD612	1034	9	0	8	2	1	0	0	4	3	1	1	8	3	0	2	0
ENSG00000002474	HTR202	1991	105	108	175	188	45	68	78	60	104	112	152	128	88	70	91	50
ENSG00000002475	PRKC574	1365	42	27	52	30	21	29	32	58	42	6	4	21	17	29	30	76
ENSG00000002476	OR790	4103	6	14	6	15	9	6	13	0	44	17	3	6	12	3	11	4
ENSG00000002477	VCL90	1883	19	12	84	16	7	11	48	17	44	38	44	20	15	20	59	78
ENSG00000002478	HTR776	1285	614	1103	543	746	1756	2301	1354	1345	968	722	360	859	1212	1035	1796	1178
ENSG00000002479	TET95	1280	1411	3636	3950	2967	1649	2275	2723	1067	1902	2894	3914	3329	2215	1955	1673	1241
ENSG00000002480	ADAM217	4082	128	121	152	37	92	186	106	27	180	75	87	109	235	33	162	110
ENSG00000002481	ANAPC657	3163	1594	790	999	1104	882	1551	1151	1752	955	1720	1490	733	1969	1126	1404	1970
ENSG00000002482	TBX21	1115	5	3	14	9	0	2	3	3	8	15	24	6	2	0	4	3
ENSG00000002483	SEC853	2414	173	208	181	274	156	254	125	130	168	149	260	107	294	252	261	45
ENSG00000002484	RAB11FIP272	1730	93	96	145	132	547	296	595	329	143	83	145	242	664	361	311	778
ENSG00000002485	BRD735	1894	9	4	6	4	16	5	15	18	5	3	11	1	22	48	11	27
ENSG00000002486	ADRB480	1821	0	1	1	0	3	0	0	0	0	0	0	0	0	0	3	4
ENSG00000002487	MMP181	2651	214	84	215	120	79	85	177	137	132	224	124	404	129	88	165	183
ENSG00000002488	HTR13	1772	1	2	3	5	1	8	3	1	2	0	8	3	0	3	12	3
ENSG00000002489	EIF868	4946	17	10	4	13	38	13	10	21	19	8	4	19	2	12	8	9
ENSG00000002490	RPS597	1234	23	11	5	3	5	6	2	2	75	0	9	13	4	0	9	1
ENSG00000002491	IL10	2072	16	15	41	17	54	74	37	45	271	48	123	178	479	270	182	693
ENSG00000002492	GABR823	3508	5	6	3	5	6	3	4	3	8	2	0	2	9	0	2	10
ENSG00000002493	DDX37	872	152	309	626	148	492	277	572	191	282	190	430	206	244	321	488	530
ENSG00000002494	SKP282	1094	46	88	18	17	52	28	66	37	68	46	81	44	44	29	71	92
ENSG00000002495	RHO594	1512	31	10	49	16	20	119	77	20	6	13	55	57	106	30	47	24
ENSG00000002496	ARF376	1039	25	105	99	82	153	240	317	185	148	121	59	162	124	142	108	115
ENSG00000002497	UBE2637	1424	74	101	64	187	165	102	59	59	71	54	44	106	154	60	129	109
ENSG00000002498	NDUFS1	2874	135	144	271	141	89	133	136	138	726	504	499	385	1146	709	1029	824
ENSG00000002499	KMT2557	7940	3	8	6	0	0	0	2	2	2	3	1	14	0	7	0	4
ENSG00000002500	KRT386	1186	1	4	3	10	21	15	9	17	16	0	1	3	2	3	3	0
ENSG00000002501	CDC408	1298	159	285	212	169	280	248	129	241	259	147	211	214	184	340	160	391
ENSG00000002502	PLC133	944	32	39	86	28	31	40	113	47	41	55	77	21	65	88	96	43
ENSG00000002503	TOMM351	880	71	123	113	49	35	38	57	15	40	32	73	90	37	18	39	66
ENSG00000002504	ARID269	846	4	18	3	1	0	5	2	2	22	8	0	4	3	1	3	15
ENSG00000002505	MYO377	1836	158	79	54	54	132	44	35	10	95	138	81	91	20	26	43	132
ENSG00000002506	MRPS31	4673	11	9	9	29	37	10	87	52	5	6	7	5	133	46	33	90
ENSG00000002507	UGT525	1381	407	264	294	206	296	245	227	179	577	282	361	344	191	299	806	345
ENSG00000002508	TMEM393	2273	3	1	2	0	10	1	0	4	1	2	6	8	19	1	13	10
ENSG00000002509	TUBB817	3457	1131	506	687	409	318	382	453	415	596	463	590	579	367	583	735	340
ENSG00000002510	CYP287	2032	1	5	0	0	0	0	0	0	2	0	1	0	0	0	1	0
ENSG00000002511	GNA30	1021	5	18	8	12	1	3	12	5	17	7	15	1	4	4	6	9
ENSG00000002512	ABC561	2428	7	3	2	4	7	7	2	9	11	1	5	6	9	9	3	22
ENSG00000002513	OR97	1165	576	525	845	395	283	613	365	418	901	761	457	423	755	660	487	714
ENSG00000002514	ATAD792	3480	0	0	0	0	0	0	0	0	0	1	0	0	0	0	0	0
ENSG00000002515	USP600	622	43	13	16	36	27	16	21	27	19	5	26	22	36	28	7	5
ENSG00000002516	ARID526	1290	1626	950	1892	1050	1467	980	1046	838	1214	1320	1647	1336	1266	878	960	1570
ENSG00000002517	TMEM381	1841	46	107	38	28	29	47	38	37	44	22	36	61	90	68	32	58
ENSG00000002518	SCN205	1170	0	0	0	0	0	2	1	0	0	1	0	0	0	1	0	0
ENSG00000002519	SUZ60	1549	71	93	51	96	58	30	143	40	90	36	42	133	19	94	87	76
ENSG00000002520	EIF338	1101	3	5	16	10	24	4	12	19	5	17	4	15	27	30	14	12
ENSG00000002521	COPB100	1559	1	1	4	9	6	0	0	3	0	8	6	1	2	1	3	4
ENSG00000002522	VPS262	4279	18	3	2	4	1	6	6	7	6	2	8	5	7	6	5	6
ENSG00000002523	TIMM572	2858	69	39	7	5	64	10	15	0	167	41	85	44	14	19	100	136
ENSG00000002524	KCN481	4509	3	12	13	14	23	17	2	12	13	10	45	11	3	28	12	19
ENSG00000002525	KIF431	574	1	0	0	2	0	0	1	1	0	0	5	0	0	0	0	0
ENSG00000002526	PRKC498	1725	81	113	114	116	73	83	124	67	74	151	123	116	72	141	117	80
ENSG00000002527	SPTB269	1813	101	117	338	240	463	538	411	343	370	156	179	183	752	286	686	228
ENSG00000002528	ADRB27	1567	212	182	167	129	58	74	54	58	90	171	165	112	31	45	73	58
ENSG00000002529	PLC526	2051	20	18	14	17	11	52	32	8	6	65	18	70	33	14	9	59
ENSG00000002530	TIMM321	795	74	13	73	10	18	17	4	7	47	75	51	42	14	39	39	17
ENSG00000002531	ACTN482	3393	76	31	125	83	66	43	111	92	56	116	79	99	64	43	42	93
ENSG00000002532	CHRM323	2516	128	125	106	136	299	260	195	235	307	159	124	145	583	207	411	325
ENSG00000002533	XIAP	791	18	1	16	5	8	13	26	2	10	8	20	10	18	5	21	8
ENSG00000002534	SMARC284	2480	4	0	17	4	7	1	3	0	7	4	2	2	2	0	1	4
ENSG00000002535	CHRM575	944	1	2	1	0	3	8	0	7	0	0	0	6	3	3	3	7
ENSG00000002536	ZNF818	1674	17	25	9	30	5	14	5	39	19	9	52	20	19	16	14	13
ENSG00000002537	TIMM709	1963	151	33	57	159	30	17	31	23	160	55	64	94	18	16	16	57
ENSG00000002538	CUL77	1192	133	68	166	112	96	121	121	93	161	150	106	83	81	86	87	96
ENSG00000002539	MTOR	1593	9	4	0	7	2	13	3	1	18	8	0	8	0	6	8	4
ENSG00000002540	RHO624	3116	0	1	0	7	0	0	1	0	6	0	11	0	16	4	7	6
ENSG00000002541	UBE2355	1317	57	93	82	72	61	19	125	102	74	88	27	97	114	129	104	83
ENSG00000002542	SCN442	1025	1256	857	1267	1041	829	1030	1390	1014	1576	1695	527	1074	1106	773	743	1046
ENSG00000002543	ZNF700	5306	9	25	19	18	14	40	15	15	4	3	9	7	7	3	2	8
ENSG00000002544	ADRB209	3118	193	114	171	313	70	139	88	103	182	143	94	188	91	36	214	55
ENSG00000002545	DUSP264	1067	36	8	51	28	21	12	18	36	5	27	27	28	19	15	10	19
ENSG00000002546	DHX301	4656	270	175	221	191	183	117	72	113	36	51	6	58	66	29	71	44
ENSG00000002547	VPS115	2864	373	493	280	325	131	169	339	151	316	246	456	259	135	110	185	152
ENSG00000002548	CUL883	1054	14	10	47	57	73	12	87	27	8	8	9	4	20	11	31	14
ENSG00000002549	MAPK106	2238	209	150	138	197	344	188	330	298	201	185	104	95	642	352	285	1057
ENSG00000002550	HTR344	2503	153	157	118	147	237	248	546	258	204	103	73	213	288	248	384	405
ENSG00000002551	TUBB330	2289	274	391	402	222	206	540	1167	261	334	279	172	340	856	342	526	784
ENSG00000002552	ADAM99	6296	10	1	0	1	0	0	6	6	8	1	2	5	1	1	4	1
ENSG00000002553	CUL880	1451	3	0	4	0	0	2	4	0	2	3	2	3	2	2	0	5
ENSG00000002554	KDM141	2685	155	256	285	201	116	225	165	183	327	273	177	301	126	278	126	183
ENSG00000002555	SNAI2	1442	8	8	29	28	1	3	8	22	16	4	47	24	6	8	14	41
ENSG00000002556	BRD794	1827	2148	3695	2347	3240	2552	3543	3618	3899	2426	2402	3005	2520	4673	3964	3240	6378
ENSG00000002557	DHX852	972	10	3	38	11	2	1	5	2	14	5	2	22	1	3	1	3
ENSG00000002558	SLC155	2865	1	1	18	0	2	25	8	54	16	3	3	4	42	12	51	53
ENSG00000002559	TUBB299	2690	25	22	12	39	191	221	202	264	57	64	45	29	915	196	908	286
ENSG00000002560	DUSP433	1958	51	11	15	6	28	16	21	37	27	17	45	15	49	7	9	18
ENSG00000002561	RPL643	1224	5	9	1	4	6	6	2	0	12	16	8	4	1	0	2	8
ENSG00000002562	ADAM433	3148	3	0	2	0	3	0	0	0	3	0	1	1	1	0	0	0
ENSG00000002563	ATM	1173	325	333	381	284	119	130	80	118	1780	2041	807	1412	574	338	608	848
ENSG00000002564	CCNB887	3397	11	8	10	26	13	17	12	12	20	17	22	52	65	5	18	19
ENSG00000002565	ADRB451	1638	63	40	46	20	65	157	221	139	54	48	45	24	158	76	161	202
ENSG00000002566	KIF425	1455	1	2	20	11	5	2	7	1	14	2	2	3	0	0	5	1
ENSG00000002567	RPS784	1613	0	1	2	1	4	0	2	2	3	0	4	3	1	5	23	0
ENSG00000002568	VCL93	3215	0	0	0	1	0	8	0	2	2	2	9	1	3	6	6	11
ENSG00000002569	PXN700	802	48	116	105	86	88	33	115	88	130	82	71	65	41	49	59	130
ENSG00000002570	UBE2647	1126	15	64	25	63	33	17	69	16	13	24	50	44	47	21	9	22
ENSG00000002571	GABR302	1084	3	2	0	4	6	13	10	0	0	8	1	2	17	0	2	0
ENSG00000002572	SCN541	1957	29	26	28	34	20	15	26	30	83	4	34	57	54	20	43	29
ENSG00000002573	MAPK213	2282	8	8	12	12	12	10	27	14	10	15	20	22	21	6	46	15
ENSG00000002574	ABC49	3247	164	146	67	27	53	32	28	50	33	72	114	54	59	28	62	50
ENSG00000002575	MMP884	4886	9	31	18	28	12	29	45	27	73	8	23	9	4	3	25	34
ENSG00000002576	PXN363	2413	76	151	130	172	92	64	116	40	141	84	62	100	117	42	69	82
ENSG00000002577	PECAM1	2328	0	2	38	41	21	23	14	20	1	18	7	3	24	13	16	5
ENSG00000002578	CHRM783	2474	585	356	558	270	216	209	362	191	612	716	431	324	165	137	149	179
ENSG00000002579	KIF56	1947	0	1	2	4	3	5	2	0	1	0	0	0	0	0	4	2
ENSG00000002580	RHO454	1830	15	15	12	20	5	3	7	6	17	11	0	3	6	7	2	3
ENSG00000002581	SIRT636	1072	113	13	22	41	89	165	102	119	134	17	54	34	68	48	67	55
ENSG00000002582	BRD417	3355	41	31	63	37	38	24	38	19	30	49	46	33	38	16	33	46
ENSG00000002583	MMP874	1316	40	41	53	83	236	57	78	144	156	59	79	83	136	75	207	166
ENSG00000002584	MAPK232	1874	207	136	148	160	63	129	87	149	119	86	97	254	132	124	95	281
ENSG00000002585	CXCL8	4678	132	55	137	19	43	75	97	105	780	295	357	166	82	432	453	456
ENSG00000002586	RNF672	899	37	50	111	46	51	52	110	52	108	27	125	57	129	39	59	49
ENSG00000002587	UGT849	1256	27	83	29	15	9	5	32	9	12	50	54	51	22	14	8	22
ENSG00000002588	SKP596	1654	8	0	7	4	0	1	16	1	0	3	15	4	0	2	18	3
ENSG00000002589	GNA678	3008	2	10	19	2	2	3	2	0	16	16	1	0	1	0	0	7
ENSG00000002590	PXN680	2918	451	318	394	262	337	327	548	713	777	561	426	387	464	351	333	393
ENSG00000002591	UGT884	2216	1	1	15	7	23	14	1	5	0	8	3	0	7	3	11	3
ENSG00000002592	ANAPC109	1375	12	5	18	13	15	25	28	4	12	19	3	35	12	2	2	5
ENSG00000002593	TIMM649	2096	173	400	682	301	1434	1685	2390	1179	495	263	466	228	1338	2049	1906	1882
ENSG00000002594	UBE2368	779	13	28	35	16	23	17	20	22	38	16	11	12	25	8	22	8
ENSG00000002595	CHRM96	511	4	12	16	1	8	5	27	9	1	4	13	6	1	10	11	16
ENSG00000002596	SLC320	804	12	32	17	23	18	11	23	5	7	12	22	7	31	12	34	13
ENSG00000002597	ADAM484	3357	2	3	0	2	7	2	4	3	2	2	8	9	2	8	3	6
ENSG00000002598	PRKC649	1256	8	27	23	17	97	8	1	33	13	2	34	27	93	110	46	10
ENSG00000002599	PPP2R613	3126	5	5	4	2	11	4	4	8	7	3	3	9	9	9	2	11
ENSG00000002600	JAK2	1082	1247	1422	1501	1101	670	822	1438	1027	916	631	522	578	1184	527	547	473
ENSG00000002601	ABC393	11471	8	10	3	23	21	54	71	11	9	3	4	17	51	22	29	38
ENSG00000002602	CHRM526	1918	27	4	4	8	9	7	32	23	4	18	5	31	27	26	31	17
ENSG00000002603	KRT556	2567	356	572	307	366	496	413	392	316	339	248	184	217	653	347	465	507
ENSG00000002604	KCN631	2467	4	0	11	4	3	1	12	0	14	8	4	1	1	13	2	0
ENSG00000002605	SIRT559	3493	25	52	25	71	39	21	36	30	4	58	82	123	28	18	14	33
ENSG00000002606	TRIM575	1385	52	27	44	31	49	7	14	14	34	86	15	11	24	10	32	58
ENSG00000002607	CHRM300	2437	89	22	21	47	10	12	9	9	29	10	33	52	9	22	13	17
ENSG00000002608	RNF38	3898	17	1	1	8	21	5	9	4	11	7	9	3	35	9	1	15
ENSG00000002609	OR178	1013	64	137	96	66	59	32	26	44	76	84	51	38	10	15	44	34
ENSG00000002610	PLC102	2911	214	172	149	298	180	160	276	231	164	364	175	130	163	215	295	200
ENSG00000002611	MYO186	3226	70	76	32	27	20	9	31	10	78	0	29	20	24	12	28	10
ENSG00000002612	ACO2	1533	24	5	36	16	30	12	8	8	6	0	0	5	1	3	1	2
ENSG00000002613	GNA721	1827	0	3	0	2	0	2	7	1	0	0	8	0	0	0	2	2
ENSG00000002614	ABC815	1940	28	35	2	19	26	17	64	34	20	13	47	18	25	25	36	45
ENSG00000002615	RNF508	1651	19	25	28	10	12	50	32	13	15	12	17	21	35	27	16	26
ENSG00000002616	SMARC869	3138	50	17	47	43	49	76	90	48	39	22	33	42	72	25	63	128
ENSG00000002617	TUBB850	2078	113	85	70	70	205	94	130	76	59	96	190	89	163	171	150	73
ENSG00000002618	BRD206	1264	3	2	11	3	25	13	83	21	21	16	11	13	32	11	6	16
ENSG00000002619	ANK147	792	1	26	2	3	7	5	20	4	6	5	0	4	5	14	6	5
ENSG00000002620	COL63	1501	129	54	106	182	69	63	95	89	125	74	93	57	73	84	72	126
ENSG00000002621	ZEB1	879	5	0	0	1	0	0	0	0	0	1	0	0	0	0	0	0
ENSG00000002622	SLC430	2149	2	13	43	7	50	15	33	87	38	42	55	57	18	42	30	45
ENSG00000002623	GABR22	2478	3	8	0	0	2	3	1	2	7	1	1	19	12	5	23	15
ENSG00000002624	MRPL673	999	71	126	130	89	53	41	94	44	216	108	110	426	176	127	133	160
ENSG00000002625	MMP366	2415	18	29	8	24	38	47	10	37	32	35	12	45	38	34	49	35
ENSG00000002626	DNMT110	856	32	4	23	39	120	73	18	62	13	24	6	66	33	15	21	23
ENSG00000002627	CDC43	771	0	0	0	0	1	1	0	0	1	1	0	2	1	1	0	0
ENSG00000002628	VPS337	4352	49	31	15	18	43	9	49	35	85	61	12	70	13	26	14	8
ENSG00000002629	SPTB502	1667	396	416	374	732	428	474	432	497	454	555	448	123	507	307	588	437
ENSG00000002630	SUZ659	2510	36	24	13	86	29	106	53	25	39	33	87	97	29	45	57	48
ENSG00000002631	DRD471	2767	10	11	12	9	8	29	29	50	18	1	6	4	29	19	34	8
ENSG00000002632	SKP372	2507	1	9	4	0	0	2	3	0	12	1	0	3	1	0	0	2
ENSG00000002633	DUSP41	2808	7	2	22	1	5	2	4	5	6	3	2	2	1	2	3	1
ENSG00000002634	TMEM452	4351	140	208	251	369	243	368	400	407	294	474	246	259	478	169	215	190
ENSG00000002635	DNMT148	4571	9	19	1	15	3	9	2	5	4	1	12	15	3	7	3	5
ENSG00000002636	SMARC475	2634	642	527	862	607	737	333	385	253	616	548	434	200	242	583	260	732
ENSG00000002637	KCN68	1024	4	12	11	6	14	11	12	4	13	3	1	4	0	12	26	40
ENSG00000002638	TIMM450	1788	22	3	9	15	2	1	7	5	5	0	23	3	15	8	20	2
ENSG00000002639	KCN154	2880	64	37	44	21	391	146	178	121	55	35	59	58	193	468	381	75
ENSG00000002640	UBE2736	1797	6	4	5	33	11	33	6	12	26	6	18	25	21	4	26	5
ENSG00000002641	UGT333	1430	2	1	0	2	17	3	4	0	8	18	1	2	4	13	3	7
ENSG00000002642	RNF694	1818	13	20	27	24	14	17	3	6	8	11	5	16	0	8	11	8
ENSG00000002643	ADRB125	1683	258	316	304	421	363	475	271	416	210	249	274	210	455	370	414	477
ENSG00000002644	SHH	559	12	9	8	3	5	5	3	9	0	4	6	0	10	9	5	2
ENSG00000002645	MYO510	1265	13	6	9	4	12	17	22	25	0	24	18	7	6	1	1	8
ENSG00000002646	MYO82	2718	7	7	11	8	1	1	3	0	14	3	2	16	9	0	1	6
ENSG00000002647	PXN178	2193	4	7	20	1	12	20	12	37	2	12	7	8	5	15	5	92
ENSG00000002648	CCNB229	1916	225	188	195	154	119	334	243	235	106	115	177	140	140	335	215	243
ENSG00000002649	TMEM76	1170	170	115	125	129	48	73	34	62	158	180	89	233	57	33	113	102
ENSG00000002650	KRT179	3096	1	3	2	4	10	3	1	2	0	2	1	8	0	0	0	0
ENSG00000002651	LPL	1335	5	0	3	0	0	1	2	1	0	0	2	6	0	0	0	0
ENSG00000002652	ARID442	5746	0	0	0	1	1	0	2	3	1	1	0	0	1	2	3	1
ENSG00000002653	SLC286	2659	174	64	249	45	293	261	477	263	190	128	161	82	161	134	271	276
ENSG00000002654	H2AF433	2133	8	4	2	9	4	4	2	3	1	4	2	20	17	12	24	5
ENSG00000002655	ACTN271	1641	184	116	155	74	229	188	239	139	129	112	86	110	161	139	160	188
ENSG00000002656	CYP307	3171	0	0	0	0	0	0	0	0	0	0	0	0	0	1	0	0
ENSG00000002657	TLN828	1672	152	79	222	124	151	132	228	53	367	419	343	203	127	174	548	209
ENSG00000002658	ANAPC628	2400	3	1	0	4	4	7	9	2	6	8	11	4	4	10	21	4
ENSG00000002659	DNMT352	2272	22	45	20	41	16	6	10	23	15	22	58	31	13	14	23	11
ENSG00000002660	CHRM222	1988	1001	1000	837	1320	1730	1595	1615	2066	2020	1380	1064	949	1530	1709	1578	2153
ENSG00000002661	ARF434	2902	30	10	32	13	60	10	100	54	6	2	22	7	32	140	12	17
ENSG00000002662	VPS33	2481	535	530	502	371	496	518	1080	620	527	321	476	899	836	551	727	1123
ENSG00000002663	RNF798	3449	76	16	10	15	16	18	12	31	9	6	36	47	15	32	74	22
ENSG00000002664	USP480	1422	405	1491	1284	1145	559	869	674	912	1029	1090	738	1181	1217	715	657	1064
ENSG00000002665	CHRM360	2327	51	57	26	33	71	33	82	62	52	46	24	90	26	121	9	71
ENSG00000002666	MT-ATP6	1788	21389	25595	29581	15560	27251	22830	17298	17073	37801	37931	29572	21086	19514	13028	22137	19261
ENSG00000002667	FASN	1600	23	14	53	8	10	4	4	3	9	22	16	12	5	5	14	4
ENSG00000002668	MYO5	1440	514	320	688	777	297	330	291	266	435	390	685	456	286	166	300	233
ENSG00000002669	TOMM561	2930	13	9	7	19	56	34	31	48	5	21	25	22	182	5	10	220
ENSG00000002670	GABR211	3053	28	10	31	69	47	19	63	19	14	13	9	13	54	11	28	6
ENSG00000002671	PLC535	1636	64	22	64	50	13	23	28	40	198	68	30	19	67	62	45	50
ENSG00000002672	MMP20	2504	6	18	6	3	21	20	16	5	27	51	5	8	7	0	11	12
ENSG00000002673	SEC807	3817	139	69	106	160	71	158	77	42	94	68	210	178	128	97	37	249
ENSG00000002674	ANK708	2041	0	0	0	0	0	1	0	0	0	0	1	1	0	0	0	0
ENSG00000002675	DHX384	2235	27	40	166	59	10	44	81	26	74	61	62	59	17	24	24	38
ENSG00000002676	TLN721	6533	551	460	1562	773	894	550	674	359	571	457	799	1111	917	410	602	1505
ENSG00000002677	SNX388	1084	5	5	2	1	1	1	6	2	9	2	0	3	1	1	0	1
ENSG00000002678	ADRB749	1456	195	126	61	149	65	118	87	52	128	60	72	110	103	34	93	54
ENSG00000002679	EIF342	1639	3	11	7	0	10	9	9	16	31	11	23	12	13	4	5	30
ENSG00000002680	MAPK530	1445	2	0	1	13	7	0	0	0	0	1	8	8	7	0	1	0
ENSG00000002681	ACTN205	1375	0	4	0	3	0	0	0	0	0	0	5	4	1	0	0	0
ENSG00000002682	SMARC569	735	11	6	44	19	6	16	30	15	85	38	31	12	93	67	196	21
ENSG00000002683	DNMT58	1065	42	175	93	127	49	35	19	60	78	100	25	50	93	43	29	30
ENSG00000002684	TET341	3761	1349	1186	1756	833	473	529	642	472	1924	1006	1519	1643	555	665	616	688
ENSG00000002685	TOMM391	3883	3	6	12	1	2	1	3	2	3	4	0	9	0	1	0	1
ENSG00000002686	H2AF101	6179	9	0	19	7	13	6	8	11	9	13	0	0	2	0	6	5
ENSG00000002687	SCN584	780	57	80	150	102	156	104	14	74	209	69	71	97	150	74	121	325
ENSG00000002688	H2AF590	4870	24	9	7	18	18	2	13	8	10	6	6	8	9	12	16	15
ENSG00000002689	OR854	2091	18	17	23	11	5	2	6	2	12	3	27	35	6	1	12	23
ENSG00000002690	RAB11FIP512	1595	156	38	35	75	141	159	92	80	231	123	48	105	195	153	173	106
ENSG00000002691	CUL31	1945	29	23	1	27	12	1	3	2	3	9	16	70	2	10	4	5
ENSG00000002692	ACTN10	2121	39	26	93	24	68	38	38	23	44	33	24	132	28	33	57	13
ENSG00000002693	DNMT23	1371	4	29	33	20	6	12	5	5	26	9	11	45	25	2	15	11
ENSG00000002694	VPS201	2447	183	180	120	192	122	158	186	100	132	213	245	218	108	142	164	150
ENSG00000002695	SUZ884	1987	78	141	171	123	29	37	35	10	139	229	161	97	35	29	58	34
ENSG00000002696	CYP606	656	5	6	26	6	1	2	9	2	6	4	3	32	8	9	1	2
ENSG00000002697	RPS545	2823	34	16	76	15	16	25	50	60	56	33	19	30	16	26	33	25
ENSG00000002698	HTR405	2379	0	0	1	0	1	2	0	1	3	2	2	1	4	5	0	6
ENSG00000002699	MMP8	1507	28	65	96	30	64	215	223	168	70	63	34	16	142	232	290	116
ENSG00000002700	MYO326	1195	35	78	82	148	32	138	56	117	147	46	164	204	87	58	146	130
ENSG00000002701	NDUFA1	2742	278	305	291	277	104	213	264	177	1710	1008	947	1658	2362	653	1008	2104
ENSG00000002702	SCN147	1597	7	15	32	22	27	89	4	22	5	19	18	26	11	83	61	26
ENSG00000002703	RPL34	5028	2	0	0	2	0	0	0	0	0	1	0	0	0	0	0	0
ENSG00000002704	KRT520	1029	10	0	2	6	2	0	9	3	2	1	21	1	3	2	1	3
ENSG00000002705	RNF834	2447	28	29	3	7	3	24	9	3	27	3	2	14	2	9	5	4
ENSG00000002706	TOMM88	2310	1937	1263	1297	1119	3802	5503	4780	2957	2637	1248	1194	977	4987	4199	6878	5355
ENSG00000002707	EIF267	2402	4136	4012	2346	4643	3767	3641	6113	2685	4927	4723	3932	3563	1888	2595	6056	2396
ENSG00000002708	DUSP30	1548	126	26	146	111	34	79	99	72	179	146	51	118	65	44	70	41
ENSG00000002709	DRD582	5827	0	2	0	0	0	1	0	0	0	1	2	0	0	0	0	0
ENSG00000002710	SIRT631	2044	7	7	24	2	2	13	4	14	10	20	19	26	1	7	11	32
ENSG00000002711	DHX595	2195	1107	1662	1056	1373	562	566	422	500	1434	1062	1362	1381	739	564	843	938
ENSG00000002712	ADRB2	1528	346	613	538	544	270	343	345	231	706	596	597	706	252	319	207	189
ENSG00000002713	CYP152	4980	2	10	2	1	5	0	4	6	2	2	5	7	8	3	5	4
ENSG00000002714	SNX490	2115	577	613	486	565	434	655	937	434	873	544	816	492	600	347	440	817
ENSG00000002715	PPP2R352	1099	844	551	409	522	251	245	752	176	301	440	238	272	829	270	368	279
ENSG00000002716	HDAC681	1780	12	5	0	9	11	1	10	1	9	6	3	14	3	4	13	41
ENSG00000002717	KMT2398	2660	671	584	722	284	731	634	560	375	513	593	387	496	503	724	858	621
ENSG00000002718	RHO535	1859	120	114	171	63	58	213	140	113	156	97	42	76	180	138	72	147
ENSG00000002719	DNMT677	2141	4	1	4	1	1	0	4	2	2	7	1	13	1	2	4	7
ENSG00000002720	SCN249	2448	1	11	5	22	0	3	2	26	5	4	2	15	2	0	3	9
ENSG00000002721	ADRB730	1313	107	56	116	15	100	377	102	75	69	94	59	22	194	173	90	247
ENSG00000002722	FBXO29	3026	1	21	28	23	55	99	57	27	22	66	24	18	53	61	75	40
ENSG00000002723	SMARC48	2644	3	5	1	0	2	9	0	0	3	2	3	2	3	1	3	0
ENSG00000002724	PPP2R163	1276	163	141	24	49	70	42	25	70	9	37	36	112	42	27	64	14
ENSG00000002725	SNX164	706	17	64	110	64	21	34	29	75	24	82	62	11	78	4	72	68
ENSG00000002726	MRPL486	5861	21	27	18	28	10	110	48	33	101	12	37	55	15	39	83	48
ENSG00000002727	MRPL479	1335	135	90	70	68	129	201	276	97	229	136	140	65	58	198	100	177
ENSG00000002728	SMARC72	1285	2	0	11	1	0	2	13	6	7	3	6	0	7	6	5	3
ENSG00000002729	ACTN567	2081	5	52	12	10	46	17	84	8	14	59	35	2	54	11	94	48
ENSG00000002730	CYP672	732	44	46	14	35	39	20	42	37	29	29	28	26	35	52	18	30
ENSG00000002731	CHRM752	1381	260	415	591	545	543	628	873	361	312	293	323	216	911	356	913	521
ENSG00000002732	RPS184	702	2	0	3	3	3	6	1	3	16	5	4	8	2	1	2	9
ENSG00000002733	KRT626	879	312	163	182	248	879	863	963	496	483	170	215	209	473	706	505	863
ENSG00000002734	RHO658	1406	4	9	14	12	4	7	2	3	13	33	35	18	12	10	2	1
ENSG00000002735	GNA607	757	64	14	67	22	41	22	9	39	52	67	14	93	47	18	22	16
ENSG00000002736	PMS2	640	0	0	0	2	4	1	1	3	3	12	3	1	0	0	0	1
ENSG00000002737	SUZ369	6004	21	23	24	53	12	11	13	10	8	5	75	19	7	5	10	6
ENSG00000002738	MRPL560	1156	19	16	20	18	4	18	35	49	46	37	10	21	18	9	2	18
ENSG00000002739	DNMT871	5216	0	16	5	14	3	0	1	5	4	5	2	30	14	5	4	1
ENSG00000002740	H2AF363	3382	11	14	16	12	37	40	36	56	28	23	44	24	70	24	31	42
ENSG00000002741	KDM552	1903	13	28	62	48	3	39	65	78	13	66	24	28	37	33	42	56
ENSG00000002742	ATAD664	1781	84	152	96	67	77	49	73	35	92	86	78	79	53	134	63	125
ENSG00000002743	TMEM887	1158	222	198	317	377	84	110	173	105	221	75	194	162	174	103	72	117
ENSG00000002744	SPTB628	1090	14	10	16	37	6	3	6	16	22	18	5	12	37	4	6	22
ENSG00000002745	EIF328	2217	11	85	27	22	44	25	16	35	50	47	89	14	43	49	41	33
ENSG00000002746	EZH45	1680	4	0	8	1	0	1	7	10	5	0	1	7	0	3	9	5
ENSG00000002747	RPS203	2506	320	139	194	212	118	256	212	172	224	286	130	247	233	186	143	315
ENSG00000002748	OR534	3900	29	31	37	71	54	49	60	23	34	33	41	14	40	26	73	106
ENSG00000002749	PPP1R826	2690	75	32	93	52	46	52	80	39	36	62	80	100	42	52	21	41
ENSG00000002750	KMT2842	1804	76	21	56	89	76	89	57	61	103	28	53	41	32	47	90	124
ENSG00000002751	SKP807	1471	0	0	0	0	0	1	0	1	0	0	1	0	0	0	0	0
ENSG00000002752	SUZ203	1460	43	22	14	13	100	56	69	93	38	58	58	50	45	47	46	118
ENSG00000002753	KRT790	1106	4	1	2	1	8	5	8	0	1	1	2	3	7	5	2	0
ENSG00000002754	CHRM468	968	307	295	357	260	367	447	631	423	322	425	235	360	261	522	387	491
ENSG00000002755	PPP2R822	2232	0	0	1	0	1	0	1	2	1	0	0	0	1	1	3	0
ENSG00000002756	HTR484	4477	87	72	41	74	66	36	26	41	85	139	57	69	111	216	38	172
ENSG00000002757	GRIN521	3456	353	124	145	185	110	81	68	146	147	126	159	94	116	111	105	178
ENSG00000002758	HTR189	1778	8	0	24	41	18	3	3	4	9	22	1	10	6	7	16	19
ENSG00000002759	TSC2	1984	115	142	124	48	11	21	25	26	493	454	110	205	52	53	64	153
ENSG00000002760	EIF335	1767	203	213	203	163	107	116	197	81	130	261	208	158	127	129	118	188
ENSG00000002761	TIMM818	1712	0	0	1	0	2	1	1	0	1	1	0	0	0	0	0	0
ENSG00000002762	CDC74	2551	11	16	1	19	4	6	2	1	4	12	8	9	0	3	10	3
ENSG00000002763	TLN599	3012	92	88	104	72	98	68	46	77	69	86	113	97	85	112	200	100
ENSG00000002764	VPS858	1684	77	76	92	191	22	22	46	88	109	170	54	109	42	12	35	54
ENSG00000002765	CHRM666	3913	30	28	86	88	25	15	43	7	95	20	21	93	22	25	30	15
ENSG00000002766	CDC528	1681	1	2	0	0	2	4	0	2	0	0	0	0	0	0	2	3
ENSG00000002767	ZNF71	2914	0	0	1	1	4	1	1	2	0	0	0	0	2	0	2	1
ENSG00000002768	ABC839	743	2380	1210	1099	999	970	977	972	971	1486	440	860	1264	822	680	1310	881
ENSG00000002769	KCN275	1937	1	6	23	5	5	15	0	6	0	3	3	11	7	9	10	1
ENSG00000002770	DRD750	641	34	28	20	18	7	1	15	5	26	15	15	31	1	2	7	4
ENSG00000002771	SPTB136	509	14	2	0	8	2	0	2	13	7	10	0	0	1	2	0	0
ENSG00000002772	ANK542	4145	29	1	1	9	36	37	33	8	30	22	9	6	25	6	44	10
ENSG00000002773	SMAD7	1513	6	4	6	1	11	5	6	0	0	2	0	5	5	3	8	0
ENSG00000002774	COL175	1598	11	36	14	35	7	28	33	34	6	7	28	35	9	22	16	35
ENSG00000002775	CDC268	1595	147	89	131	91	403	775	841	1295	167	85	150	136	361	394	709	357
ENSG00000002776	PPP1R578	1087	373	417	386	270	531	605	627	446	432	422	553	444	796	406	241	269
ENSG00000002777	SMARC876	1667	6	0	7	3	6	0	4	4	2	20	3	3	3	8	4	9
ENSG00000002778	ANAPC712	2710	7	20	41	11	45	56	34	17	9	35	24	14	18	43	93	9
ENSG00000002779	HIST1H786	1000	30	150	136	37	11	8	9	26	42	19	15	42	51	4	21	37
ENSG00000002780	MRPL657	1889	9	78	27	42	7	8	11	5	141	50	111	35	30	23	22	20
ENSG00000002781	SPTB4	1890	77	87	62	265	99	55	84	76	49	47	67	69	29	28	29	63
ENSG00000002782	SMARC174	2140	3	27	25	80	105	83	66	101	23	53	6	13	46	62	17	79
ENSG00000002783	SLC395	1704	19	21	24	20	0	13	5	1	3	5	8	13	7	3	4	24
ENSG00000002784	THRB	1846	127	67	155	142	32	94	22	65	616	249	343	365	392	189	223	302
ENSG00000002785	SIRT133	1148	1	1	13	3	0	0	0	1	2	1	2	4	0	0	0	2
ENSG00000002786	RHO179	2590	70	10	29	80	3	14	20	14	32	26	15	33	40	19	2	40
ENSG00000002787	PPP1R149	1230	124	199	265	157	101	152	42	167	192	266	47	117	112	57	208	197
ENSG00000002788	UBE260	843	348	311	266	124	134	183	338	286	415	153	196	347	287	349	254	218
ENSG00000002789	RAB560	1800	3	8	0	4	6	3	1	1	9	0	0	0	18	2	4	3
ENSG00000002790	KDM76	3048	33	100	112	98	29	113	42	60	73	76	87	67	26	176	110	199
ENSG00000002791	CACN741	2451	1168	1530	1134	700	687	1429	1595	1706	1154	653	1074	701	1617	771	1053	1675
ENSG00000002792	RNF598	2402	114	68	151	86	93	273	37	193	160	73	75	223	98	123	112	147
ENSG00000002793	OR269	1898	26	62	73	113	79	47	12	62	13	112	40	101	29	53	26	40
ENSG00000002794	DYNC697	1604	58	49	122	67	1	22	8	16	28	60	39	52	16	6	17	11
ENSG00000002795	COL888	1122	15	10	10	9	8	4	13	5	11	38	34	7	0	8	7	19
ENSG00000002796	DYNC837	1864	859	1555	1506	1168	409	420	759	536	2023	1378	1158	1274	349	578	462	533
ENSG00000002797	OR833	964	34	31	92	19	3	8	17	3	21	47	16	48	9	5	2	21
ENSG00000002798	COPB767	4487	11	16	6	23	15	47	55	22	21	8	18	12	10	27	16	5
ENSG00000002799	ANAPC94	534	20	61	46	78	4	21	23	3	85	20	21	34	29	9	24	10
ENSG00000002800	TMEM177	955	45	70	67	25	26	81	31	27	94	92	31	47	37	48	7	15
ENSG00000002801	DRD526	2070	106	67	65	128	137	270	57	86	87	64	90	102	88	44	79	70
ENSG00000002802	TLN651	1349	403	530	285	412	642	1034	509	709	724	411	405	556	574	921	943	1086
ENSG00000002803	PRKC714	1278	2	0	9	0	0	2	6	1	0	5	3	0	2	1	1	4
ENSG00000002804	MAPK765	3224	72	8	4	29	56	34	46	27	6	57	27	46	18	16	49	32
ENSG00000002805	DRD366	742	0	3	0	0	0	0	0	0	0	0	0	0	0	0	0	0
ENSG00000002806	EIF291	1199	26	10	17	26	4	29	21	7	15	34	6	3	20	8	78	37
ENSG00000002807	SMARC387	1809	1	0	4	0	1	4	10	8	1	0	1	10	2	0	2	11
ENSG00000002808	RNF326	1705	348	254	334	179	299	146	231	237	320	131	160	168	195	145	166	208
ENSG00000002809	COPB839	1863	58	20	3	30	5	4	22	10	2	22	18	47	13	5	8	9
ENSG00000002810	GRIN700	2090	96	75	90	35	45	87	105	49	139	111	54	38	111	67	74	144
ENSG00000002811	SCN236	2206	144	52	157	61	19	36	51	50	72	69	63	104	74	53	66	18
ENSG00000002812	PPP2R384	2120	11	17	24	7	14	3	22	14	12	7	3	9	47	15	29	48
ENSG00000002813	CUL468	542	0	4	0	1	3	0	1	0	4	0	0	2	0	0	0	0
ENSG00000002814	COPB415	2609	22	2	2	2	0	0	2	0	2	0	7	9	0	4	2	0
ENSG00000002815	RNF184	2259	31	51	60	64	6	30	30	30	60	26	79	18	29	12	26	15
ENSG00000002816	COL489	2338	66	103	133	149	137	155	178	161	54	77	73	89	105	108	44	232
ENSG00000002817	H2AF287	5666	12	15	25	17	1	26	23	25	2	12	34	50	27	1	6	15
ENSG00000002818	USP835	4620	1109	1290	1052	1152	1948	762	1137	1336	847	1613	937	1838	1012	1150	693	831
ENSG00000002819	GABR101	1923	4	6	4	4	1	1	2	1	4	0	2	0	3	5	1	0
ENSG00000002820	CHRM261	1450	79	19	23	47	31	47	102	39	48	15	23	38	20	29	14	9
ENSG00000002821	TET791	1656	141	80	27	68	86	82	89	77	120	66	92	87	53	41	96	58
ENSG00000002822	MYO883	2084	32	36	15	7	3	14	1	40	11	17	24	15	8	16	23	8
ENSG00000002823	DYNC739	2948	0	0	3	0	1	0	2	0	2	0	1	0	2	1	3	2
ENSG00000002824	EIF821	2510	14	0	38	28	9	3	5	0	18	14	0	10	3	11	2	3
ENSG00000002825	DUSP329	1998	37	6	19	42	3	20	33	33	32	20	17	26	5	5	18	44
ENSG00000002826	TLN425	2304	9	7	0	33	0	1	8	12	1	1	2	0	2	0	2	0
ENSG00000002827	CHRM1	3032	455	552	457	252	207	461	421	568	790	423	470	727	604	183	412	508
ENSG00000002828	COPB40	3682	309	358	441	128	237	354	196	200	542	204	282	165	273	441	252	574
ENSG00000002829	MYO867	1378	31	14	9	12	19	5	12	15	17	21	14	14	10	8	26	11
ENSG00000002830	COL618	3984	14	4	6	2	3	6	6	0	24	8	14	12	5	7	10	10
ENSG00000002831	H2AF466	1214	5	36	10	7	45	256	39	25	4	5	15	4	38	3	24	13
ENSG00000002832	PPP1R64	1119	0	7	1	1	0	2	0	0	0	0	3	1	0	1	1	0
ENSG00000002833	KRT596	2595	3	61	16	12	11	8	7	11	31	4	89	8	19	14	23	17
ENSG00000002834	PRKAA1	1877	3624	3055	4007	2380	1094	1072	940	761	515	297	294	217	138	92	93	130
ENSG00000002835	TMEM532	1107	29	3	9	18	2	3	3	8	30	1	7	5	32	8	9	4
ENSG00000002836	ANAPC633	1622	11	29	14	12	1	13	8	12	18	30	9	19	15	4	6	8
ENSG00000002837	RPS810	877	3	0	0	3	0	2	2	0	4	3	2	2	0	0	1	4
ENSG00000002838	MRPL808	1181	362	457	1283	600	175	347	170	176	505	334	833	429	216	105	196	196
ENSG00000002839	RNF772	1730	3	0	0	4	1	1	1	0	1	3	1	2	3	0	0	0
ENSG00000002840	TRIM359	846	114	112	68	66	93	64	97	30	96	116	61	98	74	34	83	58
ENSG00000002841	RHO287	1571	13	12	23	14	2	10	1	6	8	3	0	0	6	10	3	11
ENSG00000002842	GNA514	1580	116	66	87	108	77	39	113	80	73	55	76	78	103	26	59	103
ENSG00000002843	SNX652	7967	21	27	20	26	14	6	22	29	56	7	3	25	16	15	7	14
ENSG00000002844	ADAM307	2290	21	22	7	7	14	13	4	11	24	15	43	12	17	24	14	16
ENSG00000002845	TET387	1768	138	117	29	143	17	11	10	7	137	125	105	37	11	12	13	21
ENSG00000002846	KCN782	2640	2	8	17	1	13	24	25	3	3	11	1	3	9	4	5	13
ENSG00000002847	DDX290	1466	0	0	0	0	0	0	0	1	0	0	0	3	1	0	0	1
ENSG00000002848	HTR638	1118	7	9	19	3	2	1	1	11	11	7	8	10	4	6	9	27
ENSG00000002849	ANK247	969	8	4	3	0	1	4	0	5	3	8	7	5	2	8	3	4
ENSG00000002850	DDX440	1355	93	84	67	72	87	176	148	147	157	41	37	65	171	141	282	137
ENSG00000002851	IL6	2272	103	8	99	26	66	24	66	43	58	133	61	55	115	103	27	47
ENSG00000002852	CUL32	2731	48	35	85	44	33	41	45	82	57	31	52	47	103	80	95	11
ENSG00000002853	RHO597	3936	14	3	6	5	5	0	4	5	2	7	1	20	6	8	2	3
ENSG00000002854	TET273	2111	9	0	3	1	1	2	0	0	1	2	0	0	0	1	2	3
ENSG00000002855	TLN776	1876	10	0	5	5	17	44	13	21	5	12	1	5	34	13	37	29
ENSG00000002856	SOD2	1409	101	44	107	81	38	60	20	50	377	398	356	252	130	247	380	264
ENSG00000002857	ANAPC749	3186	28	10	15	7	19	9	12	8	14	4	6	10	19	9	87	27
ENSG00000002858	CACN792	921	99	109	75	107	225	459	262	239	75	66	25	43	116	105	55	145
ENSG00000002859	PRKC122	2818	208	125	242	116	41	47	45	83	100	122	59	226	83	38	77	55
ENSG00000002860	ATAD722	5283	324	364	461	660	190	223	178	236	258	353	388	420	255	135	381	301
ENSG00000002861	TRIM402	1849	41	56	29	26	49	41	23	15	43	17	34	20	26	26	23	7
ENSG00000002862	PPP1R504	1881	19	12	27	63	2	27	10	2	12	40	87	28	10	11	6	12
ENSG00000002863	HTR315	2197	23	26	19	29	10	67	13	17	54	0	12	8	9	0	35	12
ENSG00000002864	CUL706	1879	12	2	13	6	5	0	7	1	8	5	1	7	2	1	2	9
ENSG00000002865	SEC558	2786	2	22	11	6	4	18	22	15	17	10	1	13	22	9	14	23
ENSG00000002866	USP513	2408	0	0	0	0	0	0	1	0	2	0	2	0	0	1	0	0
ENSG00000002867	SNX326	2342	29	89	32	150	78	117	50	148	86	101	32	155	153	110	121	275
ENSG00000002868	SNX69	1957	87	50	74	88	29	19	91	133	70	76	42	113	25	54	52	60
ENSG00000002869	UBE2467	9571	101	41	76	37	34	22	31	20	119	104	59	152	16	16	34	37
ENSG00000002870	ARID517	1776	4572	4928	5744	6980	5793	5133	7728	5820	5334	1052	5970	4812	5087	6998	5861	3470
ENSG00000002871	UBE2867	2233	0	2	0	2	0	3	0	0	8	8	2	0	4	0	1	1
ENSG00000002872	PLC738	1180	67	57	9	33	19	52	37	12	55	76	24	27	17	23	43	17
ENSG00000002873	SNX664	2584	2	2	9	2	0	0	0	1	1	1	1	4	2	1	1	4
ENSG00000002874	SEC705	1551	1	1	0	1	0	0	0	0	0	1	0	1	1	3	0	2
ENSG00000002875	GNA285	2254	64	80	58	109	38	34	76	27	92	60	37	13	32	23	71	72
ENSG00000002876	PXN170	706	67	210	277	120	57	117	71	22	78	169	99	121	191	112	92	184
ENSG00000002877	FOXO1	2661	108	78	96	28	49	367	75	104	24	49	29	58	146	106	229	123
ENSG00000002878	RAB11FIP327	4249	66	207	62	108	114	326	375	252	142	83	104	176	265	263	251	226
ENSG00000002879	VPS74	2395	12	8	11	4	2	14	2	2	18	4	2	4	9	9	1	2
ENSG00000002880	USP819	1822	102	33	70	25	9	11	20	17	73	63	54	52	13	19	4	2
ENSG00000002881	DYNC482	3887	18	6	10	2	5	8	20	5	3	5	0	20	6	5	13	0
ENSG00000002882	TMEM654	2436	5	30	4	54	47	35	57	15	27	23	6	2	46	8	31	44
ENSG00000002883	ACACA	740	7110	6692	13467	6709	3438	3642	5942	3778	16961	17252	7601	9616	4118	4131	4539	6427
ENSG00000002884	MRPS708	1549	24	44	76	25	16	33	33	26	35	15	17	37	13	18	17	56
ENSG00000002885	HTR707	1325	122	113	48	70	34	52	30	50	120	66	84	51	21	32	78	28
ENSG00000002886	MRPS640	3808	26	191	90	140	51	48	160	64	133	163	85	56	96	99	52	113
ENSG00000002887	VCL404	1734	2	4	0	1	0	21	1	2	7	4	1	3	21	8	0	0
ENSG00000002888	RAB11FIP192	3121	242	377	414	241	428	355	377	274	329	365	203	427	452	287	572	248
ENSG00000002889	PXN575	1515	430	452	456	318	317	253	294	183	516	258	211	448	421	237	254	221
ENSG00000002890	ACTN81	917	2202	1528	1361	1972	1071	1088	641	820	1141	1463	2311	1092	603	907	985	1387
ENSG00000002891	MAPK507	1132	514	404	621	449	306	438	477	285	366	305	623	446	369	396	425	292
ENSG00000002892	FBXO298	1745	125	360	171	79	257	98	367	144	248	396	280	236	305	113	232	320
ENSG00000002893	DUSP205	1530	281	184	185	307	159	238	131	199	290	291	198	205	157	257	253	110
ENSG00000002894	DNMT797	531	14	1	8	1	1	1	7	1	6	2	10	9	1	0	2	1
ENSG00000002895	CYP360	2635	326	222	230	263	64	133	209	138	363	181	188	364	91	32	122	70
ENSG00000002896	RAB11FIP524	1802	859	797	641	1708	1582	889	2077	1019	1061	673	807	989	2357	1405	1511	1501
ENSG00000002897	ABC43	838	98	72	38	29	51	57	107	17	56	41	7	80	86	32	58	81
ENSG00000002898	EIF892	1180	38	67	100	90	22	42	9	19	152	84	78	91	21	10	36	29
ENSG00000002899	TMEM742	2914	7	21	35	28	5	18	12	20	95	18	12	25	32	9	15	39
ENSG00000002900	SLC707	613	6	61	6	5	3	0	4	18	39	36	27	23	5	8	4	11
ENSG00000002901	PXN427	2955	560	607	797	360	979	733	1209	734	704	362	814	601	1100	644	864	602
ENSG00000002902	SLC516	2740	452	170	607	202	179	168	301	189	166	195	142	101	257	227	398	167
ENSG00000002903	VCL280	661	116	97	112	112	151	112	138	79	146	85	73	59	128	54	221	165
ENSG00000002904	CYP117	2982	240	188	248	138	54	61	53	49	237	197	244	133	97	61	86	95
ENSG00000002905	DYNC816	4230	0	1	3	7	3	1	2	6	9	3	2	0	2	15	4	10
ENSG00000002906	SMARC162	1778	3	0	1	0	2	10	3	14	0	3	0	6	5	3	1	2
ENSG00000002907	SEC332	3581	0	2	0	17	2	1	0	2	1	1	4	0	0	2	6	11
ENSG00000002908	SIRT606	2244	3	3	21	3	22	3	1	4	19	8	28	8	0	3	3	1
ENSG00000002909	MYC	3939	909	1177	1047	639	682	699	1026	902	227	158	250	146	181	171	150	216
ENSG00000002910	OR655	1182	18	20	9	26	4	35	6	9	2	6	15	11	24	2	26	11
ENSG00000002911	H2AF886	1561	21	8	25	17	7	26	22	5	46	24	18	45	19	0	10	15
ENSG00000002912	SNX737	1613	143	160	205	136	238	297	173	254	159	124	137	92	264	290	212	396
ENSG00000002913	ANK667	2775	47	32	72	34	49	44	63	82	33	14	28	57	18	62	24	128
ENSG00000002914	SIRT838	2282	32	1	6	13	1	1	5	5	7	5	0	0	2	9	2	6
ENSG00000002915	FBXO875	1053	194	354	587	335	657	759	633	450	343	127	421	248	482	320	511	419
ENSG00000002916	ADRB817	1987	71	64	92	96	37	49	70	37	162	62	49	64	81	60	42	56
ENSG00000002917	ADRB744	2367	118	73	59	51	93	70	31	13	55	60	161	90	66	24	25	39
ENSG00000002918	PPP2R561	1752	127	141	208	319	129	448	362	163	159	228	146	191	171	149	119	206
ENSG00000002919	DRD697	2378	1	1	18	1	4	8	2	2	14	9	4	7	1	1	3	8
ENSG00000002920	PLC418	4339	9	7	40	6	0	16	6	2	27	8	4	1	23	10	12	3
ENSG00000002921	DHX700	4146	18	23	19	30	13	10	22	18	35	24	2	23	23	29	28	16
ENSG00000002922	RAB11FIP56	2631	42	150	112	82	61	63	23	113	139	37	69	51	57	41	74	33
ENSG00000002923	MMP695	2015	21	36	9	27	22	6	13	32	26	43	28	27	5	12	32	33
ENSG00000002924	CACN467	1805	4	2	0	0	10	1	2	0	0	1	1	0	3	2	0	4
ENSG00000002925	UGT191	2720	8119	12995	11678	5832	7063	6105	4724	6726	9816	8690	6913	11150	3988	4284	4039	10211
ENSG00000002926	BRD123	2026	2	2	2	1	0	7	0	4	0	5	1	2	0	0	4	1
ENSG00000002927	TMEM748	1894	1	0	0	1	0	2	0	1	0	1	1	2	2	1	2	0
ENSG00000002928	SUZ707	969	7	47	28	7	35	22	4	11	18	1	4	24	4	7	5	11
ENSG00000002929	DYNC803	2195	7	11	17	6	7	4	10	41	13	11	10	16	12	21	5	8
ENSG00000002930	DYNC440	2623	8	18	3	27	21	3	12	15	0	8	6	8	0	4	2	3
ENSG00000002931	TLN89	1736	587	360	558	320	474	224	518	321	354	305	136	490	436	247	314	449
ENSG00000002932	TOMM232	2740	122	96	121	12	34	17	49	50	106	22	48	33	28	18	20	100
ENSG00000002933	DYNC576	3169	2	1	4	1	1	0	3	4	0	0	0	1	1	3	1	0
ENSG00000002934	DRD849	1073	5	16	21	8	15	5	41	28	6	23	8	45	22	52	16	26
ENSG00000002935	KRT80	3550	1	0	10	9	1	2	5	1	18	1	22	5	8	6	3	5
ENSG00000002936	COPB687	1040	148	101	116	62	147	91	61	123	360	68	78	62	152	120	56	83
ENSG00000002937	ARID346	670	179	330	461	319	1218	1375	1385	2206	332	112	312	265	779	936	817	1037
ENSG00000002938	H2AF638	868	18	19	21	17	35	19	14	19	30	10	27	29	23	1	41	15
ENSG00000002939	SMARC369	1797	181	54	114	130	48	85	18	79	198	153	94	175	95	43	30	73
ENSG00000002940	SIRT338	6640	25	25	5	21	8	3	2	6	30	46	8	21	3	3	14	11
ENSG00000002941	SCN420	1382	18	11	10	17	25	19	24	11	5	34	2	17	9	3	10	10
ENSG00000002942	MAPK39	4685	10	11	0	12	1	26	3	3	20	17	10	43	20	7	7	13
ENSG00000002943	ADRB441	1397	95	85	125	38	86	62	105	119	214	355	142	171	146	202	242	331
ENSG00000002944	KMT2601	1709	217	239	596	562	118	267	246	245	261	235	328	291	133	188	157	205
ENSG00000002945	HIST1H773	2749	43	44	36	16	87	35	126	93	78	36	23	73	23	52	47	91
ENSG00000002946	EIF555	6701	6714	8866	4913	5118	11323	6681	10338	9529	4196	3983	5152	3963	11645	7501	10543	12897
ENSG00000002947	RPL84	1995	119	54	103	53	36	125	79	90	140	75	75	47	134	56	57	128
ENSG00000002948	SMAD2	925	61	90	131	187	74	37	135	104	309	579	324	548	639	181	436	536
ENSG00000002949	SNX791	2402	3	12	16	11	134	27	17	48	3	22	6	18	18	8	9	45
ENSG00000002950	GLI1	704	3	1	12	1	1	1	1	0	0	2	2	1	0	0	1	1
ENSG00000002951	EZH439	1839	27	5	53	12	32	19	20	2	8	26	5	15	13	3	10	5
ENSG00000002952	PPP2R649	1283	4	3	5	7	2	72	59	38	16	18	23	40	30	23	28	12
ENSG00000002953	SUZ654	4563	4	8	3	1	0	1	0	1	24	12	10	24	0	0	0	0
ENSG00000002954	PRKC837	1192	957	775	455	427	403	380	482	462	878	593	788	352	359	281	213	542
ENSG00000002955	DDX142	1717	171	34	120	117	137	167	161	286	104	84	59	66	31	76	74	352
ENSG00000002956	PKM	2237	1	1	10	9	3	3	0	0	3	2	6	15	1	0	2	3
ENSG00000002957	ADAM440	1536	0	3	1	0	0	1	1	0	0	1	2	0	0	0	0	1
ENSG00000002958	HTR611	1109	15	13	10	25	0	3	19	3	8	19	12	25	2	0	6	6
ENSG00000002959	ATAD584	2775	14	14	26	26	87	70	75	43	5	43	38	9	37	8	49	100
ENSG00000002960	GRIN241	1498	45	49	58	16	9	25	53	21	25	35	40	106	13	11	60	53
ENSG00000002961	GABR581	1578	1096	1458	1669	1259	1195	1406	1948	1614	1431	1355	2297	891	1740	1929	1228	1835
ENSG00000002962	VCL482	1684	6	21	25	24	5	5	8	7	5	6	19	30	12	10	22	11
ENSG00000002963	MYO764	2934	10	4	5	33	7	1	4	0	0	17	9	4	5	3	0	2
ENSG00000002964	TIMM91	2068	218	262	544	242	313	396	389	372	817	324	263	372	482	287	239	256
ENSG00000002965	EIF68	2629	15	16	28	14	32	42	13	19	7	16	35	5	43	25	13	6
ENSG00000002966	SMARC409	1496	2	7	17	2	4	5	17	0	4	9	2	1	2	14	2	3
ENSG00000002967	UBE2285	1648	111	96	129	148	35	86	83	81	82	99	122	44	34	36	44	46
ENSG00000002968	STAT1	3089	15	110	125	24	31	103	128	128	62	32	131	92	169	51	191	34
ENSG00000002969	MAPK879	1112	34	68	25	31	15	6	5	6	58	41	20	32	8	2	5	3
ENSG00000002970	PPP1R857	1748	45	47	91	129	85	42	63	37	178	9	43	64	105	27	64	49
ENSG00000002971	OR374	414	2	11	49	61	11	18	43	52	40	38	6	6	23	7	6	19
ENSG00000002972	SNX357	2653	0	2	2	1	3	2	4	5	17	2	7	5	4	1	10	3
ENSG00000002973	DHX559	1767	6	7	24	1	7	5	5	3	3	7	14	6	13	2	3	0
ENSG00000002974	DNMT582	4303	213	332	280	382	180	142	541	372	233	145	220	248	291	259	169	364
ENSG00000002975	PPP1R198	984	270	312	713	354	268	276	206	309	413	387	406	365	426	196	210	504
ENSG00000002976	KRT45	2199	91	18	127	58	235	127	98	136	39	71	52	153	210	128	189	122
ENSG00000002977	TLN107	1493	14	4	2	5	4	1	17	3	7	0	6	4	3	8	14	12
ENSG00000002978	GNA209	1129	26	8	2	12	4	2	4	6	3	7	1	17	18	3	10	2
ENSG00000002979	RAB672	3514	25	79	33	33	8	45	51	37	58	4	57	48	38	18	55	110
ENSG00000002980	RHO401	2604	21	58	117	43	102	34	45	67	83	31	3	19	24	5	18	80
ENSG00000002981	EZH370	2726	1	0	1	5	3	11	6	2	6	1	5	0	10	8	1	8
ENSG00000002982	ARF184	2894	30	40	58	56	12	37	30	12	20	62	15	36	17	8	12	29
ENSG00000002983	DHX890	3825	39	119	36	75	15	25	11	41	58	61	95	119	58	11	13	18
ENSG00000002984	EIF777	2197	2393	3781	2168	3056	1350	738	971	1897	2527	1753	2069	1495	2488	697	1631	1674
ENSG00000002985	TLN544	4630	3	0	0	0	1	1	0	0	1	4	1	6	0	2	0	2
ENSG00000002986	PPP2R563	6053	140	87	42	45	71	37	75	32	156	84	87	126	61	111	106	87
ENSG00000002987	MT-ND4	3370	21923	15729	16213	15934	32438	17277	40404	29906	22679	13223	21392	22790	26433	34214	22140	41317
ENSG00000002988	KMT2270	3326	38	22	29	22	14	16	48	13	70	40	5	22	19	8	11	18
ENSG00000002989	TLN184	1124	31	30	32	34	48	37	18	50	7	31	33	36	33	9	17	16
ENSG00000002990	SEC770	1818	83	24	25	20	32	19	57	39	23	50	50	13	145	30	100	67
ENSG00000002991	DRD16	2531	187	102	281	138	179	212	617	206	272	109	170	387	260	200	176	219
ENSG00000002992	GNA144	2696	102	135	259	349	160	222	354	144	233	200	385	369	193	126	426	345
ENSG00000002993	TET777	2371	5	5	21	0	15	8	3	3	1	0	2	0	4	4	1	1
ENSG00000002994	CACN275	3183	0	6	22	7	10	4	2	12	9	3	9	3	18	5	16	26
ENSG00000002995	ARF398	1584	130	155	351	228	105	68	94	122	285	105	306	93	54	50	89	175
ENSG00000002996	DDX615	1273	120	150	356	223	52	84	55	52	250	195	179	100	46	68	37	72
ENSG00000002997	TOMM621	1307	13	9	21	25	39	7	15	35	26	16	17	9	25	13	30	16
ENSG00000002998	SIRT357	2230	43	141	77	75	85	74	249	116	51	92	124	106	94	113	90	94
ENSG00000002999	GNA381	1530	56	14	19	43	87	33	433	89	16	48	22	11	53	88	60	80
ENSG00000003000	ADAM183	2573	7	10	4	5	3	2	1	1	4	1	1	0	6	2	1	3
ENSG00000003001	USP439	886	24	52	47	20	21	24	7	13	2	19	57	8	47	55	6	57
ENSG00000003002	ANAPC624	871	0	0	0	1	0	1	0	0	2	2	0	0	3	3	0	0
ENSG00000003003	RPS456	3601	0	1	1	3	1	0	1	1	6	0	0	2	8	0	7	2
ENSG00000003004	EIF523	3238	41	14	28	28	4	12	37	13	11	12	21	15	45	39	12	33
ENSG00000003005	TOMM403	2506	0	0	1	1	0	1	0	1	0	0	0	1	0	1	0	0
ENSG00000003006	MMP149	3097	77	104	367	134	24	46	46	64	171	147	119	77	54	90	85	56
ENSG00000003007	DUSP330	1870	44	28	14	13	3	3	13	8	4	22	12	25	17	3	3	21
ENSG00000003008	KDM575	969	37	13	18	36	38	26	45	25	21	8	18	10	13	30	21	100
ENSG00000003009	EZH663	1514	28302	9501	14822	16104	8037	12998	13062	10975	13714	10235	16462	14545	18622	8923	19457	14798
ENSG00000003010	GABR725	2721	2937	4750	5984	3241	8569	16240	8719	10186	4167	4752	4387	5361	5951	6630	14077	15127
ENSG00000003011	GNA66	1588	14	25	7	3	3	4	5	3	20	29	3	15	3	7	1	14
ENSG00000003012	PPP1R90	1097	1	26	10	10	22	6	8	14	21	1	2	26	23	4	10	18
ENSG00000003013	ANK709	2608	0	6	1	0	1	0	0	1	8	0	0	1	18	6	3	1
ENSG00000003014	SLC870	1383	89	164	137	89	70	57	66	153	66	98	156	96	107	87	64	119
ENSG00000003015	BRD425	2207	13	0	16	2	1	0	2	4	0	3	1	2	7	0	4	2
ENSG00000003016	SEC335	4135	1	0	4	1	3	3	1	7	0	0	2	0	3	0	2	0
ENSG00000003017	CACN681	1488	5	1	3	1	0	8	3	4	1	2	6	0	0	0	2	0
ENSG00000003018	RNF687	5680	1	0	2	2	2	7	1	1	3	0	1	4	8	1	4	5
ENSG00000003019	MYO104	1135	517	916	1224	668	1397	889	1288	1080	938	721	721	593	659	1187	518	813
ENSG00000003020	SMAD4	3718	28	12	38	26	38	21	28	81	413	171	107	127	79	43	371	229
ENSG00000003021	CHRM172	1680	513	450	619	473	585	1110	680	534	356	554	316	562	1602	553	1316	1650
ENSG00000003022	CYP260	1453	71	75	131	103	97	99	189	289	108	66	53	138	176	175	321	286
ENSG00000003023	KIF41	3212	33	32	37	58	34	11	11	40	61	21	27	4	22	13	33	10
ENSG00000003024	DHX552	3595	281	262	157	158	388	300	308	312	335	150	182	161	466	272	405	722
ENSG00000003025	GABR461	1968	426	182	458	434	211	461	506	339	423	343	218	274	497	194	283	300
ENSG00000003026	ANK73	1023	72	210	319	188	72	108	96	113	127	27	243	122	61	90	60	74
ENSG00000003027	H2AF29	2172	7	24	25	16	6	2	25	14	57	24	13	0	58	9	23	17
ENSG00000003028	KCN572	1085	28	59	26	32	8	32	31	12	2	40	41	77	19	37	46	15
ENSG00000003029	HTR123	580	18	8	29	12	7	55	28	16	19	94	16	23	9	16	87	25
ENSG00000003030	KDM691	1699	971	611	1271	853	1173	1021	818	1220	940	901	639	674	988	506	415	885
ENSG00000003031	SKP513	1620	7	15	2	14	3	3	14	1	23	12	27	10	14	2	1	33
ENSG00000003032	DRD80	2015	178	161	165	196	89	89	168	60	243	169	148	182	62	140	61	69
ENSG00000003033	KMT2807	722	25	3	30	46	31	9	1	9	39	3	0	37	15	2	2	31
ENSG00000003034	RORC	1398	13	11	5	14	17	18	24	19	2	11	7	13	24	22	15	54
ENSG00000003035	SUZ734	2422	10	17	3	9	8	31	16	11	16	25	5	57	29	29	14	20
ENSG00000003036	TIMM686	4349	130	153	263	123	213	176	262	109	166	219	110	73	136	160	103	231
ENSG00000003037	MRPL463	2835	1	8	9	10	2	12	8	1	36	3	7	11	7	0	6	7
ENSG00000003038	MRPS813	1653	77	82	26	151	75	86	6	52	95	87	76	44	53	25	29	69
ENSG00000003039	SCN867	1931	120	35	139	69	25	45	37	67	26	72	65	21	42	74	24	57
ENSG00000003040	RHO668	969	0	0	5	5	0	3	2	1	4	2	0	1	2	1	2	0
ENSG00000003041	USP52	2085	34	11	19	9	30	20	79	22	28	21	9	62	25	13	36	67
ENSG00000003042	ADRB320	1052	0	1	0	0	0	1	5	1	0	0	0	1	0	0	1	0
ENSG00000003043	VPS171	3679	16	10	15	2	3	1	2	1	7	22	0	9	10	0	3	21
ENSG00000003044	PPP1R139	2018	6	10	3	13	10	9	7	13	15	10	0	8	11	2	2	18
ENSG00000003045	CUL79	1938	180	246	462	334	332	376	354	287	291	262	273	396	305	250	382	281
ENSG00000003046	TMEM632	1638	122	26	157	86	103	72	93	150	137	103	59	73	193	98	140	204
ENSG00000003047	VCL235	2274	18	120	58	29	3	17	19	7	20	46	17	4	4	1	7	24
ENSG00000003048	MRPL627	699	80	97	162	125	88	179	228	135	95	145	205	124	286	98	250	329
ENSG00000003049	CYP396	1588	1	1	1	2	0	0	0	2	0	2	0	0	1	0	0	1
ENSG00000003050	DRD709	2117	2	0	2	0	0	6	3	3	3	5	0	3	0	1	0	5
ENSG00000003051	RHO391	2551	0	0	0	1	0	0	1	0	1	0	0	5	0	0	0	0
ENSG00000003052	CACN181	1956	15	20	4	26	45	33	7	32	35	11	39	3	78	32	32	34
ENSG00000003053	SMARC305	1395	86	42	74	46	25	22	26	20	13	33	10	9	23	4	3	33
ENSG00000003054	CACN119	2248	93	88	182	183	80	92	101	63	205	134	214	113	69	58	43	60
ENSG00000003055	COPB561	677	56	28	4	27	4	8	21	22	29	25	16	11	4	21	26	11
ENSG00000003056	MRPS660	421	127	96	151	92	65	93	122	143	189	58	41	78	72	54	187	12
ENSG00000003057	CHRM29	4411	995	744	537	975	1012	1041	1369	1291	646	594	498	519	687	1741	1325	1876
ENSG00000003058	RPS710	1967	5	12	8	39	25	13	22	12	41	22	22	4	13	5	60	35
ENSG00000003059	BRD394	5136	2	1	0	2	11	1	8	0	4	4	2	6	3	1	4	8
ENSG00000003060	PPP2R836	1448	24	7	20	4	4	13	10	22	23	2	2	17	22	9	17	4
ENSG00000003061	RPL407	1598	36	8	7	6	32	32	70	11	15	30	18	8	8	44	8	22
ENSG00000003062	TIMM362	2613	403	291	297	350	380	488	475	580	487	137	322	191	422	304	825	539
ENSG00000003063	MMP200	1751	12	28	3	9	7	28	14	10	26	32	18	2	0	14	8	20
ENSG00000003064	GABR209	1369	1429	656	1331	1234	304	321	856	539	1212	440	596	584	567	508	533	547
ENSG00000003065	GABR833	1766	10	3	8	6	2	2	4	4	1	1	0	6	1	0	4	1
ENSG00000003066	MAPK719	2964	0	0	0	0	1	2	0	0	0	1	0	0	2	1	1	2
ENSG00000003067	KIF674	1017	3	3	3	1	7	1	3	1	1	0	15	3	2	0	0	6
ENSG00000003068	KCN371	2108	0	0	3	0	0	0	2	0	0	0	0	1	0	0	0	4
ENSG00000003069	UGT722	1602	20	42	63	8	10	35	63	18	54	64	9	25	61	48	70	73
ENSG00000003070	GABR882	2890	40	121	83	73	102	83	32	49	122	30	72	25	95	35	95	132
ENSG00000003071	TLN818	2555	1034	1083	1320	828	2188	1648	1967	1817	493	736	760	817	1850	1394	662	2392
ENSG00000003072	RAB493	1290	37	30	77	27	79	16	54	79	57	56	51	29	80	62	35	14
ENSG00000003073	FBXO429	1281	0	0	0	0	0	0	0	1	0	0	0	1	0	0	1	0
ENSG00000003074	DYNC627	3867	691	556	664	427	931	598	476	481	442	789	690	642	456	663	460	637
ENSG00000003075	ACTN46	4204	229	60	78	112	119	356	368	147	153	168	85	115	97	213	150	82
ENSG00000003076	ARID245	4937	0	0	1	0	0	3	1	5	4	2	3	2	0	0	0	0
ENSG00000003077	FBXO574	649	1	7	2	1	6	6	9	1	4	2	6	1	3	23	1	2
ENSG00000003078	KIF55	1653	5	2	2	5	8	8	10	1	20	4	6	4	1	1	2	6
ENSG00000003079	CHRM795	1822	4	4	6	36	11	26	26	8	24	5	4	15	1	25	2	13
ENSG00000003080	UGT325	1722	6	8	13	1	1	8	6	1	14	2	0	7	2	0	3	5
ENSG00000003081	ABC615	1809	343	368	430	509	573	1891	1029	887	343	400	292	578	1516	1710	2333	771
ENSG00000003082	RNF383	4480	437	496	1081	390	753	1217	898	1190	616	549	510	198	1025	1200	897	963
ENSG00000003083	KDM662	806	29	73	52	23	34	32	117	28	114	36	57	94	108	88	73	57
ENSG00000003084	PRKC54	1597	3	7	10	3	0	1	1	2	4	11	16	10	2	3	1	0
ENSG00000003085	SNX689	3421	230	235	233	249	438	479	415	410	303	106	252	150	607	371	353	512
ENSG00000003086	VPS770	2002	24	1	7	7	12	10	22	9	7	4	10	5	1	2	2	9
ENSG00000003087	TIMM749	556	0	0	0	5	1	2	3	0	1	0	0	1	3	4	0	1
ENSG00000003088	ACTN563	2748	5	10	27	2	1	11	2	3	7	12	4	0	0	8	3	36
ENSG00000003089	OR618	2471	7	5	9	4	1	15	3	3	13	18	2	18	6	1	7	7
ENSG00000003090	PRKC821	1264	34	46	98	34	19	78	21	56	79	51	39	91	90	32	63	56
ENSG00000003091	KRT796	742	19	21	5	5	1	6	2	10	1	6	8	10	10	6	5	14
ENSG00000003092	RAB11FIP173	2246	38	48	42	49	40	6	20	21	185	160	214	121	100	36	80	77
ENSG00000003093	KDM500	3381	91	59	84	87	90	98	160	116	60	40	62	74	56	75	97	45
ENSG00000003094	UBE2599	3899	2	6	7	3	6	0	4	0	0	0	7	4	0	0	1	1
ENSG00000003095	ZNF656	1989	19	2	0	3	6	34	18	13	13	1	1	15	11	11	33	35
ENSG00000003096	FBXO164	1869	49	17	56	16	23	37	44	36	45	44	38	22	57	17	24	28
ENSG00000003097	PRKC470	2763	46	76	23	49	24	33	41	12	42	41	29	64	48	7	58	13
ENSG00000003098	SLC193	2009	14	0	36	6	4	2	4	2	16	22	12	19	0	6	13	2
ENSG00000003099	ARF255	2268	336	416	497	722	847	892	992	428	367	418	537	579	641	471	907	1078
ENSG00000003100	CUL246	5832	26	17	58	58	12	9	22	17	63	94	88	88	42	9	13	31
ENSG00000003101	KDM480	3876	2	1	11	1	0	1	0	0	0	9	0	11	1	0	0	0
ENSG00000003102	HTR542	1412	68	55	48	46	30	78	76	60	57	90	48	102	60	61	85	57
ENSG00000003103	KMT2735	433	0	27	43	54	10	27	57	35	20	19	13	30	11	18	11	38
ENSG00000003104	FLT1	1522	263	288	232	281	88	91	193	129	1062	560	453	990	819	822	566	833
ENSG00000003105	TRIM392	2390	271	146	148	142	87	161	50	127	133	209	188	209	44	65	111	31
ENSG00000003106	SUZ239	2012	38	75	155	93	32	46	170	39	126	29	74	141	66	36	107	140
ENSG00000003107	KCN734	2454	175	136	146	264	613	254	290	156	144	77	169	130	285	113	187	363
ENSG00000003108	CDC34	1045	126	117	203	135	185	261	257	229	155	131	199	191	172	359	462	329
ENSG00000003109	USP869	1220	28	11	27	42	26	43	40	51	54	24	7	64	22	12	118	54
ENSG00000003110	GABR193	3775	1	1	1	0	0	1	4	0	2	0	1	0	3	3	3	3
ENSG00000003111	DNMT895	3509	42	51	31	50	48	5	37	56	45	15	37	65	53	12	45	35
ENSG00000003112	SUZ254	4322	198	530	349	410	132	179	112	132	666	398	244	313	300	137	90	231
ENSG00000003113	SIRT721	3228	11	2	0	27	0	4	8	0	4	5	2	4	0	6	6	10
ENSG00000003114	BRD112	2339	120	105	124	121	153	137	288	113	135	113	77	124	242	326	249	277
ENSG00000003115	HDAC368	1296	310	655	424	301	232	158	106	174	332	132	218	520	63	100	143	239
ENSG00000003116	FN1	3867	14	16	17	12	2	1	17	4	10	1	24	19	0	2	7	3
ENSG00000003117	SMARC780	1754	17	6	48	29	23	69	18	33	17	25	24	45	41	33	36	17
ENSG00000003118	PXN106	1114	125	167	91	125	66	71	77	101	160	98	138	124	64	88	46	66
ENSG00000003119	H2AF840	1562	28	21	36	41	24	18	6	12	16	10	15	12	11	21	13	48
ENSG00000003120	ABC270	1750	665	639	1373	840	1909	2130	2391	2224	1006	667	965	831	3317	4183	3011	3730
ENSG00000003121	RAB627	1049	231	84	80	162	441	292	420	314	83	77	149	67	523	258	638	741
ENSG00000003122	FBXO657	2519	34	41	13	16	57	58	71	24	21	18	9	33	23	43	21	32
ENSG00000003123	ARF309	2748	4327	2673	1928	2296	754	1175	917	1234	3859	2487	1609	2407	1420	935	1659	1381
ENSG00000003124	HIST1H225	2171	36	17	4	25	25	3	34	33	28	11	2	0	75	16	25	41
ENSG00000003125	SNX213	4579	54	140	204	78	80	156	140	176	179	117	237	142	265	181	268	416
ENSG00000003126	RPS593	1462	14	7	9	17	3	9	4	22	13	3	10	9	3	5	8	1
ENSG00000003127	MRPS289	2107	1	0	0	3	2	3	15	9	3	0	6	1	1	4	29	11
ENSG00000003128	H2AF232	1843	1	12	8	2	5	12	14	8	7	14	13	3	3	1	13	10
ENSG00000003129	SMARC648	1005	137	67	104	8	20	42	50	25	22	29	82	54	33	41	43	88
ENSG00000003130	KDM798	2591	247	298	456	138	186	113	184	167	415	526	426	364	210	174	148	125
ENSG00000003131	GABR364	1947	531	568	595	474	325	281	323	259	399	679	643	254	276	266	454	356
ENSG00000003132	ANAPC164	1946	6	29	43	18	18	6	2	38	20	6	11	10	20	6	24	16
ENSG00000003133	DYNC696	3823	7	4	4	9	3	1	5	6	7	2	11	3	11	3	0	6
ENSG00000003134	KCN623	667	134	132	131	112	51	61	49	73	325	72	154	55	33	58	67	74
ENSG00000003135	EZH371	4031	8	18	37	29	37	43	27	65	15	28	21	16	30	116	125	91
ENSG00000003136	COPB363	1678	381	326	415	276	160	388	416	142	519	168	204	288	409	218	389	450
ENSG00000003137	DHX154	2540	96	104	76	186	28	87	54	85	106	135	137	86	73	78	79	107
ENSG00000003138	SNX885	614	19	8	27	8	14	11	3	13	61	19	16	10	5	19	12	23
ENSG00000003139	SDHB	2439	15	58	33	30	52	47	10	50	648	1003	94	267	253	200	180	193
ENSG00000003140	CDC373	1020	33	16	11	12	22	82	67	94	8	3	20	15	10	26	34	46
ENSG00000003141	RAB11FIP420	2959	4	11	9	3	5	0	7	0	4	6	4	2	4	4	2	0
ENSG00000003142	BRD406	1163	3	9	4	10	6	3	12	8	0	10	13	14	8	0	13	0
ENSG00000003143	SNX446	2055	2	5	10	4	0	3	6	1	3	0	0	0	7	0	1	1
ENSG00000003144	HTR472	1921	93	49	43	128	103	143	47	104	50	56	41	130	45	95	163	75
ENSG00000003145	HDAC896	2520	107	192	132	71	49	85	118	190	69	209	194	184	188	117	166	127
ENSG00000003146	MYO716	1134	88	163	152	112	40	90	51	72	98	64	100	247	44	83	60	75
ENSG00000003147	DDX895	1443	9	62	45	54	107	62	98	55	49	61	86	54	18	55	56	39
ENSG00000003148	DYNC544	1096	21	16	23	7	5	32	0	17	45	12	2	5	7	32	12	1
ENSG00000003149	TIMM471	1661	212	59	75	68	49	58	103	47	116	16	75	108	35	75	44	25
ENSG00000003150	SEC224	2591	2	7	3	7	0	3	13	6	23	2	2	2	12	4	9	9
ENSG00000003151	KDM414	4024	90	65	34	56	61	28	20	48	79	51	12	111	29	23	29	51
ENSG00000003152	PPP1R759	4375	1293	1706	2273	985	639	490	698	796	811	1524	1552	1005	478	616	610	909
ENSG00000003153	COL102	2338	11	5	7	3	27	5	3	4	11	17	14	13	4	19	0	10
ENSG00000003154	DUSP890	2331	2	2	1	0	0	1	0	2	3	1	1	3	0	0	0	0
ENSG00000003155	PPP2R176	6409	331	567	1115	580	337	688	709	604	741	449	453	437	539	401	650	604
ENSG00000003156	TOMM430	1838	5	4	1	19	16	7	7	51	24	7	23	33	4	4	15	3
ENSG00000003157	TUBB438	2589	7	9	2	4	4	15	4	7	33	9	5	20	17	2	7	2
ENSG00000003158	DYNC116	1718	79	21	316	110	102	110	101	145	62	68	36	74	158	129	152	204
ENSG00000003159	DYNC297	1476	6402	5574	8086	9061	5370	5763	4506	3353	7435	4337	5013	7099	5613	2189	5965	7032
ENSG00000003160	CUL96	2547	93	72	82	58	65	69	105	35	70	153	115	46	98	64	116	58
ENSG00000003161	ATAD25	4109	40	16	13	26	27	33	70	39	79	36	21	92	58	30	68	90
ENSG00000003162	ACTN229	1565	73	125	48	22	18	58	23	44	63	29	76	33	64	60	55	110
ENSG00000003163	RAB11FIP122	1633	265	427	331	305	98	133	197	262	787	315	806	566	407	165	249	340
ENSG00000003164	ADRB47	4363	148	35	41	126	91	86	42	123	156	95	68	65	167	133	69	93
ENSG00000003165	ABC258	1875	0	9	4	2	2	1	0	5	6	9	0	1	2	3	4	0
ENSG00000003166	GNA611	1754	1693	1152	1069	681	5347	10592	6743	4517	328	368	283	551	4312	1563	3180	2481
ENSG00000003167	SNX23	1537	398	322	428	437	279	355	168	534	563	328	690	257	269	276	281	445
ENSG00000003168	UGT431	642	1	7	5	13	14	2	0	2	10	4	0	2	9	4	0	12
ENSG00000003169	CHEK2	2469	136	129	68	68	69	55	38	49	17	27	4	17	8	7	6	25
ENSG00000003170	CACN106	5150	658	362	516	434	407	598	790	515	366	566	423	381	499	421	585	1060
ENSG00000003171	H2AF177	781	34	12	10	45	7	33	9	12	10	17	2	11	29	5	5	5
ENSG00000003172	CACN686	813	3	24	18	39	17	58	7	21	20	36	14	23	24	26	12	21
ENSG00000003173	CUL170	4675	3	48	49	40	105	72	42	27	102	93	13	36	82	19	106	38
ENSG00000003174	UGT898	2830	80	96	46	42	47	16	54	17	32	52	21	73	40	36	39	48
ENSG00000003175	RPS867	3739	395	266	502	348	161	73	77	116	253	285	485	392	69	173	136	151
ENSG00000003176	PRKC423	1377	20	11	15	18	8	26	6	5	16	13	16	10	17	23	15	13
ENSG00000003177	ARF341	1633	0	1	3	1	2	21	4	2	1	3	0	0	4	0	6	0
ENSG00000003178	SLC2A1	2269	624	699	853	486	108	295	217	135	1200	1468	1185	2358	1001	326	438	635
ENSG00000003179	COL332	4051	5	5	8	6	2	0	1	2	14	4	13	12	5	0	8	5
ENSG00000003180	SCN59	2773	0	4	1	0	0	0	0	2	9	9	0	1	0	1	2	2
ENSG00000003181	GCK	1130	222	241	316	330	282	235	356	202	249	137	211	177	176	313	408	344
ENSG00000003182	COPB862	2578	61	70	35	48	106	30	90	50	91	52	23	48	73	36	55	66
ENSG00000003183	ARF659	1390	7	4	8	1	20	5	2	8	3	1	4	0	0	2	4	0
ENSG00000003184	SUZ288	1339	0	8	0	1	6	2	0	1	3	0	3	4	7	7	6	17
ENSG00000003185	BRD39	2466	0	0	1	0	0	2	0	0	0	1	0	0	1	1	0	3
ENSG00000003186	MAPK486	3483	39	49	72	58	29	23	29	42	34	48	70	98	38	31	40	33
ENSG00000003187	CDC138	2205	11	14	22	13	20	20	26	11	22	36	17	6	56	22	62	20
ENSG00000003188	RHO4	1882	409	459	612	388	105	383	230	135	637	356	385	437	315	147	207	192
ENSG00000003189	RPS385	2171	316	203	313	210	93	208	211	157	902	619	497	767	233	458	767	639
ENSG00000003190	MYO797	2195	16	12	11	16	1	5	10	1	9	10	1	7	6	11	2	6
ENSG00000003191	RAB11FIP390	1433	1334	1617	2088	1265	1883	1000	1529	1621	2120	1940	1526	901	1577	956	1813	1878
ENSG00000003192	GRIN388	1511	1610	485	1564	808	2529	1187	2694	1574	739	425	878	953	2206	1026	2416	2436
ENSG00000003193	SKP551	2498	7	7	4	4	7	13	8	1	10	2	11	5	1	7	4	2
ENSG00000003194	SKP534	1544	0	9	0	0	3	7	1	8	16	2	3	4	5	4	4	23
ENSG00000003195	TMEM248	709	18	14	19	44	38	95	41	71	21	33	10	50	36	29	70	118
ENSG00000003196	DNMT721	1341	2	0	0	0	1	1	0	2	1	0	1	2	3	0	2	0
ENSG00000003197	SLC280	2048	15	15	5	27	15	23	14	44	36	15	9	19	9	24	10	31
ENSG00000003198	UGT541	945	20	17	61	35	54	49	44	48	106	28	41	37	24	22	42	69
ENSG00000003199	VPS886	1050	52	99	7	79	266	124	101	88	80	13	55	59	235	48	88	102
ENSG00000003200	CDC18	3067	493	336	166	557	623	449	246	484	244	178	215	386	922	629	585	425
ENSG00000003201	CYP48	2824	360	233	719	675	324	345	362	287	595	417	455	484	208	318	451	307
ENSG00000003202	RPL36	5836	554	550	381	425	420	355	493	371	691	251	509	348	288	464	425	411
ENSG00000003203	SNX254	3540	8	14	12	25	28	7	37	35	43	8	34	54	41	13	15	17
ENSG00000003204	RB1	680	1	16	7	10	3	8	0	9	7	5	18	2	0	6	0	2
ENSG00000003205	VCL607	1141	34	36	64	70	94	59	25	19	59	27	64	51	78	12	47	50
ENSG00000003206	CDC769	1339	62	13	12	8	56	6	13	41	21	9	19	23	7	12	48	19
ENSG00000003207	KMT2296	2383	0	0	3	1	3	0	0	0	0	1	0	0	0	0	0	1
ENSG00000003208	TUBB624	2141	10	4	67	25	19	38	22	26	29	10	12	31	15	13	19	40
ENSG00000003209	DYNC860	2078	0	1	0	3	2	0	1	1	2	0	3	1	3	1	1	1
ENSG00000003210	CCNB377	4664	54	50	46	3	11	4	18	6	45	66	50	37	10	10	9	13
ENSG00000003211	RAB374	3313	3831	3035	5224	2166	2001	4798	2751	3897	5209	3058	2776	2636	2644	2358	4193	2666
ENSG00000003212	DUSP458	2922	44	5	38	22	10	23	11	12	23	47	45	60	12	24	20	14
ENSG00000003213	PPP1R310	2592	20	62	16	20	17	23	35	39	31	31	12	16	27	9	53	23
ENSG00000003214	SEC828	2483	4	4	0	0	0	0	0	3	1	20	2	2	3	0	0	3
ENSG00000003215	FBXO796	1693	19	69	39	29	68	63	57	80	12	12	85	41	100	44	60	85
ENSG00000003216	DNMT618	1518	291	416	344	261	208	380	181	175	396	328	221	433	159	351	350	312
ENSG00000003217	RPS480	1611	40	63	35	49	21	32	35	34	23	36	22	101	13	15	20	20
ENSG00000003218	PPP2R628	2181	115	187	509	262	268	266	349	325	189	312	434	352	328	114	405	236
ENSG00000003219	ANK105	1179	0	4	1	0	2	1	3	1	0	0	0	0	1	1	4	0
ENSG00000003220	MRPL322	3391	1	0	0	0	0	0	0	0	1	0	0	0	0	1	0	1
ENSG00000003221	DRD441	2597	300	298	539	309	227	210	331	204	304	274	365	366	182	194	325	301
ENSG00000003222	RPS320	995	52	34	51	17	46	107	136	106	53	57	59	39	134	52	150	130
ENSG00000003223	PRKC838	3225	92	138	54	154	21	56	62	21	88	69	112	116	47	37	22	74
ENSG00000003224	UGT560	856	5	0	6	9	2	1	8	14	0	0	2	3	6	3	17	15
ENSG00000003225	ARID894	1723	28	25	71	45	13	54	20	20	81	62	109	89	25	15	50	8
ENSG00000003226	KDM349	953	5	0	0	0	1	0	0	1	3	1	4	1	2	1	1	1
ENSG00000003227	H2AF517	4002	435	560	724	322	226	306	239	174	499	483	805	533	199	265	268	194
ENSG00000003228	MAPK378	3852	882	510	675	651	829	925	879	625	1037	862	372	436	957	640	1320	1645
ENSG00000003229	SEC629	1577	329	425	340	474	236	444	312	254	256	424	549	364	289	267	356	327
ENSG00000003230	RAB741	652	6	8	12	1	1	2	0	5	8	1	1	0	0	0	5	2
ENSG00000003231	UBE2215	3713	191	186	207	104	21	32	82	31	101	110	124	155	30	31	54	59
ENSG00000003232	EZH648	2986	98	37	168	126	188	218	179	155	332	85	229	58	172	49	148	151
ENSG00000003233	ARID534	3523	31	44	12	9	10	21	33	30	30	35	39	3	80	26	27	18
ENSG00000003234	COL92	1485	15	43	27	15	5	13	14	7	17	15	28	31	9	5	5	16
ENSG00000003235	PLC813	1124	64	19	90	61	53	12	40	36	80	108	123	30	40	26	16	14
ENSG00000003236	H2AF203	2549	686	394	707	563	176	318	344	232	668	211	425	656	188	119	255	291
ENSG00000003237	UGT802	1274	48	83	7	21	33	29	61	7	5	18	17	17	25	16	37	42
ENSG00000003238	SMARC584	4683	0	1	1	2	1	2	6	8	5	0	0	1	1	6	2	17
ENSG00000003239	UBE247	1633	58	68	242	46	70	52	27	91	144	149	75	81	41	28	38	131
ENSG00000003240	DRD817	2207	59	81	93	71	11	7	68	30	68	79	102	54	11	13	24	15
ENSG00000003241	SEC80	1441	14	44	15	15	13	12	28	14	16	57	4	26	16	15	59	61
ENSG00000003242	DDX268	2762	178	106	145	207	163	92	175	88	252	318	143	338	112	146	169	82
ENSG00000003243	KRT425	3540	5	8	20	9	1	21	6	19	4	13	13	8	3	2	18	11
ENSG00000003244	SMARC606	1985	21	57	24	42	29	7	8	75	19	32	41	10	3	15	17	10
ENSG00000003245	TRIM147	1438	182	109	206	95	52	175	143	102	273	241	150	378	119	258	303	173
ENSG00000003246	ACTN796	1774	278	251	508	289	203	208	208	233	315	336	271	171	351	324	548	353
ENSG00000003247	CUL18	2958	153	31	85	84	55	68	66	106	125	99	31	119	20	44	170	114
ENSG00000003248	RAB11FIP594	2142	47	113	256	83	126	52	120	76	74	21	40	124	123	142	80	93
ENSG00000003249	ABC544	1632	145	40	100	106	51	72	44	47	267	279	153	200	29	16	19	37
ENSG00000003250	GABR300	999	297	253	321	200	263	60	211	320	366	149	228	207	144	144	256	296
ENSG00000003251	MSH6	2542	2	9	2	6	0	4	3	1	17	9	1	7	4	0	6	3
ENSG00000003252	EZH700	1949	53	23	35	15	17	4	3	1	2	4	2	10	21	8	7	13
ENSG00000003253	UBE271	1942	65	48	42	50	3	15	39	16	39	42	46	32	36	4	9	22
ENSG00000003254	ZNF117	1780	6	5	9	21	24	11	23	29	8	14	21	34	28	1	8	19
ENSG00000003255	PPP1R720	2171	77	52	124	225	68	93	81	100	129	89	43	57	108	71	109	110
ENSG00000003256	ANK390	2470	189	398	361	299	130	78	149	126	300	178	255	289	209	244	212	197
ENSG00000003257	SKP190	1661	159	183	104	148	167	88	44	170	479	223	196	250	196	87	126	155
ENSG00000003258	ANK883	2592	67	70	246	65	51	49	191	48	65	111	92	75	75	51	121	50
ENSG00000003259	IKBKB	2966	0	11	0	0	0	0	0	0	0	0	3	4	1	0	0	2
ENSG00000003260	ANK732	1503	4	26	87	90	63	37	11	31	65	36	18	58	81	38	41	73
ENSG00000003261	DDX798	700	1	0	1	1	0	1	1	0	0	0	0	0	0	1	0	0
ENSG00000003262	H2AF386	3757	68	35	25	38	33	103	164	34	170	18	28	80	84	54	110	51
ENSG00000003263	RPL712	2067	151	332	81	285	60	176	66	95	185	91	107	110	121	55	116	64
ENSG00000003264	DRD650	2216	295	338	360	295	146	68	110	147	381	202	245	366	248	52	79	104
ENSG00000003265	MMP784	942	11	3	1	13	0	14	8	1	2	0	1	15	1	0	3	2
ENSG00000003266	TOMM59	2146	22	5	4	16	32	15	5	4	36	15	7	18	13	8	3	10
ENSG00000003267	SLC4	2646	34	48	70	53	18	4	71	26	57	71	9	27	19	28	23	33
ENSG00000003268	DHX357	3443	1	7	2	5	0	0	3	0	4	0	0	4	1	3	1	1
ENSG00000003269	DDX614	1502	31	16	43	17	11	18	7	13	10	44	24	6	17	13	30	31
ENSG00000003270	MAPK616	909	6	4	18	7	7	1	4	3	2	9	2	2	3	0	3	4
ENSG00000003271	PPP2R328	2491	267	446	321	249	346	500	458	244	237	135	251	360	564	275	676	223
ENSG00000003272	SPTB450	2408	58	17	83	115	110	64	149	94	106	118	23	91	39	99	195	49
ENSG00000003273	ADAM164	3005	109	159	281	165	68	120	65	46	262	143	108	281	31	99	68	82
ENSG00000003274	EZH487	1738	50	21	43	21	100	60	229	70	46	84	83	42	49	146	25	113
ENSG00000003275	TRIM530	1002	25	50	28	88	30	43	43	16	50	44	124	62	41	34	32	77
ENSG00000003276	GNA706	1488	14	8	10	10	2	56	10	43	92	8	3	16	61	19	43	60
ENSG00000003277	SPTB699	1174	11	2	0	6	1	14	29	7	18	6	14	2	0	29	20	2
ENSG00000003278	SOD1	2737	54	301	62	140	51	56	186	70	1307	787	1125	1483	318	299	874	927
ENSG00000003279	VPS747	638	36	9	36	9	8	34	29	14	19	12	3	18	8	2	16	18
ENSG00000003280	EZH317	674	107	113	116	113	295	272	727	177	43	117	190	299	208	370	212	253
ENSG00000003281	HTR586	1706	15	9	41	16	23	13	24	22	14	2	32	30	24	19	20	20
ENSG00000003282	SIRT305	3027	1965	2346	2692	1502	814	1493	903	1110	1778	2204	3620	4802	1997	970	1132	1721
ENSG00000003283	ZNF224	1403	2	1	12	10	11	0	0	0	4	0	1	0	0	1	3	0
ENSG00000003284	BRD798	774	0	0	5	11	17	7	4	7	14	0	17	1	52	10	10	5
ENSG00000003285	TET316	1654	138	148	194	235	92	39	100	124	138	79	65	161	78	36	88	95
ENSG00000003286	ABC749	4602	94	131	175	87	51	47	52	46	108	108	175	102	72	85	66	95
ENSG00000003287	OR301	1888	10	5	2	1	30	33	67	34	6	11	13	10	0	12	26	24
ENSG00000003288	ADAM653	3003	15	10	24	2	15	18	18	26	13	14	19	19	24	20	25	20
ENSG00000003289	ARID812	2684	365	987	701	451	572	754	948	729	494	586	523	432	888	1244	541	1000
ENSG00000003290	ANK848	3618	1	1	5	6	6	0	3	4	15	0	1	1	2	0	4	18
ENSG00000003291	RPS748	2255	11	1	5	0	13	8	17	3	0	1	2	3	36	3	5	20
ENSG00000003292	RPL309	1993	57	2	6	14	22	22	46	7	26	20	24	24	79	31	16	21
ENSG00000003293	PXN289	1408	0	0	0	2	0	1	3	13	3	0	0	0	4	2	10	1
ENSG00000003294	ACTN765	4271	1	0	1	2	0	0	0	0	0	1	0	1	0	0	0	0
ENSG00000003295	RAB11FIP276	2034	13	0	11	5	9	20	25	3	8	4	2	18	10	6	21	11
ENSG00000003296	COL637	3488	107	44	45	42	81	175	210	55	119	74	70	46	162	212	313	130
ENSG00000003297	SMARC397	3493	305	162	572	546	277	454	381	389	407	369	618	338	424	188	247	383
ENSG00000003298	SMARC164	1915	13	2	12	8	2	13	21	5	4	0	5	8	2	10	5	24
ENSG00000003299	RPL630	1511	149	219	232	194	95	58	129	83	64	30	56	46	17	21	30	48
ENSG00000003300	CDC672	2205	0	46	9	16	1	4	9	6	25	5	3	2	1	0	3	11
ENSG00000003301	CDC243	1507	16	47	26	22	35	20	45	21	31	9	12	15	40	22	68	19
ENSG00000003302	ANK125	5010	482	293	1148	803	493	781	884	276	566	301	379	852	705	293	748	379
ENSG00000003303	DRD337	4104	47	37	98	46	45	5	47	14	73	57	48	41	39	20	34	39
ENSG00000003304	PLC530	855	74	52	218	84	269	173	350	189	156	77	160	123	218	64	117	111
ENSG00000003305	MRPL71	977	111	107	293	102	111	24	42	75	149	156	41	90	122	64	83	176
ENSG00000003306	PPP1R354	2155	960	657	945	1137	1216	821	1562	965	1790	1796	746	846	827	531	1436	724
ENSG00000003307	SPTB824	3252	20	37	45	57	37	5	12	23	31	21	16	65	14	26	6	13
ENSG00000003308	DYNC664	1367	7	5	8	27	13	1	11	17	25	4	11	9	2	1	19	13
ENSG00000003309	DHX694	2223	47	63	103	70	159	315	240	56	73	45	120	53	190	34	175	220
ENSG00000003310	ABC454	3892	23	25	37	85	66	66	45	60	152	76	60	99	70	35	49	44
ENSG00000003311	SPTB225	2319	4	7	6	9	0	0	0	0	4	4	0	5	9	2	2	1
ENSG00000003312	DUSP715	703	4	10	12	6	14	1	10	4	50	55	13	35	4	4	14	6
ENSG00000003313	ACTN801	3693	374	317	358	243	125	199	204	99	391	309	344	130	144	160	95	307
ENSG00000003314	ARID74	2312	80	15	118	135	26	65	35	25	5	8	5	27	10	9	4	16
ENSG00000003315	UGT692	2475	142	65	148	110	63	93	46	74	160	45	196	84	103	71	77	46
ENSG00000003316	MYO149	4972	89	168	95	164	95	115	206	122	100	89	118	167	100	69	122	309
ENSG00000003317	RPS723	1809	39	76	102	76	34	34	47	68	162	136	63	76	33	19	22	96
ENSG00000003318	SCN531	3677	3	0	3	1	0	2	1	0	0	1	0	0	0	1	1	1
ENSG00000003319	HIST1H674	1820	346	401	514	609	1193	1224	684	1213	825	217	621	486	1379	914	1039	1408
ENSG00000003320	EGFR	1784	10	9	41	3	22	33	16	46	87	26	19	34	24	13	16	12
ENSG00000003321	KCN495	1347	6	23	65	12	5	25	10	12	55	11	48	1	23	16	27	14
ENSG00000003322	RPS628	2159	101	57	45	79	60	24	116	43	58	16	44	87	175	53	16	58
ENSG00000003323	SNX821	4364	3045	2834	1119	2843	1007	1040	923	944	1485	1802	1837	1975	957	1285	1930	1307
ENSG00000003324	ACTN748	1658	138	111	112	62	237	146	152	205	89	54	218	172	223	209	97	120
ENSG00000003325	TOMM9	3095	13	1	11	7	0	15	12	13	22	4	0	15	8	6	3	11
ENSG00000003326	KCN375	3296	57	37	39	56	12	20	18	25	27	18	60	14	17	8	64	39
ENSG00000003327	PLC14	3640	30	26	12	32	10	17	9	38	73	46	23	16	28	12	7	30
ENSG00000003328	UBE2457	4908	184	99	270	147	29	55	70	77	96	91	236	150	85	36	34	45
ENSG00000003329	H2AF525	2506	85	49	113	135	48	56	53	52	128	59	31	41	35	15	24	67
ENSG00000003330	RNF541	3129	198	124	124	113	270	231	480	226	197	125	37	152	302	99	195	263
ENSG00000003331	TET256	1155	940	979	956	643	1035	2173	1176	2174	649	466	728	652	772	1122	1200	1425
ENSG00000003332	SMARC688	4928	509	502	762	641	444	553	1082	725	684	501	243	415	765	639	802	653
ENSG00000003333	RAB11FIP210	5395	44	96	48	65	48	73	53	25	37	68	62	57	57	59	38	102
ENSG00000003334	DLL4	2026	0	0	0	0	0	0	0	0	0	0	0	0	0	0	0	1
ENSG00000003335	HTR413	1499	84	21	54	71	10	37	52	31	17	75	53	89	44	26	22	39
ENSG00000003336	PXN531	1630	0	8	0	0	8	5	8	2	0	1	1	2	1	2	1	4
ENSG00000003337	TIMM828	1320	471	267	265	361	406	171	209	140	446	317	244	219	117	111	258	113
ENSG00000003338	SNX766	2234	39	70	55	8	15	11	3	12	46	13	37	27	14	23	13	18
ENSG00000003339	RAB136	2785	3	8	14	4	1	1	1	1	8	3	7	9	7	0	0	5
ENSG00000003340	SNX362	904	2	22	1	17	9	0	9	14	11	20	23	45	20	5	19	3
ENSG00000003341	CYP47	12013	3691	3096	1873	1863	1628	1577	2056	2039	3106	2600	1065	2349	1121	1585	1514	1209
ENSG00000003342	IDH1	2571	0	1	5	3	1	2	2	3	1	0	8	0	4	1	2	0
ENSG00000003343	ADRB41	945	27	5	13	17	5	6	30	5	27	16	4	17	3	6	21	15
ENSG00000003344	VCL808	2056	2	1	2	0	3	11	0	4	0	1	1	9	0	4	4	16
ENSG00000003345	EIF228	1819	20	19	129	65	118	144	99	37	188	82	83	74	319	110	502	328
ENSG00000003346	CYP766	2008	27	73	26	23	48	31	20	71	43	32	7	32	42	70	44	44
ENSG00000003347	PRKC473	3912	405	292	450	271	551	402	720	504	303	435	249	208	468	583	985	872
ENSG00000003348	ABC72	1197	1	4	2	9	5	12	2	5	5	12	4	17	1	13	24	3
ENSG00000003349	TRIM426	1850	33	39	18	16	62	60	42	52	31	62	31	38	40	41	81	147
ENSG00000003350	RAB11FIP257	1894	27	47	24	21	10	10	9	25	1	26	48	5	22	2	7	13
ENSG00000003351	ADAM501	4964	176	183	171	95	148	246	326	254	239	107	66	130	262	213	188	219
ENSG00000003352	ARID325	2406	28	2	11	21	18	19	15	10	51	9	20	21	16	6	13	11
ENSG00000003353	TSC1	1194	244	400	264	317	163	186	472	138	56	80	52	51	43	48	51	63
ENSG00000003354	PXN576	1030	45	84	140	125	63	36	77	80	126	60	141	83	138	126	64	78
ENSG00000003355	KDM195	1675	1	2	6	0	0	2	0	0	2	2	1	6	1	0	1	3
ENSG00000003356	SNX61	916	11	11	14	12	2	12	39	18	5	5	17	11	11	13	7	8
ENSG00000003357	VCL496	996	7	14	14	22	3	8	13	4	52	13	5	7	5	22	5	14
ENSG00000003358	MRPL586	2630	346	504	622	485	521	499	774	699	502	291	451	360	549	580	510	705
ENSG00000003359	H2AF551	1700	124	29	91	62	37	26	30	19	33	74	50	94	19	3	21	61
ENSG00000003360	SPTB785	1344	1050	750	634	648	806	1039	1436	1385	656	582	510	817	614	960	956	627
ENSG00000003361	ARF181	1659	9	1	57	14	7	15	0	31	32	28	5	9	2	7	6	3
ENSG00000003362	GABR224	4157	34	26	78	65	144	89	384	57	180	97	134	45	111	188	197	131
ENSG00000003363	ANK13	1799	49	64	58	14	38	31	43	33	44	33	27	36	15	48	8	16
ENSG00000003364	RAB325	823	54	155	157	78	105	45	116	106	99	112	132	112	38	53	145	57
ENSG00000003365	ANAPC605	3443	286	310	336	192	380	569	576	401	288	265	334	236	359	290	419	498
ENSG00000003366	TMEM258	1075	104	63	179	70	76	187	147	173	57	89	91	169	132	179	165	172
ENSG00000003367	CUL55	2979	348	405	440	467	197	280	272	220	385	322	296	327	445	235	209	238
ENSG00000003368	H2AF834	3563	19	1	22	5	2	9	12	2	15	6	16	16	11	1	13	0
ENSG00000003369	GRIN144	1825	3	2	7	5	5	2	0	8	0	2	5	1	0	12	7	8
ENSG00000003370	CCNB154	4522	343	232	267	248	142	116	68	89	194	133	233	195	114	110	236	200
ENSG00000003371	TOMM392	1667	22	31	77	33	59	116	215	75	56	10	23	32	31	50	98	85
ENSG00000003372	SMARC313	2820	142	101	170	199	196	73	78	92	184	123	146	162	195	101	239	156
ENSG00000003373	SNX614	2549	14	41	14	52	17	17	9	60	27	67	9	60	22	27	6	14
ENSG00000003374	CYP386	2278	49	45	5	28	3	11	1	1	5	1	21	13	2	5	3	5
ENSG00000003375	ARID207	1066	42	52	32	46	33	10	27	28	46	65	65	67	31	87	76	51
ENSG00000003376	DDX386	1179	661	717	495	1067	475	836	670	981	1359	633	350	733	720	348	804	515
ENSG00000003377	TOMM625	1912	52	33	22	20	26	65	22	61	8	35	16	34	43	52	58	43
ENSG00000003378	DHX365	2846	53	113	76	37	35	72	53	53	21	22	15	33	30	38	7	24
ENSG00000003379	MYO608	2137	43	33	74	57	206	147	121	300	65	43	48	34	246	93	222	317
ENSG00000003380	ACTN699	2424	109	80	169	38	165	255	168	118	74	104	59	27	151	49	116	183
ENSG00000003381	SLC83	1019	117	220	216	242	110	64	106	80	183	207	193	204	120	149	64	132
ENSG00000003382	COL1A1	1242	107	45	113	92	59	72	51	102	419	204	320	242	337	762	245	444
ENSG00000003383	KCN598	1335	90	24	38	54	71	47	33	41	75	32	30	72	24	44	49	16
ENSG00000003384	PXN884	2092	1198	2355	1541	1208	615	458	755	526	1486	2117	1324	1559	546	664	231	754
ENSG00000003385	HIST1H562	1266	47	12	10	22	17	85	13	28	29	22	21	29	73	18	21	28
ENSG00000003386	PXN358	5552	110	51	71	123	37	51	51	35	62	47	99	118	49	16	37	40
ENSG00000003387	ANK564	2023	5	11	1	7	2	3	5	0	7	9	19	16	7	4	3	14
ENSG00000003388	PLC539	12309	227	86	217	65	293	267	497	187	100	65	78	124	387	275	380	521
ENSG00000003389	GNA781	1470	29	136	55	83	68	150	60	159	77	77	40	76	141	70	229	95
ENSG00000003390	KRAS	4432	135	73	120	98	37	13	63	28	875	605	298	300	203	116	219	183
ENSG00000003391	DYNC878	3349	0	6	11	0	1	8	2	0	0	7	2	10	0	0	7	2
ENSG00000003392	BRD93	1021	117	141	93	134	157	251	77	316	97	89	54	66	111	222	71	343
ENSG00000003393	MRPL174	2374	61	53	35	93	28	31	15	7	14	40	39	7	25	20	19	25
ENSG00000003394	CUL603	642	76	19	68	51	117	50	85	48	21	68	21	82	36	15	49	69
ENSG00000003395	ANAPC61	3282	205	58	159	95	110	154	190	176	247	211	263	355	145	153	127	166
ENSG00000003396	CYP502	2632	126	19	114	81	82	80	105	38	210	116	103	104	82	47	96	64
ENSG00000003397	RAB750	833	75	131	99	104	171	240	86	153	96	72	73	109	131	53	150	201
ENSG00000003398	KRT845	4882	57	26	25	76	53	31	57	6	86	31	49	53	29	21	97	36
ENSG00000003399	HTR521	1360	813	932	1194	760	441	528	462	311	1123	640	972	515	458	359	507	265
ENSG00000003400	ANK157	406	1	0	0	0	0	1	0	0	0	0	0	0	0	0	0	1
ENSG00000003401	COPB457	1279	4	42	16	5	9	13	29	2	14	25	10	3	2	20	7	3
ENSG00000003402	TLN613	4716	168	96	161	130	137	85	155	113	180	101	91	151	93	115	151	92
ENSG00000003403	CDC106	3097	1304	696	1376	1447	1410	1209	1194	1040	1907	782	1323	596	1090	1219	1643	1766
ENSG00000003404	MRPS835	2582	20	12	54	9	59	54	40	19	57	39	22	43	25	25	72	47
ENSG00000003405	ANAPC529	3073	7	0	14	15	1	15	4	0	33	7	6	20	5	6	5	10
ENSG00000003406	KCN419	4584	0	2	1	1	1	4	0	4	0	1	0	0	0	3	2	6
ENSG00000003407	XRCC1	589	178	174	214	119	177	201	257	75	725	763	752	791	1818	518	1965	1849
ENSG00000003408	DRD639	1813	8	14	12	4	3	1	11	9	1	11	13	1	15	4	20	18
ENSG00000003409	UBE2390	1477	0	0	1	0	3	0	1	4	0	3	3	3	0	0	2	7
ENSG00000003410	SUZ575	2380	6	0	20	20	5	15	15	10	33	24	19	0	7	6	3	10
ENSG00000003411	FBXO182	2497	8	82	21	4	11	20	30	15	22	7	5	40	20	16	18	26
ENSG00000003412	ANAPC65	7597	2279	1587	2744	1381	1553	1487	2343	1034	1527	2687	1095	2162	2172	1887	1373	1070
ENSG00000003413	UBE2523	2673	139	106	143	118	164	93	160	57	196	80	118	181	184	147	59	115
ENSG00000003414	KDM815	1921	60	78	129	123	97	166	202	61	156	81	94	154	93	59	28	72
ENSG00000003415	BRD765	2874	48	90	101	64	186	237	350	162	96	75	19	109	219	162	359	131
ENSG00000003416	TIMM58	2091	0	0	1	0	0	0	0	0	0	1	1	0	0	0	0	0
ENSG00000003417	HNF1A	2664	54	48	26	31	27	49	8	11	82	81	375	280	262	352	250	348
ENSG00000003418	TRIM771	1509	65	150	52	39	34	79	125	97	66	12	39	45	41	43	64	107
ENSG00000003419	RPS535	3523	27	8	3	6	3	2	10	32	5	3	4	8	6	4	56	7
ENSG00000003420	RPS681	2967	13	19	9	21	16	8	4	10	27	24	3	15	0	17	7	13
ENSG00000003421	MAPK759	3409	0	2	0	0	1	1	2	5	0	1	1	1	1	2	2	2
ENSG00000003422	RNF179	5013	95	24	87	36	17	62	141	11	32	31	45	75	61	36	78	42
ENSG00000003423	SCN216	4303	11	44	34	7	2	9	13	2	25	10	35	12	14	2	17	5
ENSG00000003424	DUSP842	537	35	16	30	7	14	47	74	32	72	18	27	16	26	8	9	9
ENSG00000003425	CACN319	1893	77	198	307	164	187	196	168	165	251	91	238	248	278	99	322	209
ENSG00000003426	CCNB499	2387	2	5	1	0	4	2	0	8	2	1	0	10	1	5	2	11
ENSG00000003427	CUL760	2121	133	62	133	165	41	20	6	39	91	66	114	98	30	42	22	78
ENSG00000003428	UBE2286	2763	12	13	52	59	12	11	35	10	21	18	12	23	17	0	12	27
ENSG00000003429	RNF233	3983	120	75	72	40	86	186	118	65	33	44	30	41	42	132	155	193
ENSG00000003430	SKP465	877	1645	3321	3174	3016	2277	2281	2085	1226	5049	3292	3352	1448	1197	1504	2161	1384
ENSG00000003431	SEC605	2011	35	4	21	134	14	11	28	4	32	8	12	9	30	15	13	54
ENSG00000003432	ADAM777	1218	5	1	0	9	0	9	0	17	11	7	2	1	7	0	18	12
ENSG00000003433	FBXO887	835	44	10	11	11	18	69	27	18	76	20	16	8	63	39	45	81
ENSG00000003434	ARF439	2995	220	150	88	181	197	104	164	154	172	187	221	170	162	66	247	86
ENSG00000003435	BRD831	1611	148	160	283	204	242	238	417	535	346	259	274	152	431	220	660	584
ENSG00000003436	VPS499	1587	4	0	0	0	0	0	3	0	0	3	0	0	1	1	1	2
ENSG00000003437	CCNB363	1363	27	29	29	93	66	20	48	35	52	33	36	24	23	41	86	15
ENSG00000003438	MRPL181	2528	395	334	779	268	144	297	235	256	156	448	199	364	235	299	359	323
ENSG00000003439	KDM656	2747	93	76	123	62	15	19	22	35	57	74	92	66	35	24	33	21
ENSG00000003440	UBE2138	3449	7	2	23	9	2	4	9	7	10	4	2	15	21	2	2	19
ENSG00000003441	USP895	3610	59	56	14	40	19	26	14	8	50	112	34	79	62	66	88	101
ENSG00000003442	CCNB420	1868	193	272	160	118	310	1048	722	631	300	132	226	299	553	797	881	588
ENSG00000003443	RNF515	1512	43	109	116	209	89	124	138	105	135	41	114	178	117	90	173	134
ENSG00000003444	DRD623	1822	5	6	4	2	10	1	11	0	3	3	6	12	3	2	0	1
ENSG00000003445	CYP132	3206	24	55	33	40	21	26	53	32	48	19	34	93	21	35	46	8
ENSG00000003446	ABC433	1479	23	19	36	31	33	35	40	36	43	20	13	42	41	30	39	15
ENSG00000003447	PLC467	1779	0	1	0	0	0	0	0	0	0	0	0	0	0	1	0	0
ENSG00000003448	PRKC308	2684	34	11	45	21	18	2	21	26	44	15	25	20	7	4	33	10
ENSG00000003449	SEC75	4596	6	3	7	24	17	8	7	4	15	5	1	2	29	2	15	0
ENSG00000003450	ARF433	878	355	293	374	149	539	361	563	365	1005	750	264	423	1154	1779	821	1002
ENSG00000003451	EIF379	992	5	2	1	4	1	3	2	0	3	3	2	8	1	0	0	5
ENSG00000003452	GRIN619	2717	7	3	0	2	0	13	0	2	3	1	2	3	1	4	2	4
ENSG00000003453	ARID858	2008	77	23	23	36	20	35	31	31	22	45	7	25	4	8	12	52
ENSG00000003454	SCN591	1580	9	9	28	39	66	12	61	57	7	34	4	25	79	49	66	98
ENSG00000003455	HTR726	1701	7	2	0	8	8	1	7	1	4	10	2	0	8	0	2	0
ENSG00000003456	ATAD477	1230	8	2	3	0	1	0	1	1	1	1	0	0	1	0	0	1
ENSG00000003457	DUSP761	1552	231	205	387	199	363	155	335	267	140	244	239	338	196	232	264	280
ENSG00000003458	PPP1R497	3528	34	93	55	113	106	52	46	38	22	126	67	105	105	79	42	43
ENSG00000003459	CYP857	1158	0	3	0	0	0	0	0	2	5	1	3	1	2	4	1	3
ENSG00000003460	COL415	1847	33	15	1	11	22	11	27	8	26	12	10	15	19	12	7	47
ENSG00000003461	SNX479	1461	89	104	97	153	104	100	143	37	83	31	91	79	82	51	38	47
ENSG00000003462	ESR1	5545	38	87	51	27	35	38	56	105	238	324	318	153	300	162	269	122
ENSG00000003463	ACTN157	1224	20	26	84	45	31	39	176	43	7	22	63	58	30	30	39	114
ENSG00000003464	TRIM449	2574	3	9	11	3	8	2	5	2	18	1	2	54	4	0	0	1
ENSG00000003465	MAPK727	536	106	137	97	46	39	52	25	16	208	162	146	270	97	86	45	121
ENSG00000003466	UBE2730	1896	126	116	84	64	63	120	124	81	164	164	189	49	95	81	110	106
ENSG00000003467	ANK503	1105	7	1	1	1	4	6	1	5	2	4	1	1	1	3	0	11
ENSG00000003468	ZNF286	2688	0	0	0	1	2	0	0	0	0	0	0	2	1	2	1	0
ENSG00000003469	TMEM721	883	219	212	390	246	103	70	61	78	258	105	301	290	94	35	98	162
ENSG00000003470	TET324	2123	3	28	14	5	4	45	8	2	2	23	4	7	1	5	13	12
ENSG00000003471	SPTB874	4222	79	139	82	95	55	98	88	142	106	71	83	66	131	115	38	29
ENSG00000003472	MRPS327	1515	22	74	17	34	38	59	34	25	125	60	37	61	88	66	47	31
ENSG00000003473	RPL13A	2484	8649	12712	7296	6569	5603	10172	10593	6316	14380	6095	7512	11386	6666	8784	12276	6030
ENSG00000003474	SNX301	2183	6	0	0	7	5	0	3	4	3	1	0	1	0	1	3	2
ENSG00000003475	ANAPC43	2086	1	0	4	1	8	14	7	28	0	13	0	9	9	3	16	2
ENSG00000003476	SEC250	2668	3	1	1	0	0	0	0	0	0	0	0	0	1	0	0	0
ENSG00000003477	KCN313	2264	5	21	56	25	40	46	75	83	51	35	6	24	60	9	14	83
ENSG00000003478	SNX339	1934	2	1	4	1	13	21	0	9	1	1	1	1	9	2	6	4
ENSG00000003479	ANAPC57	4539	39	18	19	16	3	13	14	9	75	22	28	19	11	2	6	17
ENSG00000003480	KDM324	629	7	5	4	10	14	1	0	0	7	0	5	0	14	1	5	0
ENSG00000003481	UGT332	3148	13	23	6	8	14	5	11	28	16	26	11	15	18	9	4	19
ENSG00000003482	VCL377	1169	0	0	0	1	1	0	1	0	0	0	0	0	0	0	0	0
ENSG00000003483	ANAPC795	1049	153	110	185	147	89	225	102	119	120	61	205	164	179	74	49	125
ENSG00000003484	SCN498	908	1	0	0	0	1	0	0	0	0	1	0	2	0	0	0	0
ENSG00000003485	ACTN809	1962	53	96	50	28	7	30	50	68	66	62	20	113	60	44	46	59
ENSG00000003486	TLN149	1812	126	255	301	217	452	645	449	435	384	228	228	364	320	378	684	774
ENSG00000003487	SCN416	461	15	5	40	11	30	28	10	20	52	33	41	10	46	19	25	60
ENSG00000003488	BRD723	4945	71	28	15	37	5	23	9	14	71	93	120	157	103	24	64	49
ENSG00000003489	CTNNB1	1771	16	2	44	10	14	9	4	1	29	27	6	10	49	4	11	13
ENSG00000003490	MRPL562	1900	3	0	4	5	2	5	8	1	2	1	0	0	4	0	8	2
ENSG00000003491	MAPK240	2053	0	8	6	22	0	1	2	5	1	18	5	10	6	0	2	3
ENSG00000003492	ANAPC55	1198	6	3	11	11	6	4	7	7	7	13	3	13	2	5	5	14
ENSG00000003493	FBXO690	1934	4	1	5	7	4	1	2	1	2	0	8	0	2	8	6	5
ENSG00000003494	SNX29	1694	14	0	5	2	13	7	5	5	11	7	2	13	9	0	1	1
ENSG00000003495	TIMM769	1174	136	149	41	77	32	77	36	26	197	57	17	100	26	30	41	97
ENSG00000003496	EZH733	767	267	230	221	82	209	160	279	244	272	202	324	239	373	195	131	235
ENSG00000003497	DNMT458	1322	15	8	14	19	3	2	11	1	1	6	2	10	4	2	2	8
ENSG00000003498	CHRM313	896	295	240	263	167	81	90	82	67	253	355	271	301	102	100	133	52
ENSG00000003499	PPP2R435	2040	2	0	2	0	0	0	0	0	0	2	0	0	1	0	0	2
ENSG00000003500	ZNF145	4080	0	0	2	0	0	0	0	2	2	0	0	1	0	0	0	0
ENSG00000003501	EIF856	6145	42	47	65	9	5	16	45	16	43	23	33	55	6	13	16	20
ENSG00000003502	PPP2R208	1079	1	0	5	1	2	5	3	1	0	3	0	0	0	1	0	1
ENSG00000003503	SLC16A1	3053	512	206	265	290	635	789	970	580	2504	1123	2488	1399	3599	2630	2868	6124
ENSG00000003504	ADAM874	2171	49	13	32	44	13	36	33	20	30	37	5	18	55	8	22	10
ENSG00000003505	VCL31	2130	1371	868	461	675	505	958	1105	799	982	835	1024	785	537	648	810	993
ENSG00000003506	DHX167	842	63	34	12	33	50	45	15	33	71	66	31	10	98	68	44	28
ENSG00000003507	SKP769	1660	84	117	94	56	90	59	97	66	74	58	59	47	102	20	82	120
ENSG00000003508	RNF113	2230	2	9	7	6	1	3	3	3	15	2	3	0	0	0	0	0
ENSG00000003509	GABR888	2859	9	0	9	3	1	0	16	6	6	0	0	25	1	2	4	11
ENSG00000003510	RNF638	1403	22	12	3	0	3	3	3	6	9	1	8	1	15	14	10	8
ENSG00000003511	SLC268	4535	18	92	83	110	34	22	44	64	97	41	43	20	35	18	74	70
ENSG00000003512	ADRB76	4243	688	861	646	874	775	1628	983	1177	735	667	448	413	1566	1141	1080	1073
ENSG00000003513	MRPS675	1885	67	66	134	33	18	66	74	75	89	39	48	49	70	48	68	48
ENSG00000003514	DRD489	9922	13	5	11	0	0	1	5	7	4	2	32	13	3	13	17	3
ENSG00000003515	SLC521	5711	68	79	56	72	21	34	30	61	92	15	54	57	7	14	19	23
ENSG00000003516	TIMM573	4002	6	0	2	8	0	4	15	8	0	8	1	16	5	26	24	6
ENSG00000003517	CDC572	769	184	211	290	176	343	193	114	216	128	191	91	196	202	346	153	196
ENSG00000003518	H2AF52	2234	12	8	11	10	58	76	13	3	14	11	8	16	40	28	86	41
ENSG00000003519	KIF764	3656	157	144	157	99	189	102	323	83	126	144	136	97	123	150	278	338
ENSG00000003520	EIF721	1100	4	1	1	2	2	1	0	0	2	3	1	1	1	2	1	0
ENSG00000003521	CCNB715	1339	18	33	3	6	52	30	10	4	3	11	9	22	28	27	50	19
ENSG00000003522	TLN150	2573	19	9	4	0	4	5	9	1	5	2	16	3	6	3	0	2
ENSG00000003523	UGT459	1777	2262	1062	1009	1567	882	778	1616	590	1477	907	1161	754	998	880	2201	1617
ENSG00000003524	SCN577	3080	17	17	31	13	9	29	20	24	16	31	10	30	35	30	0	19
ENSG00000003525	HEY1	1968	66	64	63	32	61	14	49	28	651	415	276	466	272	217	195	333
ENSG00000003526	ZNF301	6894	38	92	88	87	44	35	37	42	26	79	50	65	50	29	53	108
ENSG00000003527	TLN562	1060	3752	1263	1167	1169	4167	6943	5988	4337	4961	7547	4689	4278	16179	10538	10294	11012
ENSG00000003528	CUL896	1350	112	96	94	66	90	41	53	50	106	36	62	81	80	44	105	40
ENSG00000003529	ADRB822	1064	12	8	27	27	28	43	82	30	28	34	15	29	96	108	90	108
ENSG00000003530	DHX246	2111	248	407	257	335	80	95	72	134	232	472	287	286	206	80	132	182
ENSG00000003531	KIF69	1795	4	4	3	6	4	3	29	1	27	4	10	13	14	7	5	8
ENSG00000003532	SIRT406	2255	102	135	168	116	148	315	806	323	126	175	174	269	573	560	324	321
ENSG00000003533	MAPK171	2089	0	17	4	5	0	11	1	3	17	0	0	2	16	0	9	0
ENSG00000003534	UBE2536	2243	1	22	7	21	7	2	1	1	20	6	5	5	8	1	8	5
ENSG00000003535	COL684	857	349	533	503	287	80	44	205	96	320	211	217	228	176	96	121	154
ENSG00000003536	MYO336	1630	293	251	152	173	84	124	76	120	174	152	121	334	149	169	118	68
ENSG00000003537	SIRT17	5206	1349	1559	2659	1212	1274	1235	1421	1067	1909	1245	1223	879	1174	1409	1465	1981
ENSG00000003538	DRD294	1952	26	53	53	10	9	1	5	23	41	8	6	18	13	16	4	4
ENSG00000003539	MRPL846	4078	82	105	194	59	122	59	162	48	198	98	202	97	131	119	108	211
ENSG00000003540	ANAPC147	1796	1	13	0	5	1	1	2	2	0	4	1	2	8	8	2	8
ENSG00000003541	CCNB560	684	5	3	5	5	1	2	2	0	2	0	13	1	0	2	0	2
ENSG00000003542	TUBB506	3373	446	658	649	754	456	844	534	612	495	708	415	648	624	763	164	611
ENSG00000003543	PLC217	4022	200	122	157	124	121	299	329	160	200	180	150	162	214	129	249	264
ENSG00000003544	MRPL506	1865	6	0	1	7	16	8	8	0	12	10	7	0	4	1	9	14
ENSG00000003545	H2AF582	3635	2	3	4	1	1	3	5	0	1	1	0	2	3	0	6	1
ENSG00000003546	DYNC667	1461	3	5	5	0	2	3	1	6	0	1	1	2	7	17	7	4
ENSG00000003547	COPB367	2042	1	4	8	2	8	3	7	0	1	0	0	3	0	3	17	1
ENSG00000003548	MYO92	9620	10	9	1	13	28	8	14	0	8	10	0	0	4	28	11	12
ENSG00000003549	PLC229	3031	932	996	1110	905	652	760	595	682	1135	572	857	747	620	688	745	637
ENSG00000003550	ATAD844	2532	29	77	64	49	15	41	9	22	69	38	74	35	37	12	20	22
ENSG00000003551	TRIM405	2163	210	53	108	98	72	144	108	61	70	141	84	93	94	67	27	171
ENSG00000003552	TUBB178	1155	0	1	3	0	0	3	11	3	0	1	5	1	0	3	1	0
ENSG00000003553	MAPK228	3967	706	756	955	732	276	341	535	268	1165	448	886	643	544	416	498	450
ENSG00000003554	ADAM352	3411	669	589	380	720	538	528	416	504	946	498	476	352	409	715	447	432
ENSG00000003555	EIF890	9456	0	0	18	2	13	15	33	17	14	5	18	8	4	24	18	13
ENSG00000003556	MRPL259	4836	56	41	31	13	11	48	12	3	17	51	70	27	15	6	28	3
ENSG00000003557	PIK3CA	767	10	21	6	2	0	4	13	4	23	5	2	4	4	5	4	4
ENSG00000003558	USP562	1988	11	20	4	11	10	4	16	5	49	11	6	16	19	1	3	1
ENSG00000003559	CCNB179	1762	10	5	7	8	1	0	2	3	12	1	10	3	4	0	6	5
ENSG00000003560	ARID821	2554	229	399	442	303	291	208	235	251	235	502	307	395	198	101	175	234
ENSG00000003561	RAB800	1559	8	0	1	24	7	3	8	9	4	4	17	7	2	5	0	5
ENSG00000003562	MYO765	2446	136	219	168	83	61	123	93	28	137	63	44	170	79	56	75	93
ENSG00000003563	SIRT502	3898	2543	4403	3297	2451	749	1114	1402	867	2262	2428	2690	2791	1233	980	1320	1304
ENSG00000003564	TET129	5317	515	463	404	472	179	147	317	292	486	293	279	549	144	177	305	243
ENSG00000003565	CUL513	2041	32	21	11	9	15	13	42	23	31	41	24	10	36	8	11	11
ENSG00000003566	COL41	1871	2	1	2	0	1	14	23	0	10	6	2	2	1	4	2	2
ENSG00000003567	ANK820	939	93	73	59	44	33	23	68	5	39	61	76	120	29	39	32	55
ENSG00000003568	DYNC94	3895	680	1519	931	753	1030	985	1390	960	902	709	1013	672	987	795	1542	741
ENSG00000003569	MRPL215	1383	20	15	5	38	5	18	5	0	23	20	12	5	2	7	4	37
ENSG00000003570	SMO	1455	877	1040	698	615	894	815	847	1468	701	656	353	639	776	703	761	1081
ENSG00000003571	ADRB840	1607	62	85	85	75	85	68	70	71	130	51	76	93	130	68	144	121
ENSG00000003572	DYNC750	2063	2	3	8	5	3	1	0	1	1	0	1	3	0	0	5	0
ENSG00000003573	TIMM738	2389	17	4	9	9	32	26	3	20	9	26	16	25	16	15	19	6
ENSG00000003574	PTPRC	1814	12	18	7	7	55	11	23	19	23	3	14	13	8	12	18	49
ENSG00000003575	RPL652	952	8	0	1	1	3	0	1	5	0	4	2	7	3	0	2	3
ENSG00000003576	PARP1	1476	417	626	316	222	214	372	331	378	711	612	299	276	507	149	290	375
ENSG00000003577	KCN355	2880	137	134	392	76	276	234	418	123	97	160	64	165	190	124	233	279
ENSG00000003578	PRKC510	668	82	129	207	162	87	84	69	92	153	137	149	102	38	27	130	148
ENSG00000003579	CDC399	1205	20	9	19	12	25	44	41	24	45	15	79	34	35	31	63	47
ENSG00000003580	DRD376	2529	132	162	276	314	207	441	830	356	221	251	156	249	310	384	205	296
ENSG00000003581	KIF323	3333	1	34	25	16	20	42	15	24	16	50	20	37	93	11	33	22
ENSG00000003582	PLC471	2714	1	0	13	44	4	1	14	1	22	10	11	1	0	4	0	1
ENSG00000003583	VPS236	1847	106	142	105	89	58	28	48	46	111	61	66	51	71	71	52	63
ENSG00000003584	TLN597	3157	105	113	157	24	68	142	74	94	204	93	83	113	161	80	131	87
ENSG00000003585	CHRM132	1806	23	63	58	37	14	31	29	20	14	14	42	109	51	8	49	44
ENSG00000003586	SMARC629	2798	0	0	0	1	0	0	0	0	2	1	0	0	1	0	0	0
ENSG00000003587	MMP253	5897	0	2	0	0	0	0	0	0	0	3	0	0	1	1	0	2
ENSG00000003588	GNA313	2612	95	62	74	104	80	37	41	80	102	9	37	56	23	104	50	34
ENSG00000003589	VPS870	1742	149	167	155	103	134	232	237	94	140	198	137	104	108	145	150	93
ENSG00000003590	VPS805	1515	17	0	17	9	2	4	2	9	18	10	10	12	1	2	2	1
ENSG00000003591	SIRT155	4242	44	32	20	53	64	64	41	44	43	59	23	37	71	63	26	49
ENSG00000003592	DYNC164	1561	366	253	511	265	313	303	549	124	306	178	524	289	588	363	340	836
ENSG00000003593	TLN55	2727	0	3	15	11	2	7	8	3	14	1	0	8	4	4	4	11
ENSG00000003594	SIRT890	3372	67	90	168	99	57	52	75	49	182	182	209	76	52	57	135	80
ENSG00000003595	DYNC81	1727	70	24	39	37	24	48	98	34	59	95	24	71	57	21	73	60
ENSG00000003596	KCN832	1520	229	109	267	213	71	76	75	106	480	625	153	831	308	353	252	255
ENSG00000003597	PPP2R383	4226	51	51	41	72	162	79	29	88	88	27	60	111	31	23	24	26
ENSG00000003598	UGT473	2930	6	2	15	3	3	3	9	0	8	0	4	2	5	0	3	0
ENSG00000003599	RNF262	1460	7	2	1	4	12	3	0	9	2	2	1	0	4	14	0	9
ENSG00000003600	SNX12	1821	55	26	81	50	116	54	148	200	41	80	74	62	50	56	63	138
ENSG00000003601	BRD271	3222	76	91	203	45	112	105	221	85	88	87	82	122	150	118	64	203
ENSG00000003602	TLN526	827	296	280	377	242	358	298	215	151	127	245	232	157	357	244	328	207
ENSG00000003603	TMEM167	1733	21	9	21	25	42	16	128	50	26	15	20	25	29	65	18	108
ENSG00000003604	KIF316	2692	42	57	40	52	31	175	238	148	35	94	53	51	225	176	81	80
ENSG00000003605	KIF528	1133	229	180	166	124	82	57	110	92	160	75	52	198	76	88	49	188
ENSG00000003606	PXN128	3887	43	69	107	90	123	67	96	59	81	113	58	32	39	98	188	143
ENSG00000003607	TUBB278	1547	42	79	114	22	64	147	60	30	117	27	79	38	50	22	53	56
ENSG00000003608	SMARC539	1995	32	6	47	34	34	17	44	49	28	42	8	32	28	9	58	2
ENSG00000003609	CUL134	749	9	6	15	3	7	1	1	1	6	6	0	7	11	0	5	4
ENSG00000003610	TLN701	2649	358	193	262	319	120	106	271	129	322	193	245	296	175	166	301	221
ENSG00000003611	SMARC332	1697	193	221	192	62	86	50	224	167	254	93	118	202	285	252	269	195
ENSG00000003612	PRKC261	3209	44	29	28	58	13	34	88	319	28	90	23	15	92	67	135	26
ENSG00000003613	RPS288	662	0	0	0	0	0	0	0	0	1	0	1	1	0	0	0	0
ENSG00000003614	HDAC545	1452	13	1	28	4	36	0	15	46	22	13	41	7	36	65	16	1
ENSG00000003615	NFE2L2	2747	40	134	123	47	84	58	50	83	15	13	6	17	7	8	4	8
ENSG00000003616	PPP2R718	1397	355	236	197	396	168	152	122	138	127	510	215	245	118	136	128	178
ENSG00000003617	SPTB406	1316	2	3	2	3	6	5	2	14	18	2	5	7	9	8	33	2
ENSG00000003618	KCN836	3179	25	42	47	13	62	27	40	31	84	56	48	92	42	55	30	54
ENSG00000003619	SCN146	2395	9	16	1	13	6	11	14	0	24	4	0	21	1	12	13	7
ENSG00000003620	GABR398	6756	45	127	66	126	153	96	156	126	213	36	97	82	189	122	112	153
ENSG00000003621	TAGLN	1852	64	111	149	50	71	102	112	81	80	79	40	96	73	33	109	56
ENSG00000003622	COPB115	3732	655	824	778	798	672	775	1094	861	649	669	731	589	943	604	614	696
ENSG00000003623	DUSP444	3253	84	79	70	143	168	125	196	191	145	129	95	83	151	138	119	83
ENSG00000003624	ATAD535	2953	2	0	0	0	0	0	1	2	0	0	1	0	1	0	0	0
ENSG00000003625	ANK678	1305	307	81	210	324	168	173	167	170	298	120	302	212	81	122	122	259
ENSG00000003626	MRPS893	1462	0	4	20	4	1	3	0	3	21	13	9	0	2	1	1	1
ENSG00000003627	HDAC804	423	42	53	20	13	2	2	11	20	19	43	18	56	25	14	29	20
ENSG00000003628	ADRB858	1817	504	406	465	299	144	180	334	105	190	126	176	250	184	153	210	177
ENSG00000003629	SEC91	1621	279	216	305	73	230	158	115	104	207	234	143	139	84	130	149	204
ENSG00000003630	DHX333	1580	338	426	516	251	162	166	155	148	399	224	225	216	169	255	119	186
ENSG00000003631	HIST1H160	3293	3	3	3	2	0	1	0	1	1	3	1	1	1	0	1	0
ENSG00000003632	SUZ119	1922	980	698	956	581	1530	2343	1457	924	1110	941	661	915	697	1076	2011	1429
ENSG00000003633	KCN84	2009	7	0	11	2	2	8	27	13	25	5	7	18	10	13	21	5
ENSG00000003634	RELA	727	26	74	86	62	23	13	31	19	189	50	76	135	21	16	38	21
ENSG00000003635	DNMT354	1371	6	17	44	11	26	7	32	15	18	25	20	27	19	10	25	16
ENSG00000003636	RNF346	1868	19	52	22	21	80	175	96	70	46	85	59	79	44	38	86	49
ENSG00000003637	CCNB32	1840	19	16	8	18	10	6	21	20	13	35	57	9	8	5	4	9
ENSG00000003638	TIMM336	1452	38	12	9	9	9	6	5	1	26	18	6	16	6	4	10	30
ENSG00000003639	HDAC15	1656	3	2	10	21	1	1	2	2	3	9	9	4	2	0	0	0
ENSG00000003640	ACTN169	2367	1	5	3	6	0	24	6	10	1	4	1	4	1	1	1	21
ENSG00000003641	SLC686	2694	39	34	42	7	11	30	35	16	30	46	62	30	16	60	31	28
ENSG00000003642	RAB11FIP119	4432	157	67	54	28	257	215	351	107	89	49	56	282	287	236	176	328
ENSG00000003643	SUZ535	2625	69	147	112	99	94	73	47	170	270	123	19	46	136	60	259	107
ENSG00000003644	TIMM813	3057	16	52	26	22	3	14	5	35	5	2	22	32	7	9	14	26
ENSG00000003645	DHX52	1866	2	5	9	7	3	1	0	3	6	10	5	30	5	0	21	7
ENSG00000003646	GRIN438	1446	2	1	0	3	5	3	2	2	0	0	3	0	0	3	0	0
ENSG00000003647	KRT271	1644	291	359	583	114	208	349	232	407	176	134	35	106	167	137	249	135
ENSG00000003648	KIF852	1609	13	54	49	17	25	24	58	55	53	38	12	36	63	17	94	46
ENSG00000003649	DRD448	983	27	31	30	66	13	9	30	15	48	51	62	46	42	13	17	47
ENSG00000003650	SPTB271	5259	46	69	15	19	11	24	37	11	23	43	38	53	18	6	41	3
ENSG00000003651	CCNB326	2745	958	839	1102	890	318	666	184	293	1035	1116	716	1468	337	482	421	276
ENSG00000003652	PPP1R213	2318	661	438	834	503	154	125	276	183	509	741	725	389	287	188	82	247
ENSG00000003653	ABC650	1210	138	132	169	181	159	174	158	48	45	169	191	64	208	166	221	172
ENSG00000003654	SLC413	2845	5	1	0	0	0	0	0	0	0	1	0	0	0	0	0	1
ENSG00000003655	SPTB605	4044	28	36	37	61	8	29	10	22	55	52	79	80	25	31	8	37
ENSG00000003656	TET161	3825	43	20	36	42	52	36	25	67	25	14	41	27	81	32	59	90
ENSG00000003657	GNA487	4170	112	58	79	98	34	55	50	28	64	88	59	59	35	59	28	36
ENSG00000003658	TRIM14	7388	7	44	64	59	21	20	8	9	23	23	52	9	39	20	20	16
ENSG00000003659	ATAD463	1338	189	208	369	237	147	605	401	188	176	209	146	391	479	252	236	424
ENSG00000003660	SKP808	1175	141	203	209	204	127	186	126	138	363	156	223	176	112	320	281	195
ENSG00000003661	ABC613	1406	58	25	32	23	25	30	27	36	26	18	21	12	18	16	33	11
ENSG00000003662	DDX525	2942	98	89	65	166	46	26	116	100	96	71	78	39	26	73	115	99
ENSG00000003663	BRD852	2563	66	65	88	69	12	18	67	60	125	18	35	42	114	41	98	32
ENSG00000003664	EIF576	1775	9	11	23	5	13	19	28	22	11	4	9	6	57	20	29	5
ENSG00000003665	DHX478	997	49	56	80	51	217	153	310	137	94	62	33	80	270	182	227	256
ENSG00000003666	PRKC765	3209	7	5	22	19	17	19	34	3	12	10	3	2	56	32	15	18
ENSG00000003667	SUZ487	4018	42	45	35	22	103	247	281	71	37	16	18	80	143	48	260	42
ENSG00000003668	ZNF749	3369	1036	507	818	487	2243	2483	1512	1825	553	552	422	532	2071	1776	1427	1404
ENSG00000003669	BCL2	1365	544	482	571	260	244	176	330	162	360	434	400	233	152	208	304	476
ENSG00000003670	TOMM419	1895	409	279	291	264	753	829	582	900	302	169	299	294	552	519	437	529
ENSG00000003671	SLC461	2805	47	33	21	15	3	11	16	21	9	26	25	19	17	15	25	17
ENSG00000003672	ABC788	1737	127	27	28	50	58	68	24	61	35	33	21	28	53	42	55	44
ENSG00000003673	KDM613	1244	167	129	284	71	94	60	33	77	84	63	101	207	95	55	103	117
ENSG00000003674	PRKC351	2449	7	8	20	24	0	9	4	2	20	14	17	23	4	1	3	2
ENSG00000003675	CHRM482	2854	3	7	5	20	4	26	9	5	4	6	2	2	22	2	12	0
ENSG00000003676	GNA150	1304	220	139	86	155	127	28	96	54	143	134	72	48	66	86	117	98
ENSG00000003677	SEC429	3854	10	1	0	2	11	2	11	3	21	2	6	13	18	5	0	2
ENSG00000003678	DUSP137	887	509	365	433	531	105	343	312	146	409	415	249	380	342	190	133	261
ENSG00000003679	CYP420	2449	44	63	22	54	22	34	35	69	88	140	14	73	70	112	222	136
ENSG00000003680	USP198	3059	391	353	437	203	282	459	203	223	398	413	146	257	392	169	200	144
ENSG00000003681	TMEM439	2953	7	15	11	9	22	123	17	18	42	35	18	19	21	13	22	37
ENSG00000003682	ZNF316	2065	50	113	85	128	58	97	42	57	141	126	60	206	43	74	62	35
ENSG00000003683	SKP232	4151	346	232	203	264	253	308	263	185	422	359	366	243	205	204	217	412
ENSG00000003684	COPB105	2126	42	61	74	62	74	63	50	59	92	88	67	46	56	124	41	132
ENSG00000003685	GABR728	1554	1	14	15	15	7	15	14	14	7	4	7	14	22	15	11	4
ENSG00000003686	KIF845	2187	122	171	199	87	55	55	86	43	156	115	102	62	15	64	76	64
ENSG00000003687	TNF	1843	523	226	298	232	544	779	510	505	184	94	101	203	297	85	316	270
ENSG00000003688	RAB679	1310	477	336	605	192	446	197	882	553	459	537	196	399	870	1170	671	1168
ENSG00000003689	H2AF133	2591	1632	1402	1495	1561	851	974	815	501	2142	2388	1089	691	1313	828	892	626
ENSG00000003690	FBXO87	1951	471	841	641	611	536	255	501	530	556	463	523	688	676	413	560	657
ENSG00000003691	EIF159	1940	331	288	272	327	179	326	541	328	550	273	188	354	204	459	762	276
ENSG00000003692	DUSP495	706	6	8	33	11	5	2	1	4	12	14	14	29	4	8	19	4
ENSG00000003693	MRPS153	1763	4	2	10	30	9	25	23	15	2	5	5	10	12	5	1	9
ENSG00000003694	CUL680	1232	10	6	22	4	35	11	11	27	1	28	7	3	26	12	10	39
ENSG00000003695	KRT423	3711	3	0	3	0	0	0	0	0	2	2	0	1	0	2	0	0
ENSG00000003696	RAB60	2144	0	0	0	0	0	0	0	0	0	0	0	0	1	2	1	0
ENSG00000003697	ACTN122	1606	357	222	132	205	38	58	56	84	309	258	112	135	44	66	86	67
ENSG00000003698	GNA283	1794	33	8	63	8	13	13	13	12	16	10	25	5	20	19	3	6
ENSG00000003699	PXN511	2856	1	1	0	0	0	1	2	0	0	1	2	2	0	1	1	0
ENSG00000003700	DNMT80	1437	7	27	22	7	27	12	49	14	18	20	13	30	73	59	24	37
ENSG00000003701	PRKC178	5252	99	89	172	46	76	38	41	30	167	62	79	107	81	23	51	29
ENSG00000003702	HTR444	2629	4	9	10	11	9	3	20	8	13	3	10	5	1	2	20	3
ENSG00000003703	OR752	2377	6	17	18	16	13	1	1	5	27	31	2	26	9	8	5	9
ENSG00000003704	PRKC111	3510	0	0	2	0	1	1	0	1	0	0	0	0	0	3	1	0
ENSG00000003705	H2AF285	10989	0	0	1	1	1	0	1	0	3	2	0	0	2	0	0	0
ENSG00000003706	HIST1H599	1955	37	107	90	88	59	41	59	18	127	148	34	29	17	54	75	152
ENSG00000003707	TRIM687	2648	130	55	43	110	43	11	24	41	36	27	19	30	3	6	17	6
ENSG00000003708	PXN418	3822	18	168	108	81	189	178	473	288	151	61	117	92	316	189	200	266
ENSG00000003709	DYNC850	1793	118	195	185	296	168	111	167	190	234	363	166	388	106	150	102	258
ENSG00000003710	H2AF403	2398	160	99	108	128	58	83	19	45	60	219	43	123	23	27	69	74
ENSG00000003711	DYNC79	961	30	110	115	79	22	30	9	28	50	47	43	68	64	21	7	11
ENSG00000003712	USP599	2232	1	0	0	1	0	0	0	0	0	0	0	0	0	0	0	0
ENSG00000003713	UGT623	2155	5185	2295	4061	3317	4704	3379	6585	7201	5816	4071	2330	3367	5130	4192	4855	10432
ENSG00000003714	TMEM334	1346	19	71	22	35	25	21	12	18	21	18	43	32	48	8	26	36
ENSG00000003715	DRD423	1539	3	10	0	1	6	15	7	4	6	16	13	24	1	15	4	18
ENSG00000003716	CHRM462	1604	30	13	8	2	7	2	36	41	26	26	23	46	18	30	31	52
ENSG00000003717	MRPS418	3910	559	344	511	479	485	901	909	927	389	576	544	187	834	832	466	604
ENSG00000003718	ABC729	2383	6	0	3	1	1	2	7	4	10	1	2	3	1	3	0	0
ENSG00000003719	KMT28	770	51	70	21	67	29	49	44	14	109	54	55	31	52	39	41	56
ENSG00000003720	USP647	4021	77	21	43	69	32	49	103	55	77	66	75	22	132	43	106	182
ENSG00000003721	KDM507	4134	976	540	458	442	1115	1757	1819	1837	510	545	534	237	2135	1447	1465	874
ENSG00000003722	PXN99	2184	33	45	27	55	31	104	17	16	46	40	15	22	51	86	55	82
ENSG00000003723	CACN865	1993	128	331	173	268	324	493	1189	417	219	398	177	294	566	870	469	839
ENSG00000003724	ACTN711	1129	185	416	399	238	356	349	298	281	207	119	272	132	213	431	312	396
ENSG00000003725	CYP614	3128	804	529	731	438	1998	1469	1909	1596	596	401	438	1183	1624	907	1643	2242
ENSG00000003726	HIST1H894	3874	261	167	191	148	152	88	273	155	196	95	139	219	148	158	157	167
ENSG00000003727	TLN537	4196	66	180	91	68	34	38	46	47	136	40	77	38	43	34	84	38
ENSG00000003728	KMT2443	3828	4	57	8	68	25	18	43	34	29	31	27	10	7	5	8	22
ENSG00000003729	DNMT174	2758	7	12	5	4	19	31	38	3	15	22	3	15	18	10	5	5
ENSG00000003730	USP310	3819	117	152	124	212	154	135	205	59	138	95	51	90	64	71	77	204
ENSG00000003731	RPL56	1262	6	2	7	2	1	0	19	6	10	4	1	29	14	2	5	2
ENSG00000003732	MRPL114	4225	28	1	16	6	4	13	28	13	9	5	4	4	4	13	7	19
ENSG00000003733	FBXO121	2372	8	4	0	10	15	7	7	4	6	1	4	4	5	2	0	1
ENSG00000003734	RHO82	1349	8	6	6	13	3	1	5	1	21	1	3	8	8	1	2	20
ENSG00000003735	PPP2R659	2703	169	99	78	109	59	32	23	28	207	190	231	191	78	48	50	151
ENSG00000003736	TLN23	2243	4	15	27	0	11	20	13	3	2	13	6	19	16	2	11	7
ENSG00000003737	GNA251	1113	1	1	2	0	0	0	2	0	0	1	0	1	4	3	0	2
ENSG00000003738	PXN866	1915	214	220	155	293	111	102	211	80	135	309	88	294	282	146	229	213
ENSG00000003739	SKP318	1274	2	0	1	1	0	3	0	1	0	0	0	0	1	1	0	0
ENSG00000003740	SNAI1	1479	12	6	7	11	2	6	13	17	38	26	39	18	4	11	5	0
ENSG00000003741	GRIN829	2690	20	41	35	26	61	34	28	23	30	43	36	70	26	56	39	10
ENSG00000003742	CUL111	1081	821	645	1106	761	2849	1296	2165	2411	1056	599	682	502	1900	2312	1640	2565
ENSG00000003743	ACTN840	787	623	338	297	218	420	302	372	260	379	225	327	176	407	252	361	336
ENSG00000003744	ATAD50	631	64	38	19	64	57	27	18	33	15	54	20	25	20	19	20	12
ENSG00000003745	ARID641	1048	745	804	578	366	543	573	536	494	646	290	502	566	610	443	433	496
ENSG00000003746	HIST1H782	1725	123	147	120	66	42	82	68	32	89	116	188	171	21	67	42	61
ENSG00000003747	TLN29	1895	5	5	9	27	5	22	14	1	29	11	36	11	12	17	13	14
ENSG00000003748	OR43	1730	1	4	1	1	3	8	1	2	1	1	0	0	3	0	0	2
ENSG00000003749	CDK6	1138	66	32	73	53	25	21	40	22	200	21	236	438	157	102	26	251
ENSG00000003750	KRT381	2171	7	8	25	11	6	1	22	16	12	15	11	12	24	19	15	29
ENSG00000003751	SCN201	2131	98	107	143	103	54	16	76	80	105	85	67	67	71	37	55	88
ENSG00000003752	SIRT637	1789	4	2	0	0	1	1	0	1	0	0	0	1	0	0	0	0
ENSG00000003753	MRPS489	2441	3	4	2	11	1	3	5	1	4	7	0	2	10	11	18	13
ENSG00000003754	TUBB408	1688	197	442	402	189	200	437	388	231	209	372	263	315	136	282	150	366
ENSG00000003755	ACTN631	1715	245	92	128	199	107	52	70	167	62	155	126	68	70	71	83	179
ENSG00000003756	RPL41	3087	20369	27668	25378	32445	19442	12827	33423	29212	36338	40829	19366	30280	23466	12104	26700	17710
ENSG00000003757	VPS10	1304	1219	647	920	725	1328	2096	992	1590	1591	664	1148	1364	1545	1937	2118	818
ENSG00000003758	KDM293	6386	44	22	120	30	47	15	56	99	81	83	18	98	62	18	21	52
ENSG00000003759	KIF871	907	0	3	3	3	7	0	0	4	4	9	13	8	3	1	10	0
ENSG00000003760	UBE2676	714	16	18	11	28	15	14	27	1	22	12	54	36	25	16	7	13
ENSG00000003761	HIST1H563	1839	106	190	158	143	154	85	93	111	149	63	69	103	75	138	137	60
ENSG00000003762	ARF866	2653	145	172	84	255	43	46	49	66	218	236	87	200	75	35	52	59
ENSG00000003763	ADRB363	3733	117	114	97	25	55	111	62	143	120	114	135	111	96	44	81	85
ENSG00000003764	EIF4E	635	16	0	1	16	12	16	1	11	3	3	3	2	5	18	2	2
ENSG00000003765	KRT753	1370	0	1	0	0	0	1	0	0	1	3	0	1	0	0	0	0
ENSG00000003766	TIMM401	3765	9	18	16	0	2	0	3	1	3	10	2	2	5	7	5	1
ENSG00000003767	RHO242	1074	18	72	44	27	25	3	18	10	4	12	22	18	11	8	14	8
ENSG00000003768	KRT228	1743	113	135	120	100	10	10	8	30	88	75	273	53	43	23	26	10
ENSG00000003769	KCN866	2125	170	235	146	147	292	194	198	229	280	139	138	249	300	92	195	218
ENSG00000003770	RNF680	778	39	14	18	23	7	15	3	1	8	4	14	25	2	9	7	11
ENSG00000003771	CUL746	2056	83	112	106	156	106	229	152	81	194	163	52	151	80	63	135	153
ENSG00000003772	DRD686	1543	606	305	208	240	242	540	613	382	535	593	367	472	476	556	413	401
ENSG00000003773	PPP1R432	2933	5	30	28	2	10	38	35	10	31	15	5	9	9	1	13	6
ENSG00000003774	COL470	2556	7	97	22	19	23	71	42	39	21	83	10	55	28	46	66	16
ENSG00000003775	UBE2497	977	95	113	222	150	60	18	27	80	125	40	34	68	29	45	107	77
ENSG00000003776	TLN163	1544	16	4	16	2	1	13	9	3	11	10	21	13	24	6	3	14
ENSG00000003777	GRIN863	1541	3	2	3	1	1	8	1	5	2	0	3	14	17	2	20	3
ENSG00000003778	KIF215	4581	145	53	86	119	69	38	32	14	47	31	45	122	54	33	21	68
ENSG00000003779	UBE2238	660	1	5	3	1	0	1	0	0	0	1	1	1	0	0	0	1
ENSG00000003780	DNMT82	2705	186	144	245	295	696	885	379	263	217	226	189	112	989	758	639	761
ENSG00000003781	UBE2406	3230	18	7	3	13	1	5	8	5	31	20	11	16	22	8	3	5
ENSG00000003782	ANK631	1581	21	66	37	107	23	12	31	16	117	37	63	58	60	9	49	31
ENSG00000003783	ARF230	2426	23	4	22	10	22	5	3	1	21	40	4	2	2	2	1	1
ENSG00000003784	SIRT104	5082	1	4	17	1	7	0	1	9	6	22	15	10	3	20	2	15
ENSG00000003785	UBE218	2695	13	27	15	13	6	5	19	11	10	9	16	21	33	9	14	20
ENSG00000003786	TLN418	2109	87	127	81	80	51	43	73	67	110	67	17	71	57	22	80	45
ENSG00000003787	RPS560	1625	38	45	19	17	6	9	12	12	44	31	22	75	5	8	6	10
ENSG00000003788	MMP105	1570	51	35	16	57	52	55	27	104	50	31	19	6	38	48	103	21
ENSG00000003789	ATAD32	1017	1	0	0	0	0	0	0	0	0	0	1	0	0	2	0	0
ENSG00000003790	VCL529	702	2	7	8	28	3	2	3	9	6	10	0	5	6	5	17	5
ENSG00000003791	RNF85	1214	9	16	14	4	5	11	6	4	8	4	3	21	1	1	4	3
ENSG00000003792	ARID367	2406	1	0	0	0	1	1	0	1	0	0	3	0	0	0	0	1
ENSG00000003793	SUZ859	1774	87	17	103	81	36	81	63	86	141	62	29	60	57	61	62	114
ENSG00000003794	STAT3	2499	36	40	27	67	108	71	48	28	23	59	17	11	63	53	41	26
ENSG00000003795	SMARC534	3664	225	308	225	204	954	514	1338	633	372	123	71	194	518	716	699	410
ENSG00000003796	COPB125	4176	278	134	107	277	258	465	323	227	199	142	107	197	304	358	234	394
ENSG00000003797	TUBB213	1379	41	6	34	27	22	31	7	8	8	13	7	9	15	7	37	17
ENSG00000003798	GABR347	1692	4	0	4	26	16	37	4	16	29	9	5	3	4	56	28	7
ENSG00000003799	THBS1	1650	31	14	21	28	37	107	33	24	5	13	7	4	8	3	13	5
ENSG00000003800	RPS297	4908	300	205	338	145	223	523	192	258	227	233	212	218	89	161	303	146
ENSG00000003801	SEC496	2874	11	13	14	11	0	3	3	3	20	2	0	7	8	0	1	2
ENSG00000003802	PXN532	2776	56	33	33	68	12	15	9	4	18	23	39	20	20	7	37	11
ENSG00000003803	KDM214	1350	550	300	535	262	263	409	419	363	391	425	324	415	477	426	183	543
ENSG00000003804	VPS841	1469	7	7	52	21	3	2	6	8	55	3	2	6	7	3	7	5
ENSG00000003805	RPL18	1702	2	4	33	10	1	9	10	32	5	7	8	2	23	3	2	35
ENSG00000003806	TMEM344	2973	12	35	9	1	73	111	30	19	30	11	12	15	42	56	25	27
ENSG00000003807	VPS287	2345	1	2	26	15	3	2	0	0	15	10	1	9	0	3	3	1
ENSG00000003808	ARID21	1281	180	107	179	134	72	87	80	85	204	160	105	138	105	75	120	143
ENSG00000003809	GABR653	3539	1941	1742	3525	2489	338	699	971	690	2504	2162	2874	1465	815	533	1070	1059
ENSG00000003810	SMARC21	2671	71	67	57	34	35	95	99	38	11	69	20	40	203	42	71	72
ENSG00000003811	TLN394	6256	8	9	13	9	10	11	8	7	4	6	8	11	35	2	21	67
ENSG00000003812	TRIM210	853	72	70	136	72	236	338	265	327	260	100	147	148	452	216	651	329
ENSG00000003813	CACN726	1680	33	1	18	13	32	19	35	7	8	14	1	4	50	24	2	50
ENSG00000003814	GRIN119	1339	49	62	48	61	90	36	18	54	49	28	21	47	30	42	50	44
ENSG00000003815	ANK713	2384	0	2	1	8	11	0	3	6	0	1	14	6	2	2	2	5
ENSG00000003816	MSH2	3130	194	75	133	104	795	353	258	327	670	478	542	388	1053	1069	1178	1012
ENSG00000003817	CDC308	1064	53	158	102	82	12	39	17	31	144	79	39	109	61	30	14	32
ENSG00000003818	GNA346	2533	16	12	31	4	4	8	2	3	11	6	12	4	15	3	1	3
ENSG00000003819	SMARC399	2184	83	76	155	130	127	247	302	153	123	89	66	175	181	108	359	165
ENSG00000003820	SNX262	3496	17	16	4	14	11	18	25	7	26	4	13	9	4	6	14	3
ENSG00000003821	HIST1H654	1427	86	250	114	115	34	43	22	30	163	116	105	55	26	30	39	32
ENSG00000003822	TET820	2138	136	164	107	46	87	193	104	101	169	54	26	110	155	130	100	216
ENSG00000003823	PXN37	1424	65	47	79	86	41	102	46	181	95	53	131	53	66	129	121	102
ENSG00000003824	TMEM761	1869	1	0	0	0	1	0	3	1	7	1	2	2	3	0	3	4
ENSG00000003825	TOMM2	1081	608	1215	989	1168	621	614	665	728	1014	833	905	855	617	448	926	1075
ENSG00000003826	UBE2551	1998	1967	2789	3535	2093	1571	1886	3544	3120	2157	1601	2251	1930	891	1313	2473	1419
ENSG00000003827	BAX	3877	9	2	2	2	0	2	1	0	3	0	6	2	0	0	0	5
ENSG00000003828	HTR310	5351	0	1	0	0	6	0	1	4	4	0	0	2	0	0	1	0
ENSG00000003829	MMP767	1522	11	21	31	1	5	15	8	15	38	16	6	5	13	42	3	7
ENSG00000003830	BAK1	2685	20	9	34	37	16	7	3	17	2	20	12	10	32	5	8	3
ENSG00000003831	H2AF175	1485	0	4	8	2	3	0	0	0	1	1	0	1	6	1	0	4
ENSG00000003832	GSR	5359	27	33	10	11	21	14	15	47	210	525	160	462	566	254	140	256
ENSG00000003833	MMP749	5741	34	52	23	36	46	34	92	31	15	43	120	55	39	56	45	66
ENSG00000003834	FBXO65	2169	22	37	13	7	41	16	46	11	41	51	25	98	6	10	8	48
ENSG00000003835	TLN290	1954	259	307	140	250	278	294	407	257	279	194	330	312	227	199	256	151
ENSG00000003836	HIST1H347	995	2	2	0	3	4	4	3	0	0	2	1	7	3	1	0	3
ENSG00000003837	MYO99	1920	9	13	3	0	0	1	3	2	8	0	1	3	2	1	0	7
ENSG00000003838	KRT120	2262	1	5	2	1	0	0	0	1	0	0	4	0	1	0	0	0
ENSG00000003839	TMEM515	1082	1	3	1	1	6	19	4	7	1	9	2	5	4	1	0	11
ENSG00000003840	HTR127	1416	68	108	108	147	80	147	102	138	57	94	97	91	157	170	166	97
ENSG00000003841	MAPK25	1011	3	2	5	4	0	1	7	2	6	1	1	0	0	0	5	2
ENSG00000003842	MRPL474	2829	281	222	292	445	189	171	246	184	120	51	81	31	57	67	57	149
ENSG00000003843	EZH772	1355	6	2	11	1	4	20	17	33	26	30	2	9	6	10	6	13
ENSG00000003844	TUBB508	4982	4	17	16	7	6	26	8	10	3	13	13	9	9	0	10	4
ENSG00000003845	MAPK638	5495	58	70	49	111	51	46	52	74	79	75	47	61	107	81	103	195
ENSG00000003846	SCN592	3048	1388	380	555	1093	520	391	419	594	1361	756	571	728	640	321	473	507
ENSG00000003847	FBXO744	2149	188	127	257	93	147	56	151	305	182	61	70	71	233	136	154	367
ENSG00000003848	KIF676	1319	1	17	4	18	2	10	7	2	12	7	17	11	0	3	8	1
ENSG00000003849	RAB11FIP304	1359	81	44	20	62	31	38	12	39	19	46	55	9	45	12	92	4
ENSG00000003850	ANK320	2680	122	77	182	158	61	61	10	33	277	405	167	213	180	57	139	145
ENSG00000003851	DYNC651	2458	20	24	45	6	17	15	6	9	26	20	19	37	2	13	8	5
ENSG00000003852	CDC634	1592	3	0	0	0	1	0	0	1	0	5	2	0	1	0	1	0
ENSG00000003853	RPS378	1474	29	107	28	17	26	61	76	18	18	22	8	34	19	42	17	32
ENSG00000003854	TIMM122	1420	51	34	22	24	181	23	17	14	22	77	16	46	46	68	28	16
ENSG00000003855	PPP2R112	772	114	94	78	55	60	34	28	38	83	23	29	52	55	25	43	20
ENSG00000003856	ANK487	2307	13	18	12	29	25	41	21	82	23	35	20	41	22	39	16	60
ENSG00000003857	GABR684	2594	14	32	16	23	14	8	8	9	22	22	50	42	22	23	57	18
ENSG00000003858	SLC283	3494	463	587	331	297	158	186	232	248	596	432	237	575	253	226	133	322
ENSG00000003859	SIRT238	1476	31	87	174	124	25	53	27	41	107	53	74	36	53	41	56	25
ENSG00000003860	RPS147	1289	0	0	0	1	0	0	1	0	0	0	0	0	0	1	1	1
ENSG00000003861	BRD173	2943	2	1	1	2	2	1	1	2	0	1	0	2	0	0	0	2
ENSG00000003862	ACTN736	2715	47	9	22	31	7	11	4	13	28	17	19	10	5	4	12	9
ENSG00000003863	DDX887	1334	173	231	210	85	71	117	109	56	108	151	185	120	85	83	50	46
ENSG00000003864	GRIN642	2698	7	21	42	20	7	2	29	36	37	28	9	36	17	34	38	27
ENSG00000003865	PPP1R305	725	207	456	367	352	685	383	509	186	391	285	368	250	318	350	319	281
ENSG00000003866	ARID253	1882	11	38	56	56	78	37	77	88	42	93	91	84	99	10	36	70
ENSG00000003867	HIST1H113	2530	10	21	9	1	3	3	3	2	4	8	7	24	7	2	4	5
ENSG00000003868	RNF284	5820	15	10	22	6	51	8	8	31	4	22	6	26	8	16	31	11
ENSG00000003869	MAPK529	1844	9	25	0	2	5	15	10	5	12	2	10	25	2	1	19	6
ENSG00000003870	RAB686	1391	53	39	24	23	16	48	61	31	47	11	28	31	30	32	19	12
ENSG00000003871	DDX115	2060	55	96	133	75	105	45	12	95	84	150	51	47	85	184	78	188
ENSG00000003872	SUZ312	2851	5	6	5	1	0	1	4	1	6	8	4	9	2	0	1	9
ENSG00000003873	SIRT713	1398	5	1	8	4	0	2	10	0	5	5	3	9	0	2	6	3
ENSG00000003874	EIF296	1060	10	1	7	3	0	1	0	1	0	11	0	3	0	0	1	0
ENSG00000003875	HTR163	1784	45	41	94	62	118	66	201	146	69	50	102	75	303	141	102	188
ENSG00000003876	KRT14	1292	8	2	5	8	16	40	32	9	7	11	7	32	16	11	12	6
ENSG00000003877	RPL404	1020	2	10	16	26	7	17	17	2	28	3	11	12	21	26	14	11
ENSG00000003878	TLN705	665	5	24	21	4	26	2	11	23	20	38	5	6	1	10	4	12
ENSG00000003879	RAB11FIP110	2502	1	0	1	0	0	0	0	3	1	0	1	0	0	2	0	0
ENSG00000003880	PRDX1	2817	0	6	3	14	9	5	1	2	7	5	4	0	9	7	1	10
ENSG00000003881	HIST1H365	5133	126	159	114	122	59	93	74	59	266	67	176	54	104	81	54	62
ENSG00000003882	BRCA2	842	175	198	144	98	90	70	97	78	778	462	667	654	360	736	362	584
ENSG00000003883	RAB240	489	265	253	441	327	955	962	681	339	269	162	386	430	303	240	554	386
ENSG00000003884	EZH486	2236	219	222	128	132	335	292	140	127	202	141	54	147	173	220	412	216
ENSG00000003885	KRT870	1485	1	1	5	2	5	6	14	3	2	4	4	3	4	0	3	0
ENSG00000003886	PXN206	2054	9	18	10	5	10	8	11	5	5	0	27	2	26	8	12	2
ENSG00000003887	MMP592	3689	39	6	32	15	27	61	8	43	47	24	43	49	42	7	26	36
ENSG00000003888	MT-CO3	1024	36030	27197	19918	21855	28676	26491	31240	62956	42839	30658	25916	23031	33385	52694	61066	38257
ENSG00000003889	PPP1R680	5722	123	85	47	33	44	24	87	38	79	81	35	78	49	41	30	70
ENSG00000003890	RPS387	4523	171	134	181	246	79	281	158	164	94	243	303	117	190	179	151	160
ENSG00000003891	ACTN269	2258	42	118	157	52	88	111	53	19	53	55	33	94	105	22	34	39
ENSG00000003892	HTR439	1128	19	32	21	109	43	45	18	73	16	38	1	48	28	42	30	31
ENSG00000003893	ADRB356	1618	85	91	60	94	168	89	67	127	79	55	73	47	34	127	77	106
ENSG00000003894	EIF522	2574	52	56	102	46	11	26	11	49	43	82	23	95	26	9	27	37
ENSG00000003895	TIMM784	2771	599	603	821	536	545	523	449	259	1009	806	527	567	713	410	615	873
ENSG00000003896	VCL595	2619	1	1	1	8	1	3	10	2	4	0	2	3	1	2	3	23
ENSG00000003897	TLN303	760	83	106	132	172	218	160	34	61	197	96	168	267	164	65	66	68
ENSG00000003898	ZNF74	2706	1	0	3	1	4	1	0	2	0	0	2	2	4	0	0	7
ENSG00000003899	OR278	1773	1	0	3	0	2	1	0	1	2	2	1	0	1	1	1	0
ENSG00000003900	ADRB164	1821	417	739	495	305	270	278	384	240	765	325	445	432	217	257	233	266
ENSG00000003901	SLC212	1493	256	215	368	202	234	242	417	147	330	123	178	253	334	353	475	259
ENSG00000003902	CUL666	1332	3	5	23	22	6	3	15	2	16	37	13	1	4	5	8	13
ENSG00000003903	UQCRC1	1851	404	776	282	657	130	282	461	250	94	85	59	34	67	75	17	85
ENSG00000003904	EZH307	2051	2	2	2	2	0	2	0	1	3	1	1	7	0	0	1	0
ENSG00000003905	CDC273	2886	446	477	323	621	213	401	366	269	453	319	388	462	244	512	217	339
ENSG00000003906	GABR623	1616	169	230	131	42	543	390	326	255	140	162	142	59	139	76	171	178
ENSG00000003907	DNMT875	3915	2	19	3	12	11	58	23	7	36	0	29	22	19	3	1	5
ENSG00000003908	ZNF557	1593	322	104	265	312	191	195	399	179	430	227	282	350	166	164	388	297
ENSG00000003909	HIST1H29	1723	3	7	10	8	12	15	2	5	4	1	0	3	6	1	17	13
ENSG00000003910	TET485	934	250	173	132	144	99	100	144	139	207	152	138	65	61	146	132	270
ENSG00000003911	ZNF273	2250	9	24	22	21	8	0	15	20	1	31	7	49	13	12	5	3
ENSG00000003912	ANAPC317	2344	4	2	12	2	14	11	9	4	8	5	1	15	4	10	5	10
ENSG00000003913	SKP595	2925	62	29	64	31	73	130	33	88	82	32	77	42	34	49	109	46
ENSG00000003914	RPLP0	4436	8879	9427	15563	11597	16551	9562	24300	13119	7632	11067	8138	9319	17060	13894	14692	16326
ENSG00000003915	SUZ382	910	0	5	0	2	2	0	0	0	2	0	0	0	0	3	0	0
ENSG00000003916	ARID651	2100	12	24	16	47	84	11	18	10	28	15	35	20	17	29	23	14
ENSG00000003917	MAPK107	1647	2011	2144	1375	1346	720	903	721	776	1697	1866	1281	1086	531	313	572	1226
ENSG00000003918	TOMM365	1501	16	21	24	22	14	4	11	3	55	30	13	42	18	1	22	10
ENSG00000003919	OR102	1211	14	1	28	2	12	18	7	6	1	1	4	7	27	22	21	6
ENSG00000003920	H2AF353	2766	139	31	135	9	143	58	154	201	229	83	50	131	124	93	48	210
ENSG00000003921	PPP1R7	888	500	914	510	689	175	336	411	478	643	683	523	548	259	345	412	407
ENSG00000003922	KDM898	2996	0	1	0	6	4	9	19	15	3	5	3	4	9	5	2	2
ENSG00000003923	PLC824	3800	144	48	198	149	46	21	30	45	126	91	77	164	63	50	62	134
ENSG00000003924	JAK1	1344	75	113	279	115	74	66	62	122	21	63	22	23	23	3	9	8
ENSG00000003925	PRKC651	1547	0	0	2	4	1	1	3	0	2	0	1	3	1	9	2	6
ENSG00000003926	CHRM453	1531	420	157	176	368	421	719	454	682	383	181	308	158	900	346	634	372
ENSG00000003927	SCN855	3435	6	1	3	1	2	7	14	3	7	18	6	9	3	4	0	9
ENSG00000003928	SCN802	2186	8	27	29	31	2	21	33	21	13	80	28	31	17	39	36	45
ENSG00000003929	DRD615	2831	81	98	203	108	305	224	260	301	298	170	118	108	222	352	290	482
ENSG00000003930	CD68	2401	37	36	59	12	10	5	42	3	9	4	21	28	28	12	17	2
ENSG00000003931	RAB4	990	1364	557	1050	834	547	681	747	248	1342	919	649	516	648	605	717	749
ENSG00000003932	DNMT246	1923	4	25	5	6	5	6	2	2	3	0	1	9	6	4	5	13
ENSG00000003933	RPL46	2568	2	4	22	7	2	11	12	5	3	9	9	3	2	6	5	28
ENSG00000003934	OR363	1976	48	21	22	45	19	15	56	18	56	91	40	21	19	36	17	43
ENSG00000003935	ARF463	3193	41	19	19	66	12	7	9	8	23	11	6	3	5	5	31	9
ENSG00000003936	MRPL299	2813	35	55	52	92	105	96	114	65	37	67	18	59	60	38	178	48
ENSG00000003937	TLN469	4431	9	8	13	41	22	9	7	10	22	7	4	37	25	5	5	12
ENSG00000003938	CCNB111	1680	0	9	7	2	27	18	0	8	16	35	8	1	3	1	13	1
ENSG00000003939	SUZ52	1774	8	1	8	5	3	20	20	5	0	5	3	0	8	1	5	10
ENSG00000003940	PPP1R466	4472	140	62	323	138	97	72	60	75	169	102	169	147	72	144	161	70
ENSG00000003941	GNA548	1269	8	31	6	6	3	8	37	4	29	6	0	5	18	5	1	2
ENSG00000003942	GNA543	3102	1	3	0	4	4	13	6	1	7	18	18	16	4	4	4	1
ENSG00000003943	VPS440	3868	8	0	11	4	18	6	4	6	6	6	7	12	6	0	22	4
ENSG00000003944	DUSP33	3115	7	0	9	1	4	26	23	6	7	27	12	3	14	2	15	8
ENSG00000003945	SPTB608	3623	1	0	0	3	2	13	3	2	0	1	2	0	2	4	1	0
ENSG00000003946	KCN128	2379	4	1	4	3	1	4	1	0	10	1	5	5	1	4	0	2
ENSG00000003947	VCL602	4395	60	142	126	71	231	231	158	365	108	92	67	139	193	79	133	93
ENSG00000003948	ANK167	2631	472	181	256	233	196	171	267	252	219	158	288	99	190	287	255	150
ENSG00000003949	ADAM96	2222	113	82	52	34	44	81	110	67	31	65	94	80	91	32	85	72
ENSG00000003950	VCL708	1867	7	1	1	0	3	0	2	0	3	3	1	3	5	2	5	2
ENSG00000003951	RAB22	2471	726	575	864	679	334	331	333	256	654	1050	607	869	244	230	302	342
ENSG00000003952	TET86	1158	53	73	36	72	41	44	48	40	43	36	73	36	36	26	44	16
ENSG00000003953	GRIN848	1463	161	81	147	47	82	177	122	240	133	76	46	180	100	137	174	257
ENSG00000003954	SKP762	1814	14	2	0	9	6	12	7	7	4	21	6	11	4	0	15	2
ENSG00000003955	PLC505	2981	95	46	52	41	14	30	27	26	190	109	110	94	123	28	50	46
ENSG00000003956	MRPL618	3155	226	123	120	233	131	165	227	146	77	135	213	191	226	150	234	230
ENSG00000003957	HDAC567	2126	282	438	495	425	340	187	195	154	283	226	176	463	136	83	146	204
ENSG00000003958	SUZ68	1739	379	183	586	273	204	398	316	198	272	472	558	172	295	211	353	595
ENSG00000003959	PXN400	2616	10	6	45	15	23	10	2	17	6	42	14	2	11	6	15	23
ENSG00000003960	KRT689	1877	10	13	7	5	1	2	1	13	3	2	8	18	5	10	2	12
ENSG00000003961	CDC494	1443	48	129	102	19	38	123	32	53	100	85	55	53	57	72	130	91
ENSG00000003962	SPTB23	840	103	78	161	47	31	43	55	44	101	26	103	105	73	18	107	35
ENSG00000003963	TLN728	3563	7	5	2	1	1	7	0	6	0	1	1	0	5	2	3	2
ENSG00000003964	KCN318	4231	143	146	128	77	128	272	173	66	167	147	94	159	158	215	200	295
ENSG00000003965	SLC689	6474	11	7	9	10	0	0	0	7	6	0	5	0	2	3	4	9
ENSG00000003966	ACTN763	5139	13	20	9	56	2	3	6	1	5	2	42	0	0	1	4	5
ENSG00000003967	SMARC850	1766	24	12	35	19	29	14	33	15	37	8	17	11	32	46	14	24
ENSG00000003968	DYNC235	3437	260	568	680	990	1933	3021	2031	1591	1401	880	707	770	1780	1512	2090	2631
ENSG00000003969	ADAM899	752	1	15	6	2	2	0	11	9	17	2	8	8	15	7	2	0
ENSG00000003970	TUBB512	978	15683	11504	6076	6758	9594	9863	18568	13304	6577	7785	6954	10788	5752	10955	14553	6630
ENSG00000003971	RPL336	2265	192	344	488	492	293	124	168	586	1042	341	351	431	292	221	372	449
ENSG00000003972	SKP251	1536	0	4	0	0	3	1	2	0	4	6	3	0	2	2	1	2
ENSG00000003973	HTR506	4440	77	35	79	67	25	97	115	14	58	57	89	72	47	80	66	67
ENSG00000003974	RPS102	946	10	4	6	4	11	22	8	19	38	37	4	51	9	6	0	18
ENSG00000003975	PLC264	1521	24	38	135	49	90	235	75	24	64	37	34	57	50	63	101	85
ENSG00000003976	GRIN485	2630	0	11	9	1	2	3	0	9	4	4	9	6	10	8	12	0
ENSG00000003977	SEC845	3325	22	75	62	32	11	48	21	51	127	47	41	16	39	11	21	22
ENSG00000003978	KCN873	1385	279	515	186	299	297	143	146	210	519	376	161	302	244	94	234	263
ENSG00000003979	CYP336	1419	114	180	49	26	53	93	86	29	56	73	25	61	8	63	54	103
ENSG00000003980	CCNB471	935	5	20	41	39	20	21	19	5	13	6	48	31	13	27	10	11
ENSG00000003981	TOMM97	3466	61	46	51	25	36	51	25	36	61	33	40	33	39	28	23	39
ENSG00000003982	TRIM619	1829	33	81	156	32	25	44	30	64	53	56	3	120	35	40	41	92
ENSG00000003983	RNF288	1280	30	4	70	19	12	21	19	19	21	41	10	42	63	29	24	63
ENSG00000003984	CCNB521	1104	1	7	7	0	2	2	0	3	3	7	8	2	12	0	5	1
ENSG00000003985	SIRT501	3093	58	40	62	51	41	81	56	50	52	42	58	51	85	29	67	53
ENSG00000003986	SEC256	1259	85	213	293	215	206	171	553	298	280	120	270	441	468	298	469	273
ENSG00000003987	SUZ224	1008	1	14	9	9	0	7	4	2	19	1	11	12	0	9	9	0
ENSG00000003988	DDX402	1978	0	0	17	12	0	9	1	2	1	1	1	6	1	0	3	0
ENSG00000003989	KMT2322	2923	11	45	39	23	9	27	7	5	47	34	38	13	5	7	8	20
ENSG00000003990	OR485	1725	75	100	146	169	100	110	182	147	280	143	177	78	167	129	249	130
ENSG00000003991	ATAD808	5456	491	698	862	304	290	476	698	492	577	361	457	545	533	386	606	270
ENSG00000003992	SPTB322	3092	30	8	27	5	19	6	5	21	35	0	9	27	5	3	9	6
ENSG00000003993	VPS501	1558	105	29	36	63	94	102	38	20	95	22	85	23	17	17	37	51
ENSG00000003994	RAB11FIP235	1552	4835	7450	5839	4557	4588	4313	3703	4004	5731	4221	3856	3714	4270	2900	9816	5387
ENSG00000003995	KRT534	1189	368	316	737	338	235	508	532	252	622	335	442	711	360	93	476	711
ENSG00000003996	ANAPC752	2158	6	18	53	35	7	26	25	42	26	23	19	58	17	24	8	18
ENSG00000003997	DRD76	906	349	488	543	279	443	484	410	313	446	281	203	492	365	437	536	699
ENSG00000003998	RAB842	5149	110	172	134	78	73	35	51	66	66	69	127	212	86	63	69	27
ENSG00000003999	GRIN350	1769	8	23	0	23	17	3	6	9	5	27	4	3	0	0	7	9
ENSG00000004000	ACTN71	9199	12	13	8	19	94	11	111	18	3	18	0	44	26	160	76	121
ENSG00000004001	ADAM537	1353	23	53	10	8	12	26	34	24	29	19	22	13	43	9	48	6
ENSG00000004002	CUL260	1318	274	151	155	392	184	127	76	146	240	257	188	223	200	233	110	256
ENSG00000004003	SCN575	1565	97	189	121	131	99	124	222	169	338	107	140	115	296	196	183	126
ENSG00000004004	RNF239	3485	0	5	0	3	2	1	6	0	5	10	2	0	6	2	3	4
ENSG00000004005	ADRB274	2199	63	60	67	75	89	141	190	72	169	199	71	36	222	122	130	159
ENSG00000004006	SLC33	2532	692	607	619	499	293	398	360	499	830	692	850	1008	264	505	298	642
ENSG00000004007	ADAM408	1786	35	11	35	13	4	12	21	4	29	15	4	3	14	9	10	13
ENSG00000004008	ANAPC578	1483	18	10	4	13	5	2	10	5	5	10	29	24	6	0	1	22
ENSG00000004009	MRPS476	1775	52	36	13	25	22	18	19	25	23	33	17	40	138	26	98	107
ENSG00000004010	SUZ419	3377	393	423	173	132	436	305	663	254	243	159	162	204	836	211	752	569
ENSG00000004011	KMT2871	2400	53	48	81	51	55	109	91	91	35	73	66	142	70	43	187	109
ENSG00000004012	CACN767	1798	281	208	358	370	401	292	445	742	324	213	239	386	644	630	478	537
ENSG00000004013	RPS395	6240	21	12	11	41	12	5	14	4	21	20	6	19	7	11	15	12
ENSG00000004014	DYNC247	1381	106	20	92	18	22	19	37	6	64	29	71	42	22	28	11	17
ENSG00000004015	TUBB748	1349	47	58	76	52	89	175	148	72	24	41	29	60	111	55	272	396
ENSG00000004016	ZNF369	1692	46	66	27	29	6	66	58	25	41	19	44	48	74	41	43	55
ENSG00000004017	VPS603	3012	78	135	233	106	316	371	210	370	232	146	145	193	223	372	226	204
ENSG00000004018	SUZ646	3426	25	25	31	50	20	16	41	35	67	70	8	36	13	33	1	71
ENSG00000004019	CCNB72	3064	1	2	2	8	1	1	3	3	11	8	9	4	3	2	8	11
ENSG00000004020	TMEM878	534	5	12	23	31	35	9	41	32	46	53	15	11	13	12	23	14
ENSG00000004021	MMP2	4095	11	22	13	7	4	11	6	8	21	28	24	13	8	3	19	22
ENSG00000004022	EZH804	2075	14	29	19	11	8	12	5	4	14	5	5	15	14	7	5	1
ENSG00000004023	SNX412	1918	71	70	64	55	37	61	50	68	52	13	52	37	29	27	44	65
ENSG00000004024	H2AF231	2713	16	21	27	5	1	0	4	4	25	7	12	35	5	4	9	13
ENSG00000004025	COPB151	2818	44	101	96	121	3	10	8	19	147	73	31	69	32	43	13	8
ENSG00000004026	KIF197	6187	12	28	3	13	22	28	21	60	11	43	26	16	47	13	32	101
ENSG00000004027	KCN882	2815	22	25	16	7	4	3	14	10	20	10	21	12	15	10	13	17
ENSG00000004028	USP762	1010	230	107	121	109	166	236	212	121	210	137	342	280	98	167	80	300
ENSG00000004029	DDX80	2890	0	16	28	7	45	17	26	8	21	10	7	1	23	12	13	39
ENSG00000004030	KMT2669	1395	19	29	25	67	28	10	41	12	32	15	20	72	13	17	2	45
ENSG00000004031	SPTB473	2057	31	28	34	17	35	6	30	55	33	39	32	26	11	6	68	62
ENSG00000004032	VPS634	4551	46	46	27	50	34	30	66	73	154	67	45	57	113	16	46	31
ENSG00000004033	PRKC770	1674	6	43	12	6	54	20	21	34	23	29	14	15	38	25	8	25
ENSG00000004034	MRPL569	859	38	130	23	45	35	73	23	15	62	47	67	88	52	17	92	53
ENSG00000004035	DUSP853	2506	15	58	73	13	29	37	93	31	28	74	43	52	30	19	45	78
ENSG00000004036	EZH481	679	19	22	71	17	18	36	16	29	29	12	21	52	20	30	69	22
ENSG00000004037	DHX292	3064	86	118	42	121	141	142	112	118	114	63	65	128	54	105	113	240
ENSG00000004038	ACTN727	2026	142	122	124	80	97	21	70	43	137	81	226	165	81	107	134	22
ENSG00000004039	SNX78	918	1	2	22	15	7	9	9	20	8	10	10	0	2	0	10	14
ENSG00000004040	TCF7L2	4252	33	41	99	70	33	57	98	136	40	10	135	31	61	25	71	27
ENSG00000004041	UBE2828	3072	0	1	0	0	1	0	0	0	2	1	0	4	6	1	0	1
ENSG00000004042	TET136	1030	5	0	2	1	1	0	0	4	0	5	2	1	0	2	3	0
ENSG00000004043	SNX27	982	0	2	3	4	5	1	1	0	3	2	2	3	1	1	5	5
ENSG00000004044	SNX873	577	54	54	57	44	31	139	258	63	88	38	70	57	159	92	85	87
ENSG00000004045	TUBB88	1811	768	349	463	328	268	394	330	413	798	141	359	380	520	344	366	439
ENSG00000004046	PPP1R784	1754	43	15	26	31	5	33	31	20	39	23	19	4	20	5	6	8
ENSG00000004047	DRD268	2486	4	1	4	3	5	16	2	4	7	1	0	3	2	0	16	0
ENSG00000004048	HTR630	2450	26	12	24	29	25	161	46	30	35	24	49	14	176	55	231	64
ENSG00000004049	MRPL50	1490	2	1	1	1	0	0	0	0	0	1	0	1	1	1	0	0
ENSG00000004050	DDX416	1780	6	21	49	9	39	20	35	9	31	26	9	16	32	13	21	27
ENSG00000004051	SUZ132	789	17	10	16	14	5	1	10	26	17	14	18	14	13	7	11	18
ENSG00000004052	TMEM229	1298	0	12	17	9	16	8	7	12	16	9	2	4	14	5	36	28
ENSG00000004053	SNX605	1596	207	127	100	125	17	34	30	47	162	51	155	155	27	28	20	27
ENSG00000004054	EIF509	1338	13	13	7	14	2	3	27	8	6	3	12	4	2	49	21	13
ENSG00000004055	ZNF758	2278	31	16	8	9	12	32	18	15	34	16	16	4	12	2	1	39
ENSG00000004056	SMARC514	1029	7	3	5	0	2	6	2	5	5	14	3	17	1	1	5	9
ENSG00000004057	H2AF498	1850	59	62	27	12	32	17	19	1	46	39	149	35	23	13	25	29
ENSG00000004058	DYNC307	1868	292	397	238	610	251	290	394	125	585	336	301	197	216	134	237	379
ENSG00000004059	VPS409	3374	5	6	1	1	0	0	0	0	6	0	0	3	0	0	0	0
ENSG00000004060	MMP9	2761	247	605	916	409	236	115	208	92	3595	6100	2182	2561	1300	1116	539	1401
ENSG00000004061	DRD301	1794	189	387	532	330	662	677	608	648	594	461	238	464	452	348	451	583
ENSG00000004062	ID2	4015	67	60	101	75	236	218	147	102	30	23	22	18	35	79	49	65
ENSG00000004063	EZH589	3621	44	27	20	27	40	21	130	102	36	30	30	110	9	47	28	47
ENSG00000004064	EZH173	2349	89	38	220	222	6	80	100	94	194	229	199	118	110	89	146	131
ENSG00000004065	DNMT415	4504	12	8	2	4	12	6	7	13	6	0	3	2	16	10	4	1
ENSG00000004066	HIST1H291	1601	150	83	256	94	147	120	52	71	174	80	44	190	224	104	165	159
ENSG00000004067	SPTB713	1965	68	29	43	47	9	30	8	18	15	51	54	60	24	24	28	52
ENSG00000004068	SKP896	3067	1	13	6	9	6	7	6	5	6	3	4	5	33	2	2	3
ENSG00000004069	ACTN637	1652	332	521	545	258	369	233	383	164	640	177	450	246	333	186	250	343
ENSG00000004070	ADRB334	1297	93	216	309	347	329	341	552	341	224	241	221	269	262	349	106	246
ENSG00000004071	RNF567	1403	111	55	170	126	34	18	39	35	111	64	109	130	54	34	49	21
ENSG00000004072	DNMT373	2594	2	3	2	4	0	0	1	0	1	0	4	0	2	2	0	1
ENSG00000004073	RAB238	6037	0	0	0	0	0	1	1	0	0	0	1	0	4	0	0	0
ENSG00000004074	ARF635	2746	410	329	255	370	727	949	803	613	548	491	345	521	920	899	1514	573
ENSG00000004075	DRD178	3782	2968	1887	2753	2154	1957	1547	2237	1192	2901	1632	2440	2662	2389	1371	2420	2103
ENSG00000004076	OR211	1964	364	250	167	238	373	442	658	252	395	159	183	132	378	282	448	400
ENSG00000004077	RPL322	1231	5	15	13	13	0	0	16	17	7	12	0	5	2	6	1	5
ENSG00000004078	MMP292	3237	22	25	21	8	30	40	62	60	32	21	12	20	22	23	14	24
ENSG00000004079	OR123	1769	352	133	305	115	126	193	124	174	183	113	250	252	66	229	321	177
ENSG00000004080	DDX814	1851	103	159	105	108	138	94	69	106	60	90	140	58	102	54	114	41
ENSG00000004081	DUSP824	1487	1	4	6	1	1	1	0	0	1	0	4	0	1	0	0	3
ENSG00000004082	HDAC213	847	159	197	201	142	118	123	197	190	104	138	163	124	115	172	106	264
ENSG00000004083	PRKC13	2089	30	35	67	58	341	115	411	142	170	119	116	135	246	109	102	207
ENSG00000004084	TIMM560	620	234	289	336	150	87	88	78	94	463	258	147	177	112	117	98	233
ENSG00000004085	OR897	1740	18	15	2	5	1	5	11	2	17	18	22	6	18	8	4	5
ENSG00000004086	KRT261	3693	0	8	1	2	6	5	1	1	2	0	3	10	7	2	3	1
ENSG00000004087	RAB135	2520	239	136	221	198	208	97	141	148	79	106	101	147	71	141	442	187
ENSG00000004088	PRKC610	807	2	7	3	0	3	0	0	0	0	2	2	3	0	3	0	0
ENSG00000004089	PRKC884	2422	48	155	164	68	70	64	60	49	108	200	51	153	47	68	71	65
ENSG00000004090	CDK4	3450	30	2	4	6	9	5	12	10	26	4	5	25	3	10	5	8
ENSG00000004091	RPL59	1314	60	161	54	67	71	73	122	35	203	115	87	264	90	122	100	49
ENSG00000004092	ZNF387	2625	0	2	10	0	11	4	2	3	0	6	7	5	8	3	3	4
ENSG00000004093	GNA174	1826	153	104	76	55	156	168	148	180	41	113	109	93	94	64	120	51
ENSG00000004094	SKP187	642	8	8	21	8	3	6	14	7	2	15	3	32	9	4	27	6
ENSG00000004095	ATAD83	2808	63	40	30	6	195	83	136	322	42	43	77	64	117	165	358	115
ENSG00000004096	KCN899	1713	67	15	53	12	10	9	11	8	21	98	32	27	0	4	4	5
ENSG00000004097	FBXO865	1663	112	271	228	122	97	111	191	186	414	145	109	208	212	86	108	294
ENSG00000004098	ANAPC364	1138	5	1	6	8	0	0	4	0	2	2	2	2	0	1	2	4
ENSG00000004099	TMEM868	1028	854	861	1375	691	2137	3370	2331	2871	923	628	396	846	1357	2439	2215	4277
ENSG00000004100	TLN200	3914	23	7	30	58	48	35	81	29	46	43	33	39	13	41	43	47
ENSG00000004101	KCN294	3111	14	1	8	14	27	8	2	52	21	28	17	11	35	21	26	12
ENSG00000004102	TOMM47	4437	9	36	26	9	3	1	20	0	17	6	9	25	6	5	20	41
ENSG00000004103	HTR278	1725	3	0	0	2	1	1	0	0	0	0	0	0	0	1	5	0
ENSG00000004104	RAB206	4885	14	82	79	72	95	32	71	103	53	46	36	33	92	105	240	121
ENSG00000004105	MAPK404	1224	49	39	107	73	13	15	9	10	15	95	82	32	17	22	13	21
ENSG00000004106	MYO766	2577	17	8	19	16	25	6	43	1	49	16	27	50	15	35	21	43
ENSG00000004107	RPS222	1322	37	72	80	13	37	27	36	23	16	32	27	37	50	79	34	80
ENSG00000004108	BIRC5	5662	38	26	17	4	43	92	34	48	237	62	88	21	432	194	345	292
ENSG00000004109	GNA241	1574	38	91	70	26	13	16	43	4	36	48	13	31	16	30	12	44
ENSG00000004110	MMP163	1100	21	9	24	32	35	46	69	32	35	14	19	47	16	21	39	1
ENSG00000004111	OR505	1432	125	44	60	131	116	84	22	56	84	65	100	92	97	51	32	88
ENSG00000004112	GRIN381	2884	609	166	258	152	285	276	527	277	475	255	403	408	217	291	244	356
ENSG00000004113	ABC147	4347	9	42	15	38	5	11	27	16	50	6	5	36	9	3	12	23
ENSG00000004114	ABC71	2112	0	1	0	0	0	0	0	0	0	0	0	0	0	0	0	1
ENSG00000004115	SKP876	2563	115	150	312	143	45	185	111	118	272	109	212	198	121	30	115	199
ENSG00000004116	ADRB452	1192	0	10	0	4	5	10	6	3	1	1	7	7	1	1	9	6
ENSG00000004117	OR791	1520	294	386	431	331	449	123	458	255	273	119	183	413	212	314	205	336
ENSG00000004118	ANAPC821	2128	43	9	110	25	22	31	7	28	63	23	20	25	10	15	20	18
ENSG00000004119	GABR69	1019	15	6	15	9	7	17	18	17	13	7	6	4	2	6	2	5
ENSG00000004120	DDX99	2414	793	448	964	1301	701	447	1150	941	1172	563	545	856	822	554	646	823
ENSG00000004121	RAB811	5519	65	209	75	152	130	129	84	172	96	230	145	81	179	105	111	200
ENSG00000004122	TOMM360	2675	2	8	15	18	4	2	2	8	0	0	8	0	13	11	0	8
ENSG00000004123	SCN367	2910	271	439	467	153	313	450	320	421	413	780	362	200	360	407	377	530
ENSG00000004124	HTR188	1586	50	24	58	51	167	94	73	66	105	54	31	31	41	199	153	183
ENSG00000004125	ANK181	806	24	19	10	0	6	10	6	2	8	4	20	2	6	0	1	7
ENSG00000004126	STAT5A	1566	30	33	75	33	10	12	19	9	516	204	281	209	155	101	131	235
ENSG00000004127	H2AF715	4993	38	22	188	36	20	48	19	18	60	62	46	14	34	14	24	17
ENSG00000004128	CDC760	886	829	597	428	389	268	383	557	328	944	534	246	644	703	396	352	353
ENSG00000004129	ARF326	998	24	25	21	8	4	9	3	2	14	5	3	29	3	4	3	4
ENSG00000004130	ANK604	1539	19	67	30	53	17	9	28	26	70	81	91	85	14	22	19	63
ENSG00000004131	SPTB487	1440	5	10	13	2	4	5	13	2	1	4	11	12	0	3	2	11
ENSG00000004132	PXN361	1993	26	80	72	35	79	227	72	22	30	191	199	264	221	290	205	84
ENSG00000004133	CHRM768	4445	203	119	230	96	19	11	23	14	157	141	86	66	28	15	17	21
ENSG00000004134	SNX720	5632	3	17	9	2	6	1	0	3	6	0	7	13	2	0	5	3
ENSG00000004135	MMP811	3432	9	2	3	6	1	1	20	1	2	7	6	3	13	5	4	8
ENSG00000004136	RHO495	1005	42	37	21	8	28	10	16	19	38	53	36	78	9	5	24	11
ENSG00000004137	KRT138	1836	7	9	19	6	4	2	1	3	0	1	4	4	6	22	9	13
ENSG00000004138	SCN159	3126	30	19	10	23	47	15	7	27	77	19	13	16	5	1	10	52
ENSG00000004139	DRD691	2885	6	12	4	26	22	17	8	7	22	3	3	15	39	14	9	4
ENSG00000004140	TMEM372	2733	5	3	23	9	2	35	6	0	12	19	5	17	5	18	22	18
ENSG00000004141	TIMM246	945	327	541	449	827	199	334	461	512	546	329	297	270	407	244	386	421
ENSG00000004142	GNA509	2522	0	0	4	8	7	7	9	5	2	0	0	6	18	7	6	0
ENSG00000004143	SIRT106	1555	31	7	2	8	22	4	36	26	30	16	31	16	18	11	21	31
ENSG00000004144	SUZ370	2266	667	457	936	557	354	892	544	620	888	1029	779	933	928	286	594	738
ENSG00000004145	CHRM335	755	0	0	4	3	1	10	7	17	15	0	1	4	1	5	4	13
ENSG00000004146	SMARC254	1982	9	12	16	7	8	1	2	6	27	1	17	4	4	3	1	1
ENSG00000004147	RPS35	1059	0	9	33	24	14	9	15	6	20	13	5	39	6	0	2	0
ENSG00000004148	SNX292	1819	44	132	148	131	99	13	62	85	112	107	99	92	75	115	87	138
ENSG00000004149	SCN529	2561	17	9	4	4	11	0	3	0	3	10	0	5	1	1	5	0
ENSG00000004150	RPS880	3567	2	0	4	5	0	7	3	0	4	0	9	0	1	1	0	1
ENSG00000004151	TRIM154	2320	57	5	47	25	288	92	79	201	40	28	29	48	225	41	75	28
ENSG00000004152	MRPL443	1671	0	1	0	0	0	0	4	0	0	0	1	0	3	1	1	1
ENSG00000004153	GRIN9	1463	897	942	979	1060	133	292	292	255	221	327	399	239	142	80	235	152
ENSG00000004154	CCNB633	1328	55	24	24	8	4	27	12	8	15	22	61	4	18	9	34	13
ENSG00000004155	DNMT198	2650	25	5	28	51	7	5	1	1	6	3	10	20	0	15	21	1
ENSG00000004156	TRIM839	2883	4	6	16	1	0	1	0	1	3	6	0	6	6	0	0	0
ENSG00000004157	ANAPC735	2662	3	4	0	3	5	2	13	0	4	3	8	7	3	5	1	2
ENSG00000004158	PPP2R781	2405	19	32	105	40	27	45	46	30	41	34	22	125	32	54	56	47
ENSG00000004159	GABR865	4046	0	2	1	6	0	5	0	7	7	5	3	8	3	1	0	0
ENSG00000004160	RNF366	2629	97	115	163	114	161	81	105	58	194	80	93	148	51	57	67	54
ENSG00000004161	TMEM367	4692	11	31	20	23	6	3	12	22	4	3	16	18	3	11	12	5
ENSG00000004162	RNF322	835	45	13	24	38	16	4	6	6	57	22	10	12	5	12	14	9
ENSG00000004163	SCN376	2980	268	443	373	312	298	85	337	171	261	210	302	321	94	155	115	287
ENSG00000004164	ZNF642	4910	65	53	64	45	21	127	159	38	92	49	12	61	28	46	24	33
ENSG00000004165	DRD153	3526	9	8	41	43	18	37	40	31	117	9	22	91	22	36	16	19
ENSG00000004166	RPS646	2458	537	376	348	380	195	403	481	232	263	402	164	202	334	361	243	186
ENSG00000004167	TXN	2340	141	104	83	129	264	164	274	254	285	152	137	122	189	101	148	123
ENSG00000004168	DHX642	1986	291	138	137	105	291	141	144	211	151	155	154	190	618	245	397	193
ENSG00000004169	MMP658	2330	120	164	140	79	73	305	166	88	157	68	70	72	193	117	79	58
ENSG00000004170	ADRB206	1378	10	12	6	5	16	7	5	17	21	6	9	27	4	2	26	13
ENSG00000004171	HDAC220	2089	583	371	499	774	967	390	933	692	547	618	434	581	265	531	743	996
ENSG00000004172	MYO440	1850	10	25	6	7	9	1	22	1	3	0	18	12	8	19	7	24
ENSG00000004173	SEC112	2817	4	0	2	1	0	0	0	1	0	0	1	6	0	1	0	1
ENSG00000004174	RNF42	1199	62	15	43	64	52	47	24	19	13	25	37	78	26	64	32	29
ENSG00000004175	TOMM262	1300	20	29	54	17	12	26	61	25	72	84	80	41	11	8	38	54
ENSG00000004176	CCNB230	703	27	22	13	11	41	16	58	12	41	23	29	29	6	9	51	14
ENSG00000004177	HIST1H576	1145	91	137	292	82	129	107	53	140	124	119	84	106	143	138	157	121
ENSG00000004178	OR255	1931	1	1	1	2	5	1	0	2	2	7	1	0	0	3	1	5
ENSG00000004179	MAPK508	2182	41	22	96	19	22	11	38	30	45	30	44	45	55	35	18	57
ENSG00000004180	HTR255	1421	4	6	24	5	2	61	64	28	20	2	3	14	46	24	22	38
ENSG00000004181	PPP1R33	5115	14	21	14	24	5	12	3	26	44	39	2	4	24	18	45	14
ENSG00000004182	ANK768	2042	70	64	31	66	53	59	81	33	39	51	45	89	54	15	107	29
ENSG00000004183	MMP51	1055	364	228	149	144	217	158	187	160	173	213	133	103	198	161	146	313
ENSG00000004184	VPS95	1812	85	142	196	141	58	99	53	90	147	141	51	269	49	75	115	51
ENSG00000004185	RHO576	1485	2	7	9	0	13	1	3	3	1	1	0	3	8	1	0	6
ENSG00000004186	TRIM287	2291	1452	2059	1894	872	1200	1269	1725	1085	1733	566	1090	1778	993	1790	1666	709
ENSG00000004187	PPP2R242	1186	8	25	58	7	37	18	18	23	10	50	15	16	8	16	18	56
ENSG00000004188	TET887	2702	35	8	69	100	45	24	19	8	54	41	8	41	11	13	9	13
ENSG00000004189	RHO634	4012	282	249	663	151	150	365	182	177	258	198	130	243	433	109	184	407
ENSG00000004190	TIMM639	4127	81	166	81	186	72	203	47	72	154	89	156	314	69	167	87	155
ENSG00000004191	ARID747	1435	5	0	3	3	2	6	7	6	0	6	0	2	4	3	2	0
ENSG00000004192	DHX165	1412	189	222	445	268	72	177	102	147	81	287	204	163	89	128	66	241
ENSG00000004193	MYO331	487	465	443	505	385	386	486	719	344	406	552	374	319	502	445	581	831
ENSG00000004194	GABR308	967	30	5	54	31	13	36	28	2	31	51	36	49	57	28	10	35
ENSG00000004195	KRT652	877	295	380	132	380	286	184	296	188	216	357	143	277	206	136	85	199
ENSG00000004196	TRIM752	1813	28	4	4	17	0	19	17	11	11	8	11	7	2	0	3	8
ENSG00000004197	H2AF710	3512	115	152	244	63	120	211	131	133	192	221	109	290	151	133	114	225
ENSG00000004198	EIF824	718	24	3	18	4	14	4	2	1	24	17	6	23	19	0	7	3
ENSG00000004199	SUZ873	2747	6	16	14	16	8	20	5	24	34	35	16	3	18	11	1	7
ENSG00000004200	TMEM681	1520	23	9	17	7	33	53	53	17	30	25	32	17	4	6	30	25
